ARM GAS  C:\Users\fastr\AppData\Local\Temp\cclspFYb.s 			page 1


   1              		.cpu cortex-m0
   2              		.arch armv6s-m
   3              		.fpu softvfp
   4              		.eabi_attribute 20, 1
   5              		.eabi_attribute 21, 1
   6              		.eabi_attribute 23, 3
   7              		.eabi_attribute 24, 1
   8              		.eabi_attribute 25, 1
   9              		.eabi_attribute 26, 1
  10              		.eabi_attribute 30, 1
  11              		.eabi_attribute 34, 0
  12              		.eabi_attribute 18, 4
  13              		.file	"stm32f0xx_hal_tim_ex.c"
  14              		.text
  15              		.section	.text.TIM_CCxNChannelCmd,"ax",%progbits
  16              		.align	1
  17              		.syntax unified
  18              		.code	16
  19              		.thumb_func
  21              	TIM_CCxNChannelCmd:
  22              		@ args = 0, pretend = 0, frame = 0
  23              		@ frame_needed = 0, uses_anonymous_args = 0
  24 0000 10B5     		push	{r4, lr}
  25 0002 0F23     		movs	r3, #15
  26 0004 1940     		ands	r1, r3
  27 0006 0B3B     		subs	r3, r3, #11
  28 0008 8B40     		lsls	r3, r3, r1
  29 000a 9C46     		mov	ip, r3
  30 000c 036A     		ldr	r3, [r0, #32]
  31 000e 6446     		mov	r4, ip
  32 0010 A343     		bics	r3, r4
  33 0012 0362     		str	r3, [r0, #32]
  34 0014 036A     		ldr	r3, [r0, #32]
  35 0016 8A40     		lsls	r2, r2, r1
  36 0018 1343     		orrs	r3, r2
  37 001a 0362     		str	r3, [r0, #32]
  38              		@ sp needed
  39 001c 10BD     		pop	{r4, pc}
  41              		.section	.text.TIM_DMAErrorCCxN,"ax",%progbits
  42              		.align	1
  43              		.syntax unified
  44              		.code	16
  45              		.thumb_func
  47              	TIM_DMAErrorCCxN:
  48              		@ args = 0, pretend = 0, frame = 0
  49              		@ frame_needed = 0, uses_anonymous_args = 0
  50 0000 10B5     		push	{r4, lr}
  51 0002 446A     		ldr	r4, [r0, #36]
  52 0004 636A     		ldr	r3, [r4, #36]
  53 0006 8342     		cmp	r3, r0
  54 0008 0BD0     		beq	.L6
  55 000a A36A     		ldr	r3, [r4, #40]
  56 000c 8342     		cmp	r3, r0
  57 000e 0DD0     		beq	.L7
  58 0010 E36A     		ldr	r3, [r4, #44]
  59 0012 8342     		cmp	r3, r0
  60 0014 10D0     		beq	.L8
ARM GAS  C:\Users\fastr\AppData\Local\Temp\cclspFYb.s 			page 2


  61              	.L4:
  62 0016 2000     		movs	r0, r4
  63 0018 FFF7FEFF 		bl	HAL_TIM_ErrorCallback
  64 001c 0023     		movs	r3, #0
  65 001e 2377     		strb	r3, [r4, #28]
  66              		@ sp needed
  67 0020 10BD     		pop	{r4, pc}
  68              	.L6:
  69 0022 0123     		movs	r3, #1
  70 0024 2377     		strb	r3, [r4, #28]
  71 0026 4222     		movs	r2, #66
  72 0028 A354     		strb	r3, [r4, r2]
  73 002a F4E7     		b	.L4
  74              	.L7:
  75 002c 0223     		movs	r3, #2
  76 002e 2377     		strb	r3, [r4, #28]
  77 0030 4133     		adds	r3, r3, #65
  78 0032 0122     		movs	r2, #1
  79 0034 E254     		strb	r2, [r4, r3]
  80 0036 EEE7     		b	.L4
  81              	.L8:
  82 0038 0423     		movs	r3, #4
  83 003a 2377     		strb	r3, [r4, #28]
  84 003c 4033     		adds	r3, r3, #64
  85 003e 0122     		movs	r2, #1
  86 0040 E254     		strb	r2, [r4, r3]
  87 0042 E8E7     		b	.L4
  89              		.section	.text.TIM_DMADelayPulseNCplt,"ax",%progbits
  90              		.align	1
  91              		.syntax unified
  92              		.code	16
  93              		.thumb_func
  95              	TIM_DMADelayPulseNCplt:
  96              		@ args = 0, pretend = 0, frame = 0
  97              		@ frame_needed = 0, uses_anonymous_args = 0
  98 0000 10B5     		push	{r4, lr}
  99 0002 446A     		ldr	r4, [r0, #36]
 100 0004 636A     		ldr	r3, [r4, #36]
 101 0006 8342     		cmp	r3, r0
 102 0008 0BD0     		beq	.L13
 103 000a A36A     		ldr	r3, [r4, #40]
 104 000c 8342     		cmp	r3, r0
 105 000e 11D0     		beq	.L14
 106 0010 E36A     		ldr	r3, [r4, #44]
 107 0012 8342     		cmp	r3, r0
 108 0014 17D0     		beq	.L15
 109              	.L11:
 110 0016 2000     		movs	r0, r4
 111 0018 FFF7FEFF 		bl	HAL_TIM_PWM_PulseFinishedCallback
 112 001c 0023     		movs	r3, #0
 113 001e 2377     		strb	r3, [r4, #28]
 114              		@ sp needed
 115 0020 10BD     		pop	{r4, pc}
 116              	.L13:
 117 0022 0123     		movs	r3, #1
 118 0024 2377     		strb	r3, [r4, #28]
 119 0026 8369     		ldr	r3, [r0, #24]
ARM GAS  C:\Users\fastr\AppData\Local\Temp\cclspFYb.s 			page 3


 120 0028 002B     		cmp	r3, #0
 121 002a F4D1     		bne	.L11
 122 002c 4233     		adds	r3, r3, #66
 123 002e 0122     		movs	r2, #1
 124 0030 E254     		strb	r2, [r4, r3]
 125 0032 F0E7     		b	.L11
 126              	.L14:
 127 0034 0223     		movs	r3, #2
 128 0036 2377     		strb	r3, [r4, #28]
 129 0038 8369     		ldr	r3, [r0, #24]
 130 003a 002B     		cmp	r3, #0
 131 003c EBD1     		bne	.L11
 132 003e 4333     		adds	r3, r3, #67
 133 0040 0122     		movs	r2, #1
 134 0042 E254     		strb	r2, [r4, r3]
 135 0044 E7E7     		b	.L11
 136              	.L15:
 137 0046 0423     		movs	r3, #4
 138 0048 2377     		strb	r3, [r4, #28]
 139 004a 8369     		ldr	r3, [r0, #24]
 140 004c 002B     		cmp	r3, #0
 141 004e E2D1     		bne	.L11
 142 0050 4433     		adds	r3, r3, #68
 143 0052 0122     		movs	r2, #1
 144 0054 E254     		strb	r2, [r4, r3]
 145 0056 DEE7     		b	.L11
 147              		.section	.text.HAL_TIMEx_HallSensor_MspInit,"ax",%progbits
 148              		.align	1
 149              		.weak	HAL_TIMEx_HallSensor_MspInit
 150              		.syntax unified
 151              		.code	16
 152              		.thumb_func
 154              	HAL_TIMEx_HallSensor_MspInit:
 155              		@ args = 0, pretend = 0, frame = 0
 156              		@ frame_needed = 0, uses_anonymous_args = 0
 157              		@ link register save eliminated.
 158              		@ sp needed
 159 0000 7047     		bx	lr
 161              		.section	.text.HAL_TIMEx_HallSensor_Init,"ax",%progbits
 162              		.align	1
 163              		.global	HAL_TIMEx_HallSensor_Init
 164              		.syntax unified
 165              		.code	16
 166              		.thumb_func
 168              	HAL_TIMEx_HallSensor_Init:
 169              		@ args = 0, pretend = 0, frame = 32
 170              		@ frame_needed = 0, uses_anonymous_args = 0
 171 0000 F0B5     		push	{r4, r5, r6, r7, lr}
 172 0002 89B0     		sub	sp, sp, #36
 173 0004 0400     		movs	r4, r0
 174 0006 0D00     		movs	r5, r1
 175 0008 0028     		cmp	r0, #0
 176 000a 5ED0     		beq	.L20
 177 000c 3D23     		movs	r3, #61
 178 000e C35C     		ldrb	r3, [r0, r3]
 179 0010 002B     		cmp	r3, #0
 180 0012 54D0     		beq	.L21
ARM GAS  C:\Users\fastr\AppData\Local\Temp\cclspFYb.s 			page 4


 181              	.L19:
 182 0014 3D26     		movs	r6, #61
 183 0016 0223     		movs	r3, #2
 184 0018 A355     		strb	r3, [r4, r6]
 185 001a 2100     		movs	r1, r4
 186 001c 01C9     		ldmia	r1!, {r0}
 187 001e FFF7FEFF 		bl	TIM_Base_SetConfig
 188 0022 2968     		ldr	r1, [r5]
 189 0024 AB68     		ldr	r3, [r5, #8]
 190 0026 2068     		ldr	r0, [r4]
 191 0028 0322     		movs	r2, #3
 192 002a FFF7FEFF 		bl	TIM_TI1_SetConfig
 193 002e 2268     		ldr	r2, [r4]
 194 0030 9369     		ldr	r3, [r2, #24]
 195 0032 0C21     		movs	r1, #12
 196 0034 8B43     		bics	r3, r1
 197 0036 9361     		str	r3, [r2, #24]
 198 0038 2268     		ldr	r2, [r4]
 199 003a 9369     		ldr	r3, [r2, #24]
 200 003c 6968     		ldr	r1, [r5, #4]
 201 003e 0B43     		orrs	r3, r1
 202 0040 9361     		str	r3, [r2, #24]
 203 0042 2268     		ldr	r2, [r4]
 204 0044 5368     		ldr	r3, [r2, #4]
 205 0046 8021     		movs	r1, #128
 206 0048 0B43     		orrs	r3, r1
 207 004a 5360     		str	r3, [r2, #4]
 208 004c 2268     		ldr	r2, [r4]
 209 004e 9368     		ldr	r3, [r2, #8]
 210 0050 7027     		movs	r7, #112
 211 0052 BB43     		bics	r3, r7
 212 0054 9360     		str	r3, [r2, #8]
 213 0056 2268     		ldr	r2, [r4]
 214 0058 9368     		ldr	r3, [r2, #8]
 215 005a 4039     		subs	r1, r1, #64
 216 005c 0B43     		orrs	r3, r1
 217 005e 9360     		str	r3, [r2, #8]
 218 0060 2268     		ldr	r2, [r4]
 219 0062 9368     		ldr	r3, [r2, #8]
 220 0064 3939     		subs	r1, r1, #57
 221 0066 8B43     		bics	r3, r1
 222 0068 9360     		str	r3, [r2, #8]
 223 006a 2268     		ldr	r2, [r4]
 224 006c 9368     		ldr	r3, [r2, #8]
 225 006e 0339     		subs	r1, r1, #3
 226 0070 0B43     		orrs	r3, r1
 227 0072 9360     		str	r3, [r2, #8]
 228 0074 01A9     		add	r1, sp, #4
 229 0076 0023     		movs	r3, #0
 230 0078 0B61     		str	r3, [r1, #16]
 231 007a 4B61     		str	r3, [r1, #20]
 232 007c 0197     		str	r7, [sp, #4]
 233 007e 8B61     		str	r3, [r1, #24]
 234 0080 CB60     		str	r3, [r1, #12]
 235 0082 8B60     		str	r3, [r1, #8]
 236 0084 EB68     		ldr	r3, [r5, #12]
 237 0086 4B60     		str	r3, [r1, #4]
ARM GAS  C:\Users\fastr\AppData\Local\Temp\cclspFYb.s 			page 5


 238 0088 2068     		ldr	r0, [r4]
 239 008a FFF7FEFF 		bl	TIM_OC2_SetConfig
 240 008e 2268     		ldr	r2, [r4]
 241 0090 5368     		ldr	r3, [r2, #4]
 242 0092 BB43     		bics	r3, r7
 243 0094 5360     		str	r3, [r2, #4]
 244 0096 2268     		ldr	r2, [r4]
 245 0098 5368     		ldr	r3, [r2, #4]
 246 009a 5021     		movs	r1, #80
 247 009c 0B43     		orrs	r3, r1
 248 009e 5360     		str	r3, [r2, #4]
 249 00a0 0123     		movs	r3, #1
 250 00a2 4622     		movs	r2, #70
 251 00a4 A354     		strb	r3, [r4, r2]
 252 00a6 083A     		subs	r2, r2, #8
 253 00a8 A354     		strb	r3, [r4, r2]
 254 00aa 0132     		adds	r2, r2, #1
 255 00ac A354     		strb	r3, [r4, r2]
 256 00ae 0332     		adds	r2, r2, #3
 257 00b0 A354     		strb	r3, [r4, r2]
 258 00b2 0132     		adds	r2, r2, #1
 259 00b4 A354     		strb	r3, [r4, r2]
 260 00b6 A355     		strb	r3, [r4, r6]
 261 00b8 0020     		movs	r0, #0
 262              	.L18:
 263 00ba 09B0     		add	sp, sp, #36
 264              		@ sp needed
 265 00bc F0BD     		pop	{r4, r5, r6, r7, pc}
 266              	.L21:
 267 00be 3C33     		adds	r3, r3, #60
 268 00c0 0022     		movs	r2, #0
 269 00c2 C254     		strb	r2, [r0, r3]
 270 00c4 FFF7FEFF 		bl	HAL_TIMEx_HallSensor_MspInit
 271 00c8 A4E7     		b	.L19
 272              	.L20:
 273 00ca 0120     		movs	r0, #1
 274 00cc F5E7     		b	.L18
 276              		.section	.text.HAL_TIMEx_HallSensor_MspDeInit,"ax",%progbits
 277              		.align	1
 278              		.weak	HAL_TIMEx_HallSensor_MspDeInit
 279              		.syntax unified
 280              		.code	16
 281              		.thumb_func
 283              	HAL_TIMEx_HallSensor_MspDeInit:
 284              		@ args = 0, pretend = 0, frame = 0
 285              		@ frame_needed = 0, uses_anonymous_args = 0
 286              		@ link register save eliminated.
 287              		@ sp needed
 288 0000 7047     		bx	lr
 290              		.section	.text.HAL_TIMEx_HallSensor_DeInit,"ax",%progbits
 291              		.align	1
 292              		.global	HAL_TIMEx_HallSensor_DeInit
 293              		.syntax unified
 294              		.code	16
 295              		.thumb_func
 297              	HAL_TIMEx_HallSensor_DeInit:
 298              		@ args = 0, pretend = 0, frame = 0
ARM GAS  C:\Users\fastr\AppData\Local\Temp\cclspFYb.s 			page 6


 299              		@ frame_needed = 0, uses_anonymous_args = 0
 300 0000 10B5     		push	{r4, lr}
 301 0002 0400     		movs	r4, r0
 302 0004 3D23     		movs	r3, #61
 303 0006 0222     		movs	r2, #2
 304 0008 C254     		strb	r2, [r0, r3]
 305 000a 0368     		ldr	r3, [r0]
 306 000c 196A     		ldr	r1, [r3, #32]
 307 000e 0F4A     		ldr	r2, .L25
 308 0010 1142     		tst	r1, r2
 309 0012 07D1     		bne	.L24
 310 0014 196A     		ldr	r1, [r3, #32]
 311 0016 0E4A     		ldr	r2, .L25+4
 312 0018 1142     		tst	r1, r2
 313 001a 03D1     		bne	.L24
 314 001c 1A68     		ldr	r2, [r3]
 315 001e 0121     		movs	r1, #1
 316 0020 8A43     		bics	r2, r1
 317 0022 1A60     		str	r2, [r3]
 318              	.L24:
 319 0024 2000     		movs	r0, r4
 320 0026 FFF7FEFF 		bl	HAL_TIMEx_HallSensor_MspDeInit
 321 002a 0023     		movs	r3, #0
 322 002c 4622     		movs	r2, #70
 323 002e A354     		strb	r3, [r4, r2]
 324 0030 083A     		subs	r2, r2, #8
 325 0032 A354     		strb	r3, [r4, r2]
 326 0034 0132     		adds	r2, r2, #1
 327 0036 A354     		strb	r3, [r4, r2]
 328 0038 0332     		adds	r2, r2, #3
 329 003a A354     		strb	r3, [r4, r2]
 330 003c 0132     		adds	r2, r2, #1
 331 003e A354     		strb	r3, [r4, r2]
 332 0040 063A     		subs	r2, r2, #6
 333 0042 A354     		strb	r3, [r4, r2]
 334 0044 013A     		subs	r2, r2, #1
 335 0046 A354     		strb	r3, [r4, r2]
 336 0048 0020     		movs	r0, #0
 337              		@ sp needed
 338 004a 10BD     		pop	{r4, pc}
 339              	.L26:
 340              		.align	2
 341              	.L25:
 342 004c 11110000 		.word	4369
 343 0050 44040000 		.word	1092
 345              		.section	.text.HAL_TIMEx_HallSensor_Start,"ax",%progbits
 346              		.align	1
 347              		.global	HAL_TIMEx_HallSensor_Start
 348              		.syntax unified
 349              		.code	16
 350              		.thumb_func
 352              	HAL_TIMEx_HallSensor_Start:
 353              		@ args = 0, pretend = 0, frame = 0
 354              		@ frame_needed = 0, uses_anonymous_args = 0
 355 0000 10B5     		push	{r4, lr}
 356 0002 0400     		movs	r4, r0
 357 0004 3E23     		movs	r3, #62
ARM GAS  C:\Users\fastr\AppData\Local\Temp\cclspFYb.s 			page 7


 358 0006 C05C     		ldrb	r0, [r0, r3]
 359 0008 C3B2     		uxtb	r3, r0
 360 000a 9C46     		mov	ip, r3
 361 000c 3F23     		movs	r3, #63
 362 000e E35C     		ldrb	r3, [r4, r3]
 363 0010 DBB2     		uxtb	r3, r3
 364 0012 4222     		movs	r2, #66
 365 0014 A25C     		ldrb	r2, [r4, r2]
 366 0016 D2B2     		uxtb	r2, r2
 367 0018 4321     		movs	r1, #67
 368 001a 615C     		ldrb	r1, [r4, r1]
 369 001c C9B2     		uxtb	r1, r1
 370 001e 0128     		cmp	r0, #1
 371 0020 36D1     		bne	.L31
 372 0022 012B     		cmp	r3, #1
 373 0024 36D1     		bne	.L28
 374 0026 012A     		cmp	r2, #1
 375 0028 36D1     		bne	.L32
 376 002a 0129     		cmp	r1, #1
 377 002c 01D0     		beq	.L35
 378 002e 9446     		mov	ip, r2
 379 0030 30E0     		b	.L28
 380              	.L35:
 381 0032 0133     		adds	r3, r3, #1
 382 0034 3D32     		adds	r2, r2, #61
 383 0036 A354     		strb	r3, [r4, r2]
 384 0038 0132     		adds	r2, r2, #1
 385 003a A354     		strb	r3, [r4, r2]
 386 003c 0332     		adds	r2, r2, #3
 387 003e A354     		strb	r3, [r4, r2]
 388 0040 0132     		adds	r2, r2, #1
 389 0042 A354     		strb	r3, [r4, r2]
 390 0044 2068     		ldr	r0, [r4]
 391 0046 423A     		subs	r2, r2, #66
 392 0048 0021     		movs	r1, #0
 393 004a FFF7FEFF 		bl	TIM_CCxChannelCmd
 394 004e 2368     		ldr	r3, [r4]
 395 0050 144A     		ldr	r2, .L36
 396 0052 9342     		cmp	r3, r2
 397 0054 10D0     		beq	.L29
 398 0056 8022     		movs	r2, #128
 399 0058 D205     		lsls	r2, r2, #23
 400 005a 9342     		cmp	r3, r2
 401 005c 0CD0     		beq	.L29
 402 005e 124A     		ldr	r2, .L36+4
 403 0060 9342     		cmp	r3, r2
 404 0062 09D0     		beq	.L29
 405 0064 114A     		ldr	r2, .L36+8
 406 0066 9342     		cmp	r3, r2
 407 0068 06D0     		beq	.L29
 408 006a 1A68     		ldr	r2, [r3]
 409 006c 0121     		movs	r1, #1
 410 006e 0A43     		orrs	r2, r1
 411 0070 1A60     		str	r2, [r3]
 412 0072 0023     		movs	r3, #0
 413 0074 9C46     		mov	ip, r3
 414 0076 0DE0     		b	.L28
ARM GAS  C:\Users\fastr\AppData\Local\Temp\cclspFYb.s 			page 8


 415              	.L29:
 416 0078 9968     		ldr	r1, [r3, #8]
 417 007a 0722     		movs	r2, #7
 418 007c 0A40     		ands	r2, r1
 419 007e 062A     		cmp	r2, #6
 420 0080 0CD0     		beq	.L34
 421 0082 1A68     		ldr	r2, [r3]
 422 0084 0121     		movs	r1, #1
 423 0086 0A43     		orrs	r2, r1
 424 0088 1A60     		str	r2, [r3]
 425 008a 0023     		movs	r3, #0
 426 008c 9C46     		mov	ip, r3
 427 008e 01E0     		b	.L28
 428              	.L31:
 429 0090 0123     		movs	r3, #1
 430 0092 9C46     		mov	ip, r3
 431              	.L28:
 432 0094 6046     		mov	r0, ip
 433              		@ sp needed
 434 0096 10BD     		pop	{r4, pc}
 435              	.L32:
 436 0098 9C46     		mov	ip, r3
 437 009a FBE7     		b	.L28
 438              	.L34:
 439 009c 0023     		movs	r3, #0
 440 009e 9C46     		mov	ip, r3
 441 00a0 F8E7     		b	.L28
 442              	.L37:
 443 00a2 C046     		.align	2
 444              	.L36:
 445 00a4 002C0140 		.word	1073818624
 446 00a8 00040040 		.word	1073742848
 447 00ac 00400140 		.word	1073823744
 449              		.section	.text.HAL_TIMEx_HallSensor_Stop,"ax",%progbits
 450              		.align	1
 451              		.global	HAL_TIMEx_HallSensor_Stop
 452              		.syntax unified
 453              		.code	16
 454              		.thumb_func
 456              	HAL_TIMEx_HallSensor_Stop:
 457              		@ args = 0, pretend = 0, frame = 0
 458              		@ frame_needed = 0, uses_anonymous_args = 0
 459 0000 10B5     		push	{r4, lr}
 460 0002 0400     		movs	r4, r0
 461 0004 0068     		ldr	r0, [r0]
 462 0006 0022     		movs	r2, #0
 463 0008 0021     		movs	r1, #0
 464 000a FFF7FEFF 		bl	TIM_CCxChannelCmd
 465 000e 2368     		ldr	r3, [r4]
 466 0010 196A     		ldr	r1, [r3, #32]
 467 0012 0B4A     		ldr	r2, .L40
 468 0014 1142     		tst	r1, r2
 469 0016 07D1     		bne	.L39
 470 0018 196A     		ldr	r1, [r3, #32]
 471 001a 0A4A     		ldr	r2, .L40+4
 472 001c 1142     		tst	r1, r2
 473 001e 03D1     		bne	.L39
ARM GAS  C:\Users\fastr\AppData\Local\Temp\cclspFYb.s 			page 9


 474 0020 1A68     		ldr	r2, [r3]
 475 0022 0121     		movs	r1, #1
 476 0024 8A43     		bics	r2, r1
 477 0026 1A60     		str	r2, [r3]
 478              	.L39:
 479 0028 0123     		movs	r3, #1
 480 002a 3E22     		movs	r2, #62
 481 002c A354     		strb	r3, [r4, r2]
 482 002e 0132     		adds	r2, r2, #1
 483 0030 A354     		strb	r3, [r4, r2]
 484 0032 0332     		adds	r2, r2, #3
 485 0034 A354     		strb	r3, [r4, r2]
 486 0036 0132     		adds	r2, r2, #1
 487 0038 A354     		strb	r3, [r4, r2]
 488 003a 0020     		movs	r0, #0
 489              		@ sp needed
 490 003c 10BD     		pop	{r4, pc}
 491              	.L41:
 492 003e C046     		.align	2
 493              	.L40:
 494 0040 11110000 		.word	4369
 495 0044 44040000 		.word	1092
 497              		.section	.text.HAL_TIMEx_HallSensor_Start_IT,"ax",%progbits
 498              		.align	1
 499              		.global	HAL_TIMEx_HallSensor_Start_IT
 500              		.syntax unified
 501              		.code	16
 502              		.thumb_func
 504              	HAL_TIMEx_HallSensor_Start_IT:
 505              		@ args = 0, pretend = 0, frame = 0
 506              		@ frame_needed = 0, uses_anonymous_args = 0
 507 0000 10B5     		push	{r4, lr}
 508 0002 0400     		movs	r4, r0
 509 0004 3E23     		movs	r3, #62
 510 0006 C05C     		ldrb	r0, [r0, r3]
 511 0008 C3B2     		uxtb	r3, r0
 512 000a 9C46     		mov	ip, r3
 513 000c 3F23     		movs	r3, #63
 514 000e E35C     		ldrb	r3, [r4, r3]
 515 0010 DBB2     		uxtb	r3, r3
 516 0012 4222     		movs	r2, #66
 517 0014 A25C     		ldrb	r2, [r4, r2]
 518 0016 D2B2     		uxtb	r2, r2
 519 0018 4321     		movs	r1, #67
 520 001a 615C     		ldrb	r1, [r4, r1]
 521 001c C9B2     		uxtb	r1, r1
 522 001e 0128     		cmp	r0, #1
 523 0020 3AD1     		bne	.L46
 524 0022 012B     		cmp	r3, #1
 525 0024 3AD1     		bne	.L43
 526 0026 012A     		cmp	r2, #1
 527 0028 3AD1     		bne	.L47
 528 002a 0129     		cmp	r1, #1
 529 002c 01D0     		beq	.L50
 530 002e 9446     		mov	ip, r2
 531 0030 34E0     		b	.L43
 532              	.L50:
ARM GAS  C:\Users\fastr\AppData\Local\Temp\cclspFYb.s 			page 10


 533 0032 0133     		adds	r3, r3, #1
 534 0034 3D32     		adds	r2, r2, #61
 535 0036 A354     		strb	r3, [r4, r2]
 536 0038 0132     		adds	r2, r2, #1
 537 003a A354     		strb	r3, [r4, r2]
 538 003c 0332     		adds	r2, r2, #3
 539 003e A354     		strb	r3, [r4, r2]
 540 0040 0132     		adds	r2, r2, #1
 541 0042 A354     		strb	r3, [r4, r2]
 542 0044 2168     		ldr	r1, [r4]
 543 0046 CA68     		ldr	r2, [r1, #12]
 544 0048 1343     		orrs	r3, r2
 545 004a CB60     		str	r3, [r1, #12]
 546 004c 2068     		ldr	r0, [r4]
 547 004e 0122     		movs	r2, #1
 548 0050 0021     		movs	r1, #0
 549 0052 FFF7FEFF 		bl	TIM_CCxChannelCmd
 550 0056 2368     		ldr	r3, [r4]
 551 0058 144A     		ldr	r2, .L51
 552 005a 9342     		cmp	r3, r2
 553 005c 10D0     		beq	.L44
 554 005e 8022     		movs	r2, #128
 555 0060 D205     		lsls	r2, r2, #23
 556 0062 9342     		cmp	r3, r2
 557 0064 0CD0     		beq	.L44
 558 0066 124A     		ldr	r2, .L51+4
 559 0068 9342     		cmp	r3, r2
 560 006a 09D0     		beq	.L44
 561 006c 114A     		ldr	r2, .L51+8
 562 006e 9342     		cmp	r3, r2
 563 0070 06D0     		beq	.L44
 564 0072 1A68     		ldr	r2, [r3]
 565 0074 0121     		movs	r1, #1
 566 0076 0A43     		orrs	r2, r1
 567 0078 1A60     		str	r2, [r3]
 568 007a 0023     		movs	r3, #0
 569 007c 9C46     		mov	ip, r3
 570 007e 0DE0     		b	.L43
 571              	.L44:
 572 0080 9968     		ldr	r1, [r3, #8]
 573 0082 0722     		movs	r2, #7
 574 0084 0A40     		ands	r2, r1
 575 0086 062A     		cmp	r2, #6
 576 0088 0CD0     		beq	.L49
 577 008a 1A68     		ldr	r2, [r3]
 578 008c 0121     		movs	r1, #1
 579 008e 0A43     		orrs	r2, r1
 580 0090 1A60     		str	r2, [r3]
 581 0092 0023     		movs	r3, #0
 582 0094 9C46     		mov	ip, r3
 583 0096 01E0     		b	.L43
 584              	.L46:
 585 0098 0123     		movs	r3, #1
 586 009a 9C46     		mov	ip, r3
 587              	.L43:
 588 009c 6046     		mov	r0, ip
 589              		@ sp needed
ARM GAS  C:\Users\fastr\AppData\Local\Temp\cclspFYb.s 			page 11


 590 009e 10BD     		pop	{r4, pc}
 591              	.L47:
 592 00a0 9C46     		mov	ip, r3
 593 00a2 FBE7     		b	.L43
 594              	.L49:
 595 00a4 0023     		movs	r3, #0
 596 00a6 9C46     		mov	ip, r3
 597 00a8 F8E7     		b	.L43
 598              	.L52:
 599 00aa C046     		.align	2
 600              	.L51:
 601 00ac 002C0140 		.word	1073818624
 602 00b0 00040040 		.word	1073742848
 603 00b4 00400140 		.word	1073823744
 605              		.section	.text.HAL_TIMEx_HallSensor_Stop_IT,"ax",%progbits
 606              		.align	1
 607              		.global	HAL_TIMEx_HallSensor_Stop_IT
 608              		.syntax unified
 609              		.code	16
 610              		.thumb_func
 612              	HAL_TIMEx_HallSensor_Stop_IT:
 613              		@ args = 0, pretend = 0, frame = 0
 614              		@ frame_needed = 0, uses_anonymous_args = 0
 615 0000 10B5     		push	{r4, lr}
 616 0002 0400     		movs	r4, r0
 617 0004 0068     		ldr	r0, [r0]
 618 0006 0022     		movs	r2, #0
 619 0008 0021     		movs	r1, #0
 620 000a FFF7FEFF 		bl	TIM_CCxChannelCmd
 621 000e 2268     		ldr	r2, [r4]
 622 0010 D368     		ldr	r3, [r2, #12]
 623 0012 0221     		movs	r1, #2
 624 0014 8B43     		bics	r3, r1
 625 0016 D360     		str	r3, [r2, #12]
 626 0018 2368     		ldr	r3, [r4]
 627 001a 196A     		ldr	r1, [r3, #32]
 628 001c 0A4A     		ldr	r2, .L55
 629 001e 1142     		tst	r1, r2
 630 0020 07D1     		bne	.L54
 631 0022 196A     		ldr	r1, [r3, #32]
 632 0024 094A     		ldr	r2, .L55+4
 633 0026 1142     		tst	r1, r2
 634 0028 03D1     		bne	.L54
 635 002a 1A68     		ldr	r2, [r3]
 636 002c 0121     		movs	r1, #1
 637 002e 8A43     		bics	r2, r1
 638 0030 1A60     		str	r2, [r3]
 639              	.L54:
 640 0032 0123     		movs	r3, #1
 641 0034 3E22     		movs	r2, #62
 642 0036 A354     		strb	r3, [r4, r2]
 643 0038 0132     		adds	r2, r2, #1
 644 003a A354     		strb	r3, [r4, r2]
 645 003c 0332     		adds	r2, r2, #3
 646 003e A354     		strb	r3, [r4, r2]
 647 0040 0132     		adds	r2, r2, #1
 648 0042 A354     		strb	r3, [r4, r2]
ARM GAS  C:\Users\fastr\AppData\Local\Temp\cclspFYb.s 			page 12


 649 0044 0020     		movs	r0, #0
 650              		@ sp needed
 651 0046 10BD     		pop	{r4, pc}
 652              	.L56:
 653              		.align	2
 654              	.L55:
 655 0048 11110000 		.word	4369
 656 004c 44040000 		.word	1092
 658              		.section	.text.HAL_TIMEx_HallSensor_Start_DMA,"ax",%progbits
 659              		.align	1
 660              		.global	HAL_TIMEx_HallSensor_Start_DMA
 661              		.syntax unified
 662              		.code	16
 663              		.thumb_func
 665              	HAL_TIMEx_HallSensor_Start_DMA:
 666              		@ args = 0, pretend = 0, frame = 0
 667              		@ frame_needed = 0, uses_anonymous_args = 0
 668 0000 F8B5     		push	{r3, r4, r5, r6, r7, lr}
 669 0002 0400     		movs	r4, r0
 670 0004 0E00     		movs	r6, r1
 671 0006 1700     		movs	r7, r2
 672 0008 3E23     		movs	r3, #62
 673 000a C35C     		ldrb	r3, [r0, r3]
 674 000c D8B2     		uxtb	r0, r3
 675 000e 4222     		movs	r2, #66
 676 0010 A55C     		ldrb	r5, [r4, r2]
 677 0012 EDB2     		uxtb	r5, r5
 678 0014 022B     		cmp	r3, #2
 679 0016 4DD0     		beq	.L58
 680 0018 022D     		cmp	r5, #2
 681 001a 48D0     		beq	.L61
 682 001c 0128     		cmp	r0, #1
 683 001e 48D1     		bne	.L62
 684 0020 012D     		cmp	r5, #1
 685 0022 47D1     		bne	.L58
 686 0024 0029     		cmp	r1, #0
 687 0026 46D0     		beq	.L63
 688 0028 002F     		cmp	r7, #0
 689 002a 01D1     		bne	.L66
 690 002c 2800     		movs	r0, r5
 691 002e 41E0     		b	.L58
 692              	.L66:
 693 0030 0223     		movs	r3, #2
 694 0032 043A     		subs	r2, r2, #4
 695 0034 A354     		strb	r3, [r4, r2]
 696 0036 0432     		adds	r2, r2, #4
 697 0038 A354     		strb	r3, [r4, r2]
 698 003a 2068     		ldr	r0, [r4]
 699 003c 413A     		subs	r2, r2, #65
 700 003e 0021     		movs	r1, #0
 701 0040 FFF7FEFF 		bl	TIM_CCxChannelCmd
 702 0044 636A     		ldr	r3, [r4, #36]
 703 0046 1E4A     		ldr	r2, .L67
 704 0048 9A62     		str	r2, [r3, #40]
 705 004a 636A     		ldr	r3, [r4, #36]
 706 004c 1D4A     		ldr	r2, .L67+4
 707 004e DA62     		str	r2, [r3, #44]
ARM GAS  C:\Users\fastr\AppData\Local\Temp\cclspFYb.s 			page 13


 708 0050 636A     		ldr	r3, [r4, #36]
 709 0052 1D4A     		ldr	r2, .L67+8
 710 0054 1A63     		str	r2, [r3, #48]
 711 0056 2168     		ldr	r1, [r4]
 712 0058 3431     		adds	r1, r1, #52
 713 005a 606A     		ldr	r0, [r4, #36]
 714 005c 3B00     		movs	r3, r7
 715 005e 3200     		movs	r2, r6
 716 0060 FFF7FEFF 		bl	HAL_DMA_Start_IT
 717 0064 0028     		cmp	r0, #0
 718 0066 28D1     		bne	.L65
 719 0068 2268     		ldr	r2, [r4]
 720 006a D168     		ldr	r1, [r2, #12]
 721 006c 8023     		movs	r3, #128
 722 006e 9B00     		lsls	r3, r3, #2
 723 0070 0B43     		orrs	r3, r1
 724 0072 D360     		str	r3, [r2, #12]
 725 0074 2368     		ldr	r3, [r4]
 726 0076 154A     		ldr	r2, .L67+12
 727 0078 9342     		cmp	r3, r2
 728 007a 0ED0     		beq	.L59
 729 007c 8022     		movs	r2, #128
 730 007e D205     		lsls	r2, r2, #23
 731 0080 9342     		cmp	r3, r2
 732 0082 0AD0     		beq	.L59
 733 0084 124A     		ldr	r2, .L67+16
 734 0086 9342     		cmp	r3, r2
 735 0088 07D0     		beq	.L59
 736 008a 124A     		ldr	r2, .L67+20
 737 008c 9342     		cmp	r3, r2
 738 008e 04D0     		beq	.L59
 739 0090 1A68     		ldr	r2, [r3]
 740 0092 0121     		movs	r1, #1
 741 0094 0A43     		orrs	r2, r1
 742 0096 1A60     		str	r2, [r3]
 743 0098 0CE0     		b	.L58
 744              	.L59:
 745 009a 9968     		ldr	r1, [r3, #8]
 746 009c 0722     		movs	r2, #7
 747 009e 0A40     		ands	r2, r1
 748 00a0 062A     		cmp	r2, #6
 749 00a2 07D0     		beq	.L58
 750 00a4 1A68     		ldr	r2, [r3]
 751 00a6 0121     		movs	r1, #1
 752 00a8 0A43     		orrs	r2, r1
 753 00aa 1A60     		str	r2, [r3]
 754 00ac 02E0     		b	.L58
 755              	.L61:
 756 00ae 2800     		movs	r0, r5
 757 00b0 00E0     		b	.L58
 758              	.L62:
 759 00b2 0120     		movs	r0, #1
 760              	.L58:
 761              		@ sp needed
 762 00b4 F8BD     		pop	{r3, r4, r5, r6, r7, pc}
 763              	.L63:
 764 00b6 2800     		movs	r0, r5
ARM GAS  C:\Users\fastr\AppData\Local\Temp\cclspFYb.s 			page 14


 765 00b8 FCE7     		b	.L58
 766              	.L65:
 767 00ba 2800     		movs	r0, r5
 768 00bc FAE7     		b	.L58
 769              	.L68:
 770 00be C046     		.align	2
 771              	.L67:
 772 00c0 00000000 		.word	TIM_DMACaptureCplt
 773 00c4 00000000 		.word	TIM_DMACaptureHalfCplt
 774 00c8 00000000 		.word	TIM_DMAError
 775 00cc 002C0140 		.word	1073818624
 776 00d0 00040040 		.word	1073742848
 777 00d4 00400140 		.word	1073823744
 779              		.section	.text.HAL_TIMEx_HallSensor_Stop_DMA,"ax",%progbits
 780              		.align	1
 781              		.global	HAL_TIMEx_HallSensor_Stop_DMA
 782              		.syntax unified
 783              		.code	16
 784              		.thumb_func
 786              	HAL_TIMEx_HallSensor_Stop_DMA:
 787              		@ args = 0, pretend = 0, frame = 0
 788              		@ frame_needed = 0, uses_anonymous_args = 0
 789 0000 10B5     		push	{r4, lr}
 790 0002 0400     		movs	r4, r0
 791 0004 0068     		ldr	r0, [r0]
 792 0006 0022     		movs	r2, #0
 793 0008 0021     		movs	r1, #0
 794 000a FFF7FEFF 		bl	TIM_CCxChannelCmd
 795 000e 2268     		ldr	r2, [r4]
 796 0010 D368     		ldr	r3, [r2, #12]
 797 0012 0D49     		ldr	r1, .L71
 798 0014 0B40     		ands	r3, r1
 799 0016 D360     		str	r3, [r2, #12]
 800 0018 606A     		ldr	r0, [r4, #36]
 801 001a FFF7FEFF 		bl	HAL_DMA_Abort_IT
 802 001e 2368     		ldr	r3, [r4]
 803 0020 196A     		ldr	r1, [r3, #32]
 804 0022 0A4A     		ldr	r2, .L71+4
 805 0024 1142     		tst	r1, r2
 806 0026 07D1     		bne	.L70
 807 0028 196A     		ldr	r1, [r3, #32]
 808 002a 094A     		ldr	r2, .L71+8
 809 002c 1142     		tst	r1, r2
 810 002e 03D1     		bne	.L70
 811 0030 1A68     		ldr	r2, [r3]
 812 0032 0121     		movs	r1, #1
 813 0034 8A43     		bics	r2, r1
 814 0036 1A60     		str	r2, [r3]
 815              	.L70:
 816 0038 0123     		movs	r3, #1
 817 003a 3E22     		movs	r2, #62
 818 003c A354     		strb	r3, [r4, r2]
 819 003e 0432     		adds	r2, r2, #4
 820 0040 A354     		strb	r3, [r4, r2]
 821 0042 0020     		movs	r0, #0
 822              		@ sp needed
 823 0044 10BD     		pop	{r4, pc}
ARM GAS  C:\Users\fastr\AppData\Local\Temp\cclspFYb.s 			page 15


 824              	.L72:
 825 0046 C046     		.align	2
 826              	.L71:
 827 0048 FFFDFFFF 		.word	-513
 828 004c 11110000 		.word	4369
 829 0050 44040000 		.word	1092
 831              		.section	.text.HAL_TIMEx_OCN_Start,"ax",%progbits
 832              		.align	1
 833              		.global	HAL_TIMEx_OCN_Start
 834              		.syntax unified
 835              		.code	16
 836              		.thumb_func
 838              	HAL_TIMEx_OCN_Start:
 839              		@ args = 0, pretend = 0, frame = 0
 840              		@ frame_needed = 0, uses_anonymous_args = 0
 841 0000 10B5     		push	{r4, lr}
 842 0002 0400     		movs	r4, r0
 843 0004 0029     		cmp	r1, #0
 844 0006 2AD1     		bne	.L74
 845 0008 4223     		movs	r3, #66
 846 000a C35C     		ldrb	r3, [r0, r3]
 847 000c 013B     		subs	r3, r3, #1
 848 000e 5A1E     		subs	r2, r3, #1
 849 0010 9341     		sbcs	r3, r3, r2
 850 0012 DBB2     		uxtb	r3, r3
 851              	.L75:
 852 0014 002B     		cmp	r3, #0
 853 0016 56D1     		bne	.L85
 854 0018 0029     		cmp	r1, #0
 855 001a 39D1     		bne	.L79
 856 001c 4233     		adds	r3, r3, #66
 857 001e 0222     		movs	r2, #2
 858 0020 E254     		strb	r2, [r4, r3]
 859              	.L80:
 860 0022 2068     		ldr	r0, [r4]
 861 0024 0422     		movs	r2, #4
 862 0026 FFF7FEFF 		bl	TIM_CCxNChannelCmd
 863 002a 2268     		ldr	r2, [r4]
 864 002c 516C     		ldr	r1, [r2, #68]
 865 002e 8023     		movs	r3, #128
 866 0030 1B02     		lsls	r3, r3, #8
 867 0032 0B43     		orrs	r3, r1
 868 0034 5364     		str	r3, [r2, #68]
 869 0036 2368     		ldr	r3, [r4]
 870 0038 254A     		ldr	r2, .L91
 871 003a 9342     		cmp	r3, r2
 872 003c 38D0     		beq	.L83
 873 003e 8022     		movs	r2, #128
 874 0040 D205     		lsls	r2, r2, #23
 875 0042 9342     		cmp	r3, r2
 876 0044 34D0     		beq	.L83
 877 0046 234A     		ldr	r2, .L91+4
 878 0048 9342     		cmp	r3, r2
 879 004a 31D0     		beq	.L83
 880 004c 224A     		ldr	r2, .L91+8
 881 004e 9342     		cmp	r3, r2
 882 0050 2ED0     		beq	.L83
ARM GAS  C:\Users\fastr\AppData\Local\Temp\cclspFYb.s 			page 16


 883 0052 1A68     		ldr	r2, [r3]
 884 0054 0121     		movs	r1, #1
 885 0056 0A43     		orrs	r2, r1
 886 0058 1A60     		str	r2, [r3]
 887 005a 0020     		movs	r0, #0
 888 005c 34E0     		b	.L78
 889              	.L74:
 890 005e 0429     		cmp	r1, #4
 891 0060 08D0     		beq	.L87
 892 0062 0829     		cmp	r1, #8
 893 0064 0DD0     		beq	.L88
 894 0066 4523     		movs	r3, #69
 895 0068 C35C     		ldrb	r3, [r0, r3]
 896 006a 013B     		subs	r3, r3, #1
 897 006c 5A1E     		subs	r2, r3, #1
 898 006e 9341     		sbcs	r3, r3, r2
 899 0070 DBB2     		uxtb	r3, r3
 900 0072 CFE7     		b	.L75
 901              	.L87:
 902 0074 4323     		movs	r3, #67
 903 0076 C35C     		ldrb	r3, [r0, r3]
 904 0078 013B     		subs	r3, r3, #1
 905 007a 5A1E     		subs	r2, r3, #1
 906 007c 9341     		sbcs	r3, r3, r2
 907 007e DBB2     		uxtb	r3, r3
 908 0080 C8E7     		b	.L75
 909              	.L88:
 910 0082 4423     		movs	r3, #68
 911 0084 C35C     		ldrb	r3, [r0, r3]
 912 0086 013B     		subs	r3, r3, #1
 913 0088 5A1E     		subs	r2, r3, #1
 914 008a 9341     		sbcs	r3, r3, r2
 915 008c DBB2     		uxtb	r3, r3
 916 008e C1E7     		b	.L75
 917              	.L79:
 918 0090 0429     		cmp	r1, #4
 919 0092 05D0     		beq	.L89
 920 0094 0829     		cmp	r1, #8
 921 0096 07D0     		beq	.L90
 922 0098 4523     		movs	r3, #69
 923 009a 0222     		movs	r2, #2
 924 009c E254     		strb	r2, [r4, r3]
 925 009e C0E7     		b	.L80
 926              	.L89:
 927 00a0 4323     		movs	r3, #67
 928 00a2 0222     		movs	r2, #2
 929 00a4 E254     		strb	r2, [r4, r3]
 930 00a6 BCE7     		b	.L80
 931              	.L90:
 932 00a8 4423     		movs	r3, #68
 933 00aa 0222     		movs	r2, #2
 934 00ac E254     		strb	r2, [r4, r3]
 935 00ae B8E7     		b	.L80
 936              	.L83:
 937 00b0 9968     		ldr	r1, [r3, #8]
 938 00b2 0722     		movs	r2, #7
 939 00b4 0A40     		ands	r2, r1
ARM GAS  C:\Users\fastr\AppData\Local\Temp\cclspFYb.s 			page 17


 940 00b6 062A     		cmp	r2, #6
 941 00b8 07D0     		beq	.L86
 942 00ba 1A68     		ldr	r2, [r3]
 943 00bc 0121     		movs	r1, #1
 944 00be 0A43     		orrs	r2, r1
 945 00c0 1A60     		str	r2, [r3]
 946 00c2 0020     		movs	r0, #0
 947 00c4 00E0     		b	.L78
 948              	.L85:
 949 00c6 0120     		movs	r0, #1
 950              	.L78:
 951              		@ sp needed
 952 00c8 10BD     		pop	{r4, pc}
 953              	.L86:
 954 00ca 0020     		movs	r0, #0
 955 00cc FCE7     		b	.L78
 956              	.L92:
 957 00ce C046     		.align	2
 958              	.L91:
 959 00d0 002C0140 		.word	1073818624
 960 00d4 00040040 		.word	1073742848
 961 00d8 00400140 		.word	1073823744
 963              		.section	.text.HAL_TIMEx_OCN_Stop,"ax",%progbits
 964              		.align	1
 965              		.global	HAL_TIMEx_OCN_Stop
 966              		.syntax unified
 967              		.code	16
 968              		.thumb_func
 970              	HAL_TIMEx_OCN_Stop:
 971              		@ args = 0, pretend = 0, frame = 0
 972              		@ frame_needed = 0, uses_anonymous_args = 0
 973 0000 70B5     		push	{r4, r5, r6, lr}
 974 0002 0400     		movs	r4, r0
 975 0004 0D00     		movs	r5, r1
 976 0006 0068     		ldr	r0, [r0]
 977 0008 0022     		movs	r2, #0
 978 000a FFF7FEFF 		bl	TIM_CCxNChannelCmd
 979 000e 2368     		ldr	r3, [r4]
 980 0010 196A     		ldr	r1, [r3, #32]
 981 0012 174A     		ldr	r2, .L102
 982 0014 1142     		tst	r1, r2
 983 0016 07D1     		bne	.L94
 984 0018 196A     		ldr	r1, [r3, #32]
 985 001a 164A     		ldr	r2, .L102+4
 986 001c 1142     		tst	r1, r2
 987 001e 03D1     		bne	.L94
 988 0020 5A6C     		ldr	r2, [r3, #68]
 989 0022 1549     		ldr	r1, .L102+8
 990 0024 0A40     		ands	r2, r1
 991 0026 5A64     		str	r2, [r3, #68]
 992              	.L94:
 993 0028 2368     		ldr	r3, [r4]
 994 002a 196A     		ldr	r1, [r3, #32]
 995 002c 104A     		ldr	r2, .L102
 996 002e 1142     		tst	r1, r2
 997 0030 07D1     		bne	.L95
 998 0032 196A     		ldr	r1, [r3, #32]
ARM GAS  C:\Users\fastr\AppData\Local\Temp\cclspFYb.s 			page 18


 999 0034 0F4A     		ldr	r2, .L102+4
 1000 0036 1142     		tst	r1, r2
 1001 0038 03D1     		bne	.L95
 1002 003a 1A68     		ldr	r2, [r3]
 1003 003c 0121     		movs	r1, #1
 1004 003e 8A43     		bics	r2, r1
 1005 0040 1A60     		str	r2, [r3]
 1006              	.L95:
 1007 0042 002D     		cmp	r5, #0
 1008 0044 04D1     		bne	.L96
 1009 0046 4223     		movs	r3, #66
 1010 0048 0122     		movs	r2, #1
 1011 004a E254     		strb	r2, [r4, r3]
 1012              	.L97:
 1013 004c 0020     		movs	r0, #0
 1014              		@ sp needed
 1015 004e 70BD     		pop	{r4, r5, r6, pc}
 1016              	.L96:
 1017 0050 042D     		cmp	r5, #4
 1018 0052 05D0     		beq	.L100
 1019 0054 082D     		cmp	r5, #8
 1020 0056 07D0     		beq	.L101
 1021 0058 4523     		movs	r3, #69
 1022 005a 0122     		movs	r2, #1
 1023 005c E254     		strb	r2, [r4, r3]
 1024 005e F5E7     		b	.L97
 1025              	.L100:
 1026 0060 4323     		movs	r3, #67
 1027 0062 0122     		movs	r2, #1
 1028 0064 E254     		strb	r2, [r4, r3]
 1029 0066 F1E7     		b	.L97
 1030              	.L101:
 1031 0068 4423     		movs	r3, #68
 1032 006a 0122     		movs	r2, #1
 1033 006c E254     		strb	r2, [r4, r3]
 1034 006e EDE7     		b	.L97
 1035              	.L103:
 1036              		.align	2
 1037              	.L102:
 1038 0070 11110000 		.word	4369
 1039 0074 44040000 		.word	1092
 1040 0078 FF7FFFFF 		.word	-32769
 1042              		.section	.text.HAL_TIMEx_OCN_Start_IT,"ax",%progbits
 1043              		.align	1
 1044              		.global	HAL_TIMEx_OCN_Start_IT
 1045              		.syntax unified
 1046              		.code	16
 1047              		.thumb_func
 1049              	HAL_TIMEx_OCN_Start_IT:
 1050              		@ args = 0, pretend = 0, frame = 0
 1051              		@ frame_needed = 0, uses_anonymous_args = 0
 1052 0000 10B5     		push	{r4, lr}
 1053 0002 0400     		movs	r4, r0
 1054 0004 0029     		cmp	r1, #0
 1055 0006 34D1     		bne	.L105
 1056 0008 4223     		movs	r3, #66
 1057 000a C35C     		ldrb	r3, [r0, r3]
ARM GAS  C:\Users\fastr\AppData\Local\Temp\cclspFYb.s 			page 19


 1058 000c 013B     		subs	r3, r3, #1
 1059 000e 5A1E     		subs	r2, r3, #1
 1060 0010 9341     		sbcs	r3, r3, r2
 1061 0012 DBB2     		uxtb	r3, r3
 1062              	.L106:
 1063 0014 002B     		cmp	r3, #0
 1064 0016 71D1     		bne	.L119
 1065 0018 0029     		cmp	r1, #0
 1066 001a 43D1     		bne	.L110
 1067 001c 4233     		adds	r3, r3, #66
 1068 001e 0222     		movs	r2, #2
 1069 0020 E254     		strb	r2, [r4, r3]
 1070              	.L111:
 1071 0022 2268     		ldr	r2, [r4]
 1072 0024 D368     		ldr	r3, [r2, #12]
 1073 0026 0220     		movs	r0, #2
 1074 0028 0343     		orrs	r3, r0
 1075 002a D360     		str	r3, [r2, #12]
 1076              	.L116:
 1077 002c 2268     		ldr	r2, [r4]
 1078 002e D368     		ldr	r3, [r2, #12]
 1079 0030 8020     		movs	r0, #128
 1080 0032 0343     		orrs	r3, r0
 1081 0034 D360     		str	r3, [r2, #12]
 1082 0036 2068     		ldr	r0, [r4]
 1083 0038 0422     		movs	r2, #4
 1084 003a FFF7FEFF 		bl	TIM_CCxNChannelCmd
 1085 003e 2268     		ldr	r2, [r4]
 1086 0040 516C     		ldr	r1, [r2, #68]
 1087 0042 8023     		movs	r3, #128
 1088 0044 1B02     		lsls	r3, r3, #8
 1089 0046 0B43     		orrs	r3, r1
 1090 0048 5364     		str	r3, [r2, #68]
 1091 004a 2368     		ldr	r3, [r4]
 1092 004c 2D4A     		ldr	r2, .L126
 1093 004e 9342     		cmp	r3, r2
 1094 0050 49D0     		beq	.L117
 1095 0052 8022     		movs	r2, #128
 1096 0054 D205     		lsls	r2, r2, #23
 1097 0056 9342     		cmp	r3, r2
 1098 0058 45D0     		beq	.L117
 1099 005a 2B4A     		ldr	r2, .L126+4
 1100 005c 9342     		cmp	r3, r2
 1101 005e 42D0     		beq	.L117
 1102 0060 2A4A     		ldr	r2, .L126+8
 1103 0062 9342     		cmp	r3, r2
 1104 0064 3FD0     		beq	.L117
 1105 0066 1A68     		ldr	r2, [r3]
 1106 0068 0121     		movs	r1, #1
 1107 006a 0A43     		orrs	r2, r1
 1108 006c 1A60     		str	r2, [r3]
 1109 006e 0020     		movs	r0, #0
 1110 0070 45E0     		b	.L109
 1111              	.L105:
 1112 0072 0429     		cmp	r1, #4
 1113 0074 08D0     		beq	.L122
 1114 0076 0829     		cmp	r1, #8
ARM GAS  C:\Users\fastr\AppData\Local\Temp\cclspFYb.s 			page 20


 1115 0078 0DD0     		beq	.L123
 1116 007a 4523     		movs	r3, #69
 1117 007c C35C     		ldrb	r3, [r0, r3]
 1118 007e 013B     		subs	r3, r3, #1
 1119 0080 5A1E     		subs	r2, r3, #1
 1120 0082 9341     		sbcs	r3, r3, r2
 1121 0084 DBB2     		uxtb	r3, r3
 1122 0086 C5E7     		b	.L106
 1123              	.L122:
 1124 0088 4323     		movs	r3, #67
 1125 008a C35C     		ldrb	r3, [r0, r3]
 1126 008c 013B     		subs	r3, r3, #1
 1127 008e 5A1E     		subs	r2, r3, #1
 1128 0090 9341     		sbcs	r3, r3, r2
 1129 0092 DBB2     		uxtb	r3, r3
 1130 0094 BEE7     		b	.L106
 1131              	.L123:
 1132 0096 4423     		movs	r3, #68
 1133 0098 C35C     		ldrb	r3, [r0, r3]
 1134 009a 013B     		subs	r3, r3, #1
 1135 009c 5A1E     		subs	r2, r3, #1
 1136 009e 9341     		sbcs	r3, r3, r2
 1137 00a0 DBB2     		uxtb	r3, r3
 1138 00a2 B7E7     		b	.L106
 1139              	.L110:
 1140 00a4 0429     		cmp	r1, #4
 1141 00a6 0CD0     		beq	.L124
 1142 00a8 0829     		cmp	r1, #8
 1143 00aa 13D0     		beq	.L125
 1144 00ac 4523     		movs	r3, #69
 1145 00ae 0222     		movs	r2, #2
 1146 00b0 E254     		strb	r2, [r4, r3]
 1147 00b2 0429     		cmp	r1, #4
 1148 00b4 08D0     		beq	.L113
 1149 00b6 0829     		cmp	r1, #8
 1150 00b8 0FD0     		beq	.L115
 1151 00ba 0029     		cmp	r1, #0
 1152 00bc B1D0     		beq	.L111
 1153 00be 0120     		movs	r0, #1
 1154 00c0 1DE0     		b	.L109
 1155              	.L124:
 1156 00c2 4323     		movs	r3, #67
 1157 00c4 0222     		movs	r2, #2
 1158 00c6 E254     		strb	r2, [r4, r3]
 1159              	.L113:
 1160 00c8 2268     		ldr	r2, [r4]
 1161 00ca D368     		ldr	r3, [r2, #12]
 1162 00cc 0420     		movs	r0, #4
 1163 00ce 0343     		orrs	r3, r0
 1164 00d0 D360     		str	r3, [r2, #12]
 1165 00d2 ABE7     		b	.L116
 1166              	.L125:
 1167 00d4 4423     		movs	r3, #68
 1168 00d6 0222     		movs	r2, #2
 1169 00d8 E254     		strb	r2, [r4, r3]
 1170              	.L115:
 1171 00da 2268     		ldr	r2, [r4]
ARM GAS  C:\Users\fastr\AppData\Local\Temp\cclspFYb.s 			page 21


 1172 00dc D368     		ldr	r3, [r2, #12]
 1173 00de 0820     		movs	r0, #8
 1174 00e0 0343     		orrs	r3, r0
 1175 00e2 D360     		str	r3, [r2, #12]
 1176 00e4 A2E7     		b	.L116
 1177              	.L117:
 1178 00e6 9968     		ldr	r1, [r3, #8]
 1179 00e8 0722     		movs	r2, #7
 1180 00ea 0A40     		ands	r2, r1
 1181 00ec 062A     		cmp	r2, #6
 1182 00ee 07D0     		beq	.L121
 1183 00f0 1A68     		ldr	r2, [r3]
 1184 00f2 0121     		movs	r1, #1
 1185 00f4 0A43     		orrs	r2, r1
 1186 00f6 1A60     		str	r2, [r3]
 1187 00f8 0020     		movs	r0, #0
 1188 00fa 00E0     		b	.L109
 1189              	.L119:
 1190 00fc 0120     		movs	r0, #1
 1191              	.L109:
 1192              		@ sp needed
 1193 00fe 10BD     		pop	{r4, pc}
 1194              	.L121:
 1195 0100 0020     		movs	r0, #0
 1196 0102 FCE7     		b	.L109
 1197              	.L127:
 1198              		.align	2
 1199              	.L126:
 1200 0104 002C0140 		.word	1073818624
 1201 0108 00040040 		.word	1073742848
 1202 010c 00400140 		.word	1073823744
 1204              		.section	.text.HAL_TIMEx_OCN_Stop_IT,"ax",%progbits
 1205              		.align	1
 1206              		.global	HAL_TIMEx_OCN_Stop_IT
 1207              		.syntax unified
 1208              		.code	16
 1209              		.thumb_func
 1211              	HAL_TIMEx_OCN_Stop_IT:
 1212              		@ args = 0, pretend = 0, frame = 0
 1213              		@ frame_needed = 0, uses_anonymous_args = 0
 1214 0000 70B5     		push	{r4, r5, r6, lr}
 1215 0002 0400     		movs	r4, r0
 1216 0004 0D00     		movs	r5, r1
 1217 0006 0429     		cmp	r1, #4
 1218 0008 37D0     		beq	.L129
 1219 000a 0829     		cmp	r1, #8
 1220 000c 3BD0     		beq	.L130
 1221 000e 0029     		cmp	r1, #0
 1222 0010 52D1     		bne	.L139
 1223 0012 0268     		ldr	r2, [r0]
 1224 0014 D368     		ldr	r3, [r2, #12]
 1225 0016 0221     		movs	r1, #2
 1226 0018 8B43     		bics	r3, r1
 1227 001a D360     		str	r3, [r2, #12]
 1228              	.L132:
 1229 001c 2068     		ldr	r0, [r4]
 1230 001e 0022     		movs	r2, #0
ARM GAS  C:\Users\fastr\AppData\Local\Temp\cclspFYb.s 			page 22


 1231 0020 2900     		movs	r1, r5
 1232 0022 FFF7FEFF 		bl	TIM_CCxNChannelCmd
 1233 0026 2368     		ldr	r3, [r4]
 1234 0028 196A     		ldr	r1, [r3, #32]
 1235 002a 244A     		ldr	r2, .L142
 1236 002c 1142     		tst	r1, r2
 1237 002e 03D1     		bne	.L133
 1238 0030 DA68     		ldr	r2, [r3, #12]
 1239 0032 8021     		movs	r1, #128
 1240 0034 8A43     		bics	r2, r1
 1241 0036 DA60     		str	r2, [r3, #12]
 1242              	.L133:
 1243 0038 2368     		ldr	r3, [r4]
 1244 003a 196A     		ldr	r1, [r3, #32]
 1245 003c 204A     		ldr	r2, .L142+4
 1246 003e 1142     		tst	r1, r2
 1247 0040 07D1     		bne	.L134
 1248 0042 196A     		ldr	r1, [r3, #32]
 1249 0044 1D4A     		ldr	r2, .L142
 1250 0046 1142     		tst	r1, r2
 1251 0048 03D1     		bne	.L134
 1252 004a 5A6C     		ldr	r2, [r3, #68]
 1253 004c 1D49     		ldr	r1, .L142+8
 1254 004e 0A40     		ands	r2, r1
 1255 0050 5A64     		str	r2, [r3, #68]
 1256              	.L134:
 1257 0052 2368     		ldr	r3, [r4]
 1258 0054 196A     		ldr	r1, [r3, #32]
 1259 0056 1A4A     		ldr	r2, .L142+4
 1260 0058 1142     		tst	r1, r2
 1261 005a 07D1     		bne	.L135
 1262 005c 196A     		ldr	r1, [r3, #32]
 1263 005e 174A     		ldr	r2, .L142
 1264 0060 1142     		tst	r1, r2
 1265 0062 03D1     		bne	.L135
 1266 0064 1A68     		ldr	r2, [r3]
 1267 0066 0121     		movs	r1, #1
 1268 0068 8A43     		bics	r2, r1
 1269 006a 1A60     		str	r2, [r3]
 1270              	.L135:
 1271 006c 002D     		cmp	r5, #0
 1272 006e 10D1     		bne	.L136
 1273 0070 4223     		movs	r3, #66
 1274 0072 0122     		movs	r2, #1
 1275 0074 E254     		strb	r2, [r4, r3]
 1276 0076 0020     		movs	r0, #0
 1277              	.L131:
 1278              		@ sp needed
 1279 0078 70BD     		pop	{r4, r5, r6, pc}
 1280              	.L129:
 1281 007a 0268     		ldr	r2, [r0]
 1282 007c D368     		ldr	r3, [r2, #12]
 1283 007e 0421     		movs	r1, #4
 1284 0080 8B43     		bics	r3, r1
 1285 0082 D360     		str	r3, [r2, #12]
 1286 0084 CAE7     		b	.L132
 1287              	.L130:
ARM GAS  C:\Users\fastr\AppData\Local\Temp\cclspFYb.s 			page 23


 1288 0086 0268     		ldr	r2, [r0]
 1289 0088 D368     		ldr	r3, [r2, #12]
 1290 008a 0821     		movs	r1, #8
 1291 008c 8B43     		bics	r3, r1
 1292 008e D360     		str	r3, [r2, #12]
 1293 0090 C4E7     		b	.L132
 1294              	.L136:
 1295 0092 042D     		cmp	r5, #4
 1296 0094 06D0     		beq	.L140
 1297 0096 082D     		cmp	r5, #8
 1298 0098 09D0     		beq	.L141
 1299 009a 4523     		movs	r3, #69
 1300 009c 0122     		movs	r2, #1
 1301 009e E254     		strb	r2, [r4, r3]
 1302 00a0 0020     		movs	r0, #0
 1303 00a2 E9E7     		b	.L131
 1304              	.L140:
 1305 00a4 4323     		movs	r3, #67
 1306 00a6 0122     		movs	r2, #1
 1307 00a8 E254     		strb	r2, [r4, r3]
 1308 00aa 0020     		movs	r0, #0
 1309 00ac E4E7     		b	.L131
 1310              	.L141:
 1311 00ae 4423     		movs	r3, #68
 1312 00b0 0122     		movs	r2, #1
 1313 00b2 E254     		strb	r2, [r4, r3]
 1314 00b4 0020     		movs	r0, #0
 1315 00b6 DFE7     		b	.L131
 1316              	.L139:
 1317 00b8 0120     		movs	r0, #1
 1318 00ba DDE7     		b	.L131
 1319              	.L143:
 1320              		.align	2
 1321              	.L142:
 1322 00bc 44040000 		.word	1092
 1323 00c0 11110000 		.word	4369
 1324 00c4 FF7FFFFF 		.word	-32769
 1326              		.section	.text.HAL_TIMEx_OCN_Start_DMA,"ax",%progbits
 1327              		.align	1
 1328              		.global	HAL_TIMEx_OCN_Start_DMA
 1329              		.syntax unified
 1330              		.code	16
 1331              		.thumb_func
 1333              	HAL_TIMEx_OCN_Start_DMA:
 1334              		@ args = 0, pretend = 0, frame = 0
 1335              		@ frame_needed = 0, uses_anonymous_args = 0
 1336 0000 70B5     		push	{r4, r5, r6, lr}
 1337 0002 0500     		movs	r5, r0
 1338 0004 0C00     		movs	r4, r1
 1339 0006 1100     		movs	r1, r2
 1340 0008 002C     		cmp	r4, #0
 1341 000a 56D1     		bne	.L145
 1342 000c 4222     		movs	r2, #66
 1343 000e 825C     		ldrb	r2, [r0, r2]
 1344 0010 023A     		subs	r2, r2, #2
 1345 0012 5042     		rsbs	r0, r2, #0
 1346 0014 4241     		adcs	r2, r2, r0
ARM GAS  C:\Users\fastr\AppData\Local\Temp\cclspFYb.s 			page 24


 1347 0016 D2B2     		uxtb	r2, r2
 1348              	.L146:
 1349 0018 002A     		cmp	r2, #0
 1350 001a 00D0     		beq	.LCB1475
 1351 001c CDE0     		b	.L163	@long jump
 1352              	.LCB1475:
 1353 001e 002C     		cmp	r4, #0
 1354 0020 64D1     		bne	.L150
 1355 0022 4232     		adds	r2, r2, #66
 1356 0024 AA5C     		ldrb	r2, [r5, r2]
 1357 0026 013A     		subs	r2, r2, #1
 1358 0028 5042     		rsbs	r0, r2, #0
 1359 002a 4241     		adcs	r2, r2, r0
 1360 002c D2B2     		uxtb	r2, r2
 1361              	.L151:
 1362 002e 002A     		cmp	r2, #0
 1363 0030 00D1     		bne	.LCB1487
 1364 0032 C4E0     		b	.L164	@long jump
 1365              	.LCB1487:
 1366 0034 0029     		cmp	r1, #0
 1367 0036 00D1     		bne	.LCB1489
 1368 0038 C3E0     		b	.L165	@long jump
 1369              	.LCB1489:
 1370 003a 002B     		cmp	r3, #0
 1371 003c 00D1     		bne	.LCB1491
 1372 003e C2E0     		b	.L166	@long jump
 1373              	.LCB1491:
 1374 0040 002C     		cmp	r4, #0
 1375 0042 6CD1     		bne	.L154
 1376 0044 4222     		movs	r2, #66
 1377 0046 0220     		movs	r0, #2
 1378 0048 A854     		strb	r0, [r5, r2]
 1379              	.L155:
 1380 004a 6A6A     		ldr	r2, [r5, #36]
 1381 004c 6348     		ldr	r0, .L178
 1382 004e 9062     		str	r0, [r2, #40]
 1383 0050 6A6A     		ldr	r2, [r5, #36]
 1384 0052 6348     		ldr	r0, .L178+4
 1385 0054 D062     		str	r0, [r2, #44]
 1386 0056 6A6A     		ldr	r2, [r5, #36]
 1387 0058 6248     		ldr	r0, .L178+8
 1388 005a 1063     		str	r0, [r2, #48]
 1389 005c 2A68     		ldr	r2, [r5]
 1390 005e 3432     		adds	r2, r2, #52
 1391 0060 686A     		ldr	r0, [r5, #36]
 1392 0062 FFF7FEFF 		bl	HAL_DMA_Start_IT
 1393 0066 0028     		cmp	r0, #0
 1394 0068 00D0     		beq	.LCB1514
 1395 006a AEE0     		b	.L168	@long jump
 1396              	.LCB1514:
 1397 006c 2A68     		ldr	r2, [r5]
 1398 006e D168     		ldr	r1, [r2, #12]
 1399 0070 8023     		movs	r3, #128
 1400 0072 9B00     		lsls	r3, r3, #2
 1401 0074 0B43     		orrs	r3, r1
 1402 0076 D360     		str	r3, [r2, #12]
 1403              	.L160:
ARM GAS  C:\Users\fastr\AppData\Local\Temp\cclspFYb.s 			page 25


 1404 0078 2868     		ldr	r0, [r5]
 1405 007a 0422     		movs	r2, #4
 1406 007c 2100     		movs	r1, r4
 1407 007e FFF7FEFF 		bl	TIM_CCxNChannelCmd
 1408 0082 2A68     		ldr	r2, [r5]
 1409 0084 516C     		ldr	r1, [r2, #68]
 1410 0086 8023     		movs	r3, #128
 1411 0088 1B02     		lsls	r3, r3, #8
 1412 008a 0B43     		orrs	r3, r1
 1413 008c 5364     		str	r3, [r2, #68]
 1414 008e 2B68     		ldr	r3, [r5]
 1415 0090 554A     		ldr	r2, .L178+12
 1416 0092 9342     		cmp	r3, r2
 1417 0094 00D1     		bne	.LCB1536
 1418 0096 85E0     		b	.L161	@long jump
 1419              	.LCB1536:
 1420 0098 8022     		movs	r2, #128
 1421 009a D205     		lsls	r2, r2, #23
 1422 009c 9342     		cmp	r3, r2
 1423 009e 00D1     		bne	.LCB1540
 1424 00a0 80E0     		b	.L161	@long jump
 1425              	.LCB1540:
 1426 00a2 524A     		ldr	r2, .L178+16
 1427 00a4 9342     		cmp	r3, r2
 1428 00a6 7DD0     		beq	.L161
 1429 00a8 514A     		ldr	r2, .L178+20
 1430 00aa 9342     		cmp	r3, r2
 1431 00ac 7AD0     		beq	.L161
 1432 00ae 1A68     		ldr	r2, [r3]
 1433 00b0 0121     		movs	r1, #1
 1434 00b2 0A43     		orrs	r2, r1
 1435 00b4 1A60     		str	r2, [r3]
 1436 00b6 0020     		movs	r0, #0
 1437 00b8 82E0     		b	.L149
 1438              	.L145:
 1439 00ba 042C     		cmp	r4, #4
 1440 00bc 08D0     		beq	.L172
 1441 00be 082C     		cmp	r4, #8
 1442 00c0 0DD0     		beq	.L173
 1443 00c2 4522     		movs	r2, #69
 1444 00c4 825C     		ldrb	r2, [r0, r2]
 1445 00c6 023A     		subs	r2, r2, #2
 1446 00c8 5042     		rsbs	r0, r2, #0
 1447 00ca 4241     		adcs	r2, r2, r0
 1448 00cc D2B2     		uxtb	r2, r2
 1449 00ce A3E7     		b	.L146
 1450              	.L172:
 1451 00d0 4322     		movs	r2, #67
 1452 00d2 825C     		ldrb	r2, [r0, r2]
 1453 00d4 023A     		subs	r2, r2, #2
 1454 00d6 5042     		rsbs	r0, r2, #0
 1455 00d8 4241     		adcs	r2, r2, r0
 1456 00da D2B2     		uxtb	r2, r2
 1457 00dc 9CE7     		b	.L146
 1458              	.L173:
 1459 00de 4422     		movs	r2, #68
 1460 00e0 825C     		ldrb	r2, [r0, r2]
ARM GAS  C:\Users\fastr\AppData\Local\Temp\cclspFYb.s 			page 26


 1461 00e2 023A     		subs	r2, r2, #2
 1462 00e4 5042     		rsbs	r0, r2, #0
 1463 00e6 4241     		adcs	r2, r2, r0
 1464 00e8 D2B2     		uxtb	r2, r2
 1465 00ea 95E7     		b	.L146
 1466              	.L150:
 1467 00ec 042C     		cmp	r4, #4
 1468 00ee 08D0     		beq	.L174
 1469 00f0 082C     		cmp	r4, #8
 1470 00f2 0DD0     		beq	.L175
 1471 00f4 4522     		movs	r2, #69
 1472 00f6 AA5C     		ldrb	r2, [r5, r2]
 1473 00f8 013A     		subs	r2, r2, #1
 1474 00fa 5042     		rsbs	r0, r2, #0
 1475 00fc 4241     		adcs	r2, r2, r0
 1476 00fe D2B2     		uxtb	r2, r2
 1477 0100 95E7     		b	.L151
 1478              	.L174:
 1479 0102 4322     		movs	r2, #67
 1480 0104 AA5C     		ldrb	r2, [r5, r2]
 1481 0106 013A     		subs	r2, r2, #1
 1482 0108 5042     		rsbs	r0, r2, #0
 1483 010a 4241     		adcs	r2, r2, r0
 1484 010c D2B2     		uxtb	r2, r2
 1485 010e 8EE7     		b	.L151
 1486              	.L175:
 1487 0110 4422     		movs	r2, #68
 1488 0112 AA5C     		ldrb	r2, [r5, r2]
 1489 0114 013A     		subs	r2, r2, #1
 1490 0116 5042     		rsbs	r0, r2, #0
 1491 0118 4241     		adcs	r2, r2, r0
 1492 011a D2B2     		uxtb	r2, r2
 1493 011c 87E7     		b	.L151
 1494              	.L154:
 1495 011e 042C     		cmp	r4, #4
 1496 0120 0CD0     		beq	.L176
 1497 0122 082C     		cmp	r4, #8
 1498 0124 24D0     		beq	.L177
 1499 0126 4522     		movs	r2, #69
 1500 0128 0220     		movs	r0, #2
 1501 012a A854     		strb	r0, [r5, r2]
 1502 012c 042C     		cmp	r4, #4
 1503 012e 08D0     		beq	.L157
 1504 0130 082C     		cmp	r4, #8
 1505 0132 20D0     		beq	.L159
 1506 0134 002C     		cmp	r4, #0
 1507 0136 88D0     		beq	.L155
 1508 0138 0120     		movs	r0, #1
 1509 013a 41E0     		b	.L149
 1510              	.L176:
 1511 013c 4322     		movs	r2, #67
 1512 013e 0220     		movs	r0, #2
 1513 0140 A854     		strb	r0, [r5, r2]
 1514              	.L157:
 1515 0142 AA6A     		ldr	r2, [r5, #40]
 1516 0144 2548     		ldr	r0, .L178
 1517 0146 9062     		str	r0, [r2, #40]
ARM GAS  C:\Users\fastr\AppData\Local\Temp\cclspFYb.s 			page 27


 1518 0148 AA6A     		ldr	r2, [r5, #40]
 1519 014a 2548     		ldr	r0, .L178+4
 1520 014c D062     		str	r0, [r2, #44]
 1521 014e AA6A     		ldr	r2, [r5, #40]
 1522 0150 2448     		ldr	r0, .L178+8
 1523 0152 1063     		str	r0, [r2, #48]
 1524 0154 2A68     		ldr	r2, [r5]
 1525 0156 3832     		adds	r2, r2, #56
 1526 0158 A86A     		ldr	r0, [r5, #40]
 1527 015a FFF7FEFF 		bl	HAL_DMA_Start_IT
 1528 015e 0028     		cmp	r0, #0
 1529 0160 35D1     		bne	.L169
 1530 0162 2A68     		ldr	r2, [r5]
 1531 0164 D168     		ldr	r1, [r2, #12]
 1532 0166 8023     		movs	r3, #128
 1533 0168 DB00     		lsls	r3, r3, #3
 1534 016a 0B43     		orrs	r3, r1
 1535 016c D360     		str	r3, [r2, #12]
 1536 016e 83E7     		b	.L160
 1537              	.L177:
 1538 0170 4422     		movs	r2, #68
 1539 0172 0220     		movs	r0, #2
 1540 0174 A854     		strb	r0, [r5, r2]
 1541              	.L159:
 1542 0176 EA6A     		ldr	r2, [r5, #44]
 1543 0178 1848     		ldr	r0, .L178
 1544 017a 9062     		str	r0, [r2, #40]
 1545 017c EA6A     		ldr	r2, [r5, #44]
 1546 017e 1848     		ldr	r0, .L178+4
 1547 0180 D062     		str	r0, [r2, #44]
 1548 0182 EA6A     		ldr	r2, [r5, #44]
 1549 0184 1748     		ldr	r0, .L178+8
 1550 0186 1063     		str	r0, [r2, #48]
 1551 0188 2A68     		ldr	r2, [r5]
 1552 018a 3C32     		adds	r2, r2, #60
 1553 018c E86A     		ldr	r0, [r5, #44]
 1554 018e FFF7FEFF 		bl	HAL_DMA_Start_IT
 1555 0192 0028     		cmp	r0, #0
 1556 0194 1DD1     		bne	.L170
 1557 0196 2A68     		ldr	r2, [r5]
 1558 0198 D168     		ldr	r1, [r2, #12]
 1559 019a 8023     		movs	r3, #128
 1560 019c 1B01     		lsls	r3, r3, #4
 1561 019e 0B43     		orrs	r3, r1
 1562 01a0 D360     		str	r3, [r2, #12]
 1563 01a2 69E7     		b	.L160
 1564              	.L161:
 1565 01a4 9968     		ldr	r1, [r3, #8]
 1566 01a6 0722     		movs	r2, #7
 1567 01a8 0A40     		ands	r2, r1
 1568 01aa 062A     		cmp	r2, #6
 1569 01ac 13D0     		beq	.L171
 1570 01ae 1A68     		ldr	r2, [r3]
 1571 01b0 0121     		movs	r1, #1
 1572 01b2 0A43     		orrs	r2, r1
 1573 01b4 1A60     		str	r2, [r3]
 1574 01b6 0020     		movs	r0, #0
ARM GAS  C:\Users\fastr\AppData\Local\Temp\cclspFYb.s 			page 28


 1575 01b8 02E0     		b	.L149
 1576              	.L163:
 1577 01ba 0220     		movs	r0, #2
 1578 01bc 00E0     		b	.L149
 1579              	.L164:
 1580 01be 0120     		movs	r0, #1
 1581              	.L149:
 1582              		@ sp needed
 1583 01c0 70BD     		pop	{r4, r5, r6, pc}
 1584              	.L165:
 1585 01c2 0120     		movs	r0, #1
 1586 01c4 FCE7     		b	.L149
 1587              	.L166:
 1588 01c6 0120     		movs	r0, #1
 1589 01c8 FAE7     		b	.L149
 1590              	.L168:
 1591 01ca 0120     		movs	r0, #1
 1592 01cc F8E7     		b	.L149
 1593              	.L169:
 1594 01ce 0120     		movs	r0, #1
 1595 01d0 F6E7     		b	.L149
 1596              	.L170:
 1597 01d2 0120     		movs	r0, #1
 1598 01d4 F4E7     		b	.L149
 1599              	.L171:
 1600 01d6 0020     		movs	r0, #0
 1601 01d8 F2E7     		b	.L149
 1602              	.L179:
 1603 01da C046     		.align	2
 1604              	.L178:
 1605 01dc 00000000 		.word	TIM_DMADelayPulseNCplt
 1606 01e0 00000000 		.word	TIM_DMADelayPulseHalfCplt
 1607 01e4 00000000 		.word	TIM_DMAErrorCCxN
 1608 01e8 002C0140 		.word	1073818624
 1609 01ec 00040040 		.word	1073742848
 1610 01f0 00400140 		.word	1073823744
 1612              		.section	.text.HAL_TIMEx_OCN_Stop_DMA,"ax",%progbits
 1613              		.align	1
 1614              		.global	HAL_TIMEx_OCN_Stop_DMA
 1615              		.syntax unified
 1616              		.code	16
 1617              		.thumb_func
 1619              	HAL_TIMEx_OCN_Stop_DMA:
 1620              		@ args = 0, pretend = 0, frame = 0
 1621              		@ frame_needed = 0, uses_anonymous_args = 0
 1622 0000 70B5     		push	{r4, r5, r6, lr}
 1623 0002 0400     		movs	r4, r0
 1624 0004 0D00     		movs	r5, r1
 1625 0006 0429     		cmp	r1, #4
 1626 0008 31D0     		beq	.L181
 1627 000a 0829     		cmp	r1, #8
 1628 000c 38D0     		beq	.L182
 1629 000e 0029     		cmp	r1, #0
 1630 0010 52D1     		bne	.L190
 1631 0012 0268     		ldr	r2, [r0]
 1632 0014 D368     		ldr	r3, [r2, #12]
 1633 0016 2949     		ldr	r1, .L193
ARM GAS  C:\Users\fastr\AppData\Local\Temp\cclspFYb.s 			page 29


 1634 0018 0B40     		ands	r3, r1
 1635 001a D360     		str	r3, [r2, #12]
 1636 001c 406A     		ldr	r0, [r0, #36]
 1637 001e FFF7FEFF 		bl	HAL_DMA_Abort_IT
 1638              	.L184:
 1639 0022 2068     		ldr	r0, [r4]
 1640 0024 0022     		movs	r2, #0
 1641 0026 2900     		movs	r1, r5
 1642 0028 FFF7FEFF 		bl	TIM_CCxNChannelCmd
 1643 002c 2368     		ldr	r3, [r4]
 1644 002e 196A     		ldr	r1, [r3, #32]
 1645 0030 234A     		ldr	r2, .L193+4
 1646 0032 1142     		tst	r1, r2
 1647 0034 07D1     		bne	.L185
 1648 0036 196A     		ldr	r1, [r3, #32]
 1649 0038 224A     		ldr	r2, .L193+8
 1650 003a 1142     		tst	r1, r2
 1651 003c 03D1     		bne	.L185
 1652 003e 5A6C     		ldr	r2, [r3, #68]
 1653 0040 2149     		ldr	r1, .L193+12
 1654 0042 0A40     		ands	r2, r1
 1655 0044 5A64     		str	r2, [r3, #68]
 1656              	.L185:
 1657 0046 2368     		ldr	r3, [r4]
 1658 0048 196A     		ldr	r1, [r3, #32]
 1659 004a 1D4A     		ldr	r2, .L193+4
 1660 004c 1142     		tst	r1, r2
 1661 004e 07D1     		bne	.L186
 1662 0050 196A     		ldr	r1, [r3, #32]
 1663 0052 1C4A     		ldr	r2, .L193+8
 1664 0054 1142     		tst	r1, r2
 1665 0056 03D1     		bne	.L186
 1666 0058 1A68     		ldr	r2, [r3]
 1667 005a 0121     		movs	r1, #1
 1668 005c 8A43     		bics	r2, r1
 1669 005e 1A60     		str	r2, [r3]
 1670              	.L186:
 1671 0060 002D     		cmp	r5, #0
 1672 0062 16D1     		bne	.L187
 1673 0064 4223     		movs	r3, #66
 1674 0066 0122     		movs	r2, #1
 1675 0068 E254     		strb	r2, [r4, r3]
 1676 006a 0020     		movs	r0, #0
 1677              	.L183:
 1678              		@ sp needed
 1679 006c 70BD     		pop	{r4, r5, r6, pc}
 1680              	.L181:
 1681 006e 0268     		ldr	r2, [r0]
 1682 0070 D368     		ldr	r3, [r2, #12]
 1683 0072 1649     		ldr	r1, .L193+16
 1684 0074 0B40     		ands	r3, r1
 1685 0076 D360     		str	r3, [r2, #12]
 1686 0078 806A     		ldr	r0, [r0, #40]
 1687 007a FFF7FEFF 		bl	HAL_DMA_Abort_IT
 1688 007e D0E7     		b	.L184
 1689              	.L182:
 1690 0080 0268     		ldr	r2, [r0]
ARM GAS  C:\Users\fastr\AppData\Local\Temp\cclspFYb.s 			page 30


 1691 0082 D368     		ldr	r3, [r2, #12]
 1692 0084 1249     		ldr	r1, .L193+20
 1693 0086 0B40     		ands	r3, r1
 1694 0088 D360     		str	r3, [r2, #12]
 1695 008a C06A     		ldr	r0, [r0, #44]
 1696 008c FFF7FEFF 		bl	HAL_DMA_Abort_IT
 1697 0090 C7E7     		b	.L184
 1698              	.L187:
 1699 0092 042D     		cmp	r5, #4
 1700 0094 06D0     		beq	.L191
 1701 0096 082D     		cmp	r5, #8
 1702 0098 09D0     		beq	.L192
 1703 009a 4523     		movs	r3, #69
 1704 009c 0122     		movs	r2, #1
 1705 009e E254     		strb	r2, [r4, r3]
 1706 00a0 0020     		movs	r0, #0
 1707 00a2 E3E7     		b	.L183
 1708              	.L191:
 1709 00a4 4323     		movs	r3, #67
 1710 00a6 0122     		movs	r2, #1
 1711 00a8 E254     		strb	r2, [r4, r3]
 1712 00aa 0020     		movs	r0, #0
 1713 00ac DEE7     		b	.L183
 1714              	.L192:
 1715 00ae 4423     		movs	r3, #68
 1716 00b0 0122     		movs	r2, #1
 1717 00b2 E254     		strb	r2, [r4, r3]
 1718 00b4 0020     		movs	r0, #0
 1719 00b6 D9E7     		b	.L183
 1720              	.L190:
 1721 00b8 0120     		movs	r0, #1
 1722 00ba D7E7     		b	.L183
 1723              	.L194:
 1724              		.align	2
 1725              	.L193:
 1726 00bc FFFDFFFF 		.word	-513
 1727 00c0 11110000 		.word	4369
 1728 00c4 44040000 		.word	1092
 1729 00c8 FF7FFFFF 		.word	-32769
 1730 00cc FFFBFFFF 		.word	-1025
 1731 00d0 FFF7FFFF 		.word	-2049
 1733              		.section	.text.HAL_TIMEx_PWMN_Start,"ax",%progbits
 1734              		.align	1
 1735              		.global	HAL_TIMEx_PWMN_Start
 1736              		.syntax unified
 1737              		.code	16
 1738              		.thumb_func
 1740              	HAL_TIMEx_PWMN_Start:
 1741              		@ args = 0, pretend = 0, frame = 0
 1742              		@ frame_needed = 0, uses_anonymous_args = 0
 1743 0000 10B5     		push	{r4, lr}
 1744 0002 0400     		movs	r4, r0
 1745 0004 0029     		cmp	r1, #0
 1746 0006 2AD1     		bne	.L196
 1747 0008 4223     		movs	r3, #66
 1748 000a C35C     		ldrb	r3, [r0, r3]
 1749 000c 013B     		subs	r3, r3, #1
ARM GAS  C:\Users\fastr\AppData\Local\Temp\cclspFYb.s 			page 31


 1750 000e 5A1E     		subs	r2, r3, #1
 1751 0010 9341     		sbcs	r3, r3, r2
 1752 0012 DBB2     		uxtb	r3, r3
 1753              	.L197:
 1754 0014 002B     		cmp	r3, #0
 1755 0016 56D1     		bne	.L207
 1756 0018 0029     		cmp	r1, #0
 1757 001a 39D1     		bne	.L201
 1758 001c 4233     		adds	r3, r3, #66
 1759 001e 0222     		movs	r2, #2
 1760 0020 E254     		strb	r2, [r4, r3]
 1761              	.L202:
 1762 0022 2068     		ldr	r0, [r4]
 1763 0024 0422     		movs	r2, #4
 1764 0026 FFF7FEFF 		bl	TIM_CCxNChannelCmd
 1765 002a 2268     		ldr	r2, [r4]
 1766 002c 516C     		ldr	r1, [r2, #68]
 1767 002e 8023     		movs	r3, #128
 1768 0030 1B02     		lsls	r3, r3, #8
 1769 0032 0B43     		orrs	r3, r1
 1770 0034 5364     		str	r3, [r2, #68]
 1771 0036 2368     		ldr	r3, [r4]
 1772 0038 254A     		ldr	r2, .L213
 1773 003a 9342     		cmp	r3, r2
 1774 003c 38D0     		beq	.L205
 1775 003e 8022     		movs	r2, #128
 1776 0040 D205     		lsls	r2, r2, #23
 1777 0042 9342     		cmp	r3, r2
 1778 0044 34D0     		beq	.L205
 1779 0046 234A     		ldr	r2, .L213+4
 1780 0048 9342     		cmp	r3, r2
 1781 004a 31D0     		beq	.L205
 1782 004c 224A     		ldr	r2, .L213+8
 1783 004e 9342     		cmp	r3, r2
 1784 0050 2ED0     		beq	.L205
 1785 0052 1A68     		ldr	r2, [r3]
 1786 0054 0121     		movs	r1, #1
 1787 0056 0A43     		orrs	r2, r1
 1788 0058 1A60     		str	r2, [r3]
 1789 005a 0020     		movs	r0, #0
 1790 005c 34E0     		b	.L200
 1791              	.L196:
 1792 005e 0429     		cmp	r1, #4
 1793 0060 08D0     		beq	.L209
 1794 0062 0829     		cmp	r1, #8
 1795 0064 0DD0     		beq	.L210
 1796 0066 4523     		movs	r3, #69
 1797 0068 C35C     		ldrb	r3, [r0, r3]
 1798 006a 013B     		subs	r3, r3, #1
 1799 006c 5A1E     		subs	r2, r3, #1
 1800 006e 9341     		sbcs	r3, r3, r2
 1801 0070 DBB2     		uxtb	r3, r3
 1802 0072 CFE7     		b	.L197
 1803              	.L209:
 1804 0074 4323     		movs	r3, #67
 1805 0076 C35C     		ldrb	r3, [r0, r3]
 1806 0078 013B     		subs	r3, r3, #1
ARM GAS  C:\Users\fastr\AppData\Local\Temp\cclspFYb.s 			page 32


 1807 007a 5A1E     		subs	r2, r3, #1
 1808 007c 9341     		sbcs	r3, r3, r2
 1809 007e DBB2     		uxtb	r3, r3
 1810 0080 C8E7     		b	.L197
 1811              	.L210:
 1812 0082 4423     		movs	r3, #68
 1813 0084 C35C     		ldrb	r3, [r0, r3]
 1814 0086 013B     		subs	r3, r3, #1
 1815 0088 5A1E     		subs	r2, r3, #1
 1816 008a 9341     		sbcs	r3, r3, r2
 1817 008c DBB2     		uxtb	r3, r3
 1818 008e C1E7     		b	.L197
 1819              	.L201:
 1820 0090 0429     		cmp	r1, #4
 1821 0092 05D0     		beq	.L211
 1822 0094 0829     		cmp	r1, #8
 1823 0096 07D0     		beq	.L212
 1824 0098 4523     		movs	r3, #69
 1825 009a 0222     		movs	r2, #2
 1826 009c E254     		strb	r2, [r4, r3]
 1827 009e C0E7     		b	.L202
 1828              	.L211:
 1829 00a0 4323     		movs	r3, #67
 1830 00a2 0222     		movs	r2, #2
 1831 00a4 E254     		strb	r2, [r4, r3]
 1832 00a6 BCE7     		b	.L202
 1833              	.L212:
 1834 00a8 4423     		movs	r3, #68
 1835 00aa 0222     		movs	r2, #2
 1836 00ac E254     		strb	r2, [r4, r3]
 1837 00ae B8E7     		b	.L202
 1838              	.L205:
 1839 00b0 9968     		ldr	r1, [r3, #8]
 1840 00b2 0722     		movs	r2, #7
 1841 00b4 0A40     		ands	r2, r1
 1842 00b6 062A     		cmp	r2, #6
 1843 00b8 07D0     		beq	.L208
 1844 00ba 1A68     		ldr	r2, [r3]
 1845 00bc 0121     		movs	r1, #1
 1846 00be 0A43     		orrs	r2, r1
 1847 00c0 1A60     		str	r2, [r3]
 1848 00c2 0020     		movs	r0, #0
 1849 00c4 00E0     		b	.L200
 1850              	.L207:
 1851 00c6 0120     		movs	r0, #1
 1852              	.L200:
 1853              		@ sp needed
 1854 00c8 10BD     		pop	{r4, pc}
 1855              	.L208:
 1856 00ca 0020     		movs	r0, #0
 1857 00cc FCE7     		b	.L200
 1858              	.L214:
 1859 00ce C046     		.align	2
 1860              	.L213:
 1861 00d0 002C0140 		.word	1073818624
 1862 00d4 00040040 		.word	1073742848
 1863 00d8 00400140 		.word	1073823744
ARM GAS  C:\Users\fastr\AppData\Local\Temp\cclspFYb.s 			page 33


 1865              		.section	.text.HAL_TIMEx_PWMN_Stop,"ax",%progbits
 1866              		.align	1
 1867              		.global	HAL_TIMEx_PWMN_Stop
 1868              		.syntax unified
 1869              		.code	16
 1870              		.thumb_func
 1872              	HAL_TIMEx_PWMN_Stop:
 1873              		@ args = 0, pretend = 0, frame = 0
 1874              		@ frame_needed = 0, uses_anonymous_args = 0
 1875 0000 70B5     		push	{r4, r5, r6, lr}
 1876 0002 0400     		movs	r4, r0
 1877 0004 0D00     		movs	r5, r1
 1878 0006 0068     		ldr	r0, [r0]
 1879 0008 0022     		movs	r2, #0
 1880 000a FFF7FEFF 		bl	TIM_CCxNChannelCmd
 1881 000e 2368     		ldr	r3, [r4]
 1882 0010 196A     		ldr	r1, [r3, #32]
 1883 0012 174A     		ldr	r2, .L224
 1884 0014 1142     		tst	r1, r2
 1885 0016 07D1     		bne	.L216
 1886 0018 196A     		ldr	r1, [r3, #32]
 1887 001a 164A     		ldr	r2, .L224+4
 1888 001c 1142     		tst	r1, r2
 1889 001e 03D1     		bne	.L216
 1890 0020 5A6C     		ldr	r2, [r3, #68]
 1891 0022 1549     		ldr	r1, .L224+8
 1892 0024 0A40     		ands	r2, r1
 1893 0026 5A64     		str	r2, [r3, #68]
 1894              	.L216:
 1895 0028 2368     		ldr	r3, [r4]
 1896 002a 196A     		ldr	r1, [r3, #32]
 1897 002c 104A     		ldr	r2, .L224
 1898 002e 1142     		tst	r1, r2
 1899 0030 07D1     		bne	.L217
 1900 0032 196A     		ldr	r1, [r3, #32]
 1901 0034 0F4A     		ldr	r2, .L224+4
 1902 0036 1142     		tst	r1, r2
 1903 0038 03D1     		bne	.L217
 1904 003a 1A68     		ldr	r2, [r3]
 1905 003c 0121     		movs	r1, #1
 1906 003e 8A43     		bics	r2, r1
 1907 0040 1A60     		str	r2, [r3]
 1908              	.L217:
 1909 0042 002D     		cmp	r5, #0
 1910 0044 04D1     		bne	.L218
 1911 0046 4223     		movs	r3, #66
 1912 0048 0122     		movs	r2, #1
 1913 004a E254     		strb	r2, [r4, r3]
 1914              	.L219:
 1915 004c 0020     		movs	r0, #0
 1916              		@ sp needed
 1917 004e 70BD     		pop	{r4, r5, r6, pc}
 1918              	.L218:
 1919 0050 042D     		cmp	r5, #4
 1920 0052 05D0     		beq	.L222
 1921 0054 082D     		cmp	r5, #8
 1922 0056 07D0     		beq	.L223
ARM GAS  C:\Users\fastr\AppData\Local\Temp\cclspFYb.s 			page 34


 1923 0058 4523     		movs	r3, #69
 1924 005a 0122     		movs	r2, #1
 1925 005c E254     		strb	r2, [r4, r3]
 1926 005e F5E7     		b	.L219
 1927              	.L222:
 1928 0060 4323     		movs	r3, #67
 1929 0062 0122     		movs	r2, #1
 1930 0064 E254     		strb	r2, [r4, r3]
 1931 0066 F1E7     		b	.L219
 1932              	.L223:
 1933 0068 4423     		movs	r3, #68
 1934 006a 0122     		movs	r2, #1
 1935 006c E254     		strb	r2, [r4, r3]
 1936 006e EDE7     		b	.L219
 1937              	.L225:
 1938              		.align	2
 1939              	.L224:
 1940 0070 11110000 		.word	4369
 1941 0074 44040000 		.word	1092
 1942 0078 FF7FFFFF 		.word	-32769
 1944              		.section	.text.HAL_TIMEx_PWMN_Start_IT,"ax",%progbits
 1945              		.align	1
 1946              		.global	HAL_TIMEx_PWMN_Start_IT
 1947              		.syntax unified
 1948              		.code	16
 1949              		.thumb_func
 1951              	HAL_TIMEx_PWMN_Start_IT:
 1952              		@ args = 0, pretend = 0, frame = 0
 1953              		@ frame_needed = 0, uses_anonymous_args = 0
 1954 0000 10B5     		push	{r4, lr}
 1955 0002 0400     		movs	r4, r0
 1956 0004 0029     		cmp	r1, #0
 1957 0006 34D1     		bne	.L227
 1958 0008 4223     		movs	r3, #66
 1959 000a C35C     		ldrb	r3, [r0, r3]
 1960 000c 013B     		subs	r3, r3, #1
 1961 000e 5A1E     		subs	r2, r3, #1
 1962 0010 9341     		sbcs	r3, r3, r2
 1963 0012 DBB2     		uxtb	r3, r3
 1964              	.L228:
 1965 0014 002B     		cmp	r3, #0
 1966 0016 71D1     		bne	.L241
 1967 0018 0029     		cmp	r1, #0
 1968 001a 43D1     		bne	.L232
 1969 001c 4233     		adds	r3, r3, #66
 1970 001e 0222     		movs	r2, #2
 1971 0020 E254     		strb	r2, [r4, r3]
 1972              	.L233:
 1973 0022 2268     		ldr	r2, [r4]
 1974 0024 D368     		ldr	r3, [r2, #12]
 1975 0026 0220     		movs	r0, #2
 1976 0028 0343     		orrs	r3, r0
 1977 002a D360     		str	r3, [r2, #12]
 1978              	.L238:
 1979 002c 2268     		ldr	r2, [r4]
 1980 002e D368     		ldr	r3, [r2, #12]
 1981 0030 8020     		movs	r0, #128
ARM GAS  C:\Users\fastr\AppData\Local\Temp\cclspFYb.s 			page 35


 1982 0032 0343     		orrs	r3, r0
 1983 0034 D360     		str	r3, [r2, #12]
 1984 0036 2068     		ldr	r0, [r4]
 1985 0038 0422     		movs	r2, #4
 1986 003a FFF7FEFF 		bl	TIM_CCxNChannelCmd
 1987 003e 2268     		ldr	r2, [r4]
 1988 0040 516C     		ldr	r1, [r2, #68]
 1989 0042 8023     		movs	r3, #128
 1990 0044 1B02     		lsls	r3, r3, #8
 1991 0046 0B43     		orrs	r3, r1
 1992 0048 5364     		str	r3, [r2, #68]
 1993 004a 2368     		ldr	r3, [r4]
 1994 004c 2D4A     		ldr	r2, .L248
 1995 004e 9342     		cmp	r3, r2
 1996 0050 49D0     		beq	.L239
 1997 0052 8022     		movs	r2, #128
 1998 0054 D205     		lsls	r2, r2, #23
 1999 0056 9342     		cmp	r3, r2
 2000 0058 45D0     		beq	.L239
 2001 005a 2B4A     		ldr	r2, .L248+4
 2002 005c 9342     		cmp	r3, r2
 2003 005e 42D0     		beq	.L239
 2004 0060 2A4A     		ldr	r2, .L248+8
 2005 0062 9342     		cmp	r3, r2
 2006 0064 3FD0     		beq	.L239
 2007 0066 1A68     		ldr	r2, [r3]
 2008 0068 0121     		movs	r1, #1
 2009 006a 0A43     		orrs	r2, r1
 2010 006c 1A60     		str	r2, [r3]
 2011 006e 0020     		movs	r0, #0
 2012 0070 45E0     		b	.L231
 2013              	.L227:
 2014 0072 0429     		cmp	r1, #4
 2015 0074 08D0     		beq	.L244
 2016 0076 0829     		cmp	r1, #8
 2017 0078 0DD0     		beq	.L245
 2018 007a 4523     		movs	r3, #69
 2019 007c C35C     		ldrb	r3, [r0, r3]
 2020 007e 013B     		subs	r3, r3, #1
 2021 0080 5A1E     		subs	r2, r3, #1
 2022 0082 9341     		sbcs	r3, r3, r2
 2023 0084 DBB2     		uxtb	r3, r3
 2024 0086 C5E7     		b	.L228
 2025              	.L244:
 2026 0088 4323     		movs	r3, #67
 2027 008a C35C     		ldrb	r3, [r0, r3]
 2028 008c 013B     		subs	r3, r3, #1
 2029 008e 5A1E     		subs	r2, r3, #1
 2030 0090 9341     		sbcs	r3, r3, r2
 2031 0092 DBB2     		uxtb	r3, r3
 2032 0094 BEE7     		b	.L228
 2033              	.L245:
 2034 0096 4423     		movs	r3, #68
 2035 0098 C35C     		ldrb	r3, [r0, r3]
 2036 009a 013B     		subs	r3, r3, #1
 2037 009c 5A1E     		subs	r2, r3, #1
 2038 009e 9341     		sbcs	r3, r3, r2
ARM GAS  C:\Users\fastr\AppData\Local\Temp\cclspFYb.s 			page 36


 2039 00a0 DBB2     		uxtb	r3, r3
 2040 00a2 B7E7     		b	.L228
 2041              	.L232:
 2042 00a4 0429     		cmp	r1, #4
 2043 00a6 0CD0     		beq	.L246
 2044 00a8 0829     		cmp	r1, #8
 2045 00aa 13D0     		beq	.L247
 2046 00ac 4523     		movs	r3, #69
 2047 00ae 0222     		movs	r2, #2
 2048 00b0 E254     		strb	r2, [r4, r3]
 2049 00b2 0429     		cmp	r1, #4
 2050 00b4 08D0     		beq	.L235
 2051 00b6 0829     		cmp	r1, #8
 2052 00b8 0FD0     		beq	.L237
 2053 00ba 0029     		cmp	r1, #0
 2054 00bc B1D0     		beq	.L233
 2055 00be 0120     		movs	r0, #1
 2056 00c0 1DE0     		b	.L231
 2057              	.L246:
 2058 00c2 4323     		movs	r3, #67
 2059 00c4 0222     		movs	r2, #2
 2060 00c6 E254     		strb	r2, [r4, r3]
 2061              	.L235:
 2062 00c8 2268     		ldr	r2, [r4]
 2063 00ca D368     		ldr	r3, [r2, #12]
 2064 00cc 0420     		movs	r0, #4
 2065 00ce 0343     		orrs	r3, r0
 2066 00d0 D360     		str	r3, [r2, #12]
 2067 00d2 ABE7     		b	.L238
 2068              	.L247:
 2069 00d4 4423     		movs	r3, #68
 2070 00d6 0222     		movs	r2, #2
 2071 00d8 E254     		strb	r2, [r4, r3]
 2072              	.L237:
 2073 00da 2268     		ldr	r2, [r4]
 2074 00dc D368     		ldr	r3, [r2, #12]
 2075 00de 0820     		movs	r0, #8
 2076 00e0 0343     		orrs	r3, r0
 2077 00e2 D360     		str	r3, [r2, #12]
 2078 00e4 A2E7     		b	.L238
 2079              	.L239:
 2080 00e6 9968     		ldr	r1, [r3, #8]
 2081 00e8 0722     		movs	r2, #7
 2082 00ea 0A40     		ands	r2, r1
 2083 00ec 062A     		cmp	r2, #6
 2084 00ee 07D0     		beq	.L243
 2085 00f0 1A68     		ldr	r2, [r3]
 2086 00f2 0121     		movs	r1, #1
 2087 00f4 0A43     		orrs	r2, r1
 2088 00f6 1A60     		str	r2, [r3]
 2089 00f8 0020     		movs	r0, #0
 2090 00fa 00E0     		b	.L231
 2091              	.L241:
 2092 00fc 0120     		movs	r0, #1
 2093              	.L231:
 2094              		@ sp needed
 2095 00fe 10BD     		pop	{r4, pc}
ARM GAS  C:\Users\fastr\AppData\Local\Temp\cclspFYb.s 			page 37


 2096              	.L243:
 2097 0100 0020     		movs	r0, #0
 2098 0102 FCE7     		b	.L231
 2099              	.L249:
 2100              		.align	2
 2101              	.L248:
 2102 0104 002C0140 		.word	1073818624
 2103 0108 00040040 		.word	1073742848
 2104 010c 00400140 		.word	1073823744
 2106              		.section	.text.HAL_TIMEx_PWMN_Stop_IT,"ax",%progbits
 2107              		.align	1
 2108              		.global	HAL_TIMEx_PWMN_Stop_IT
 2109              		.syntax unified
 2110              		.code	16
 2111              		.thumb_func
 2113              	HAL_TIMEx_PWMN_Stop_IT:
 2114              		@ args = 0, pretend = 0, frame = 0
 2115              		@ frame_needed = 0, uses_anonymous_args = 0
 2116 0000 70B5     		push	{r4, r5, r6, lr}
 2117 0002 0400     		movs	r4, r0
 2118 0004 0D00     		movs	r5, r1
 2119 0006 0429     		cmp	r1, #4
 2120 0008 37D0     		beq	.L251
 2121 000a 0829     		cmp	r1, #8
 2122 000c 3BD0     		beq	.L252
 2123 000e 0029     		cmp	r1, #0
 2124 0010 52D1     		bne	.L261
 2125 0012 0268     		ldr	r2, [r0]
 2126 0014 D368     		ldr	r3, [r2, #12]
 2127 0016 0221     		movs	r1, #2
 2128 0018 8B43     		bics	r3, r1
 2129 001a D360     		str	r3, [r2, #12]
 2130              	.L254:
 2131 001c 2068     		ldr	r0, [r4]
 2132 001e 0022     		movs	r2, #0
 2133 0020 2900     		movs	r1, r5
 2134 0022 FFF7FEFF 		bl	TIM_CCxNChannelCmd
 2135 0026 2368     		ldr	r3, [r4]
 2136 0028 196A     		ldr	r1, [r3, #32]
 2137 002a 244A     		ldr	r2, .L264
 2138 002c 1142     		tst	r1, r2
 2139 002e 03D1     		bne	.L255
 2140 0030 DA68     		ldr	r2, [r3, #12]
 2141 0032 8021     		movs	r1, #128
 2142 0034 8A43     		bics	r2, r1
 2143 0036 DA60     		str	r2, [r3, #12]
 2144              	.L255:
 2145 0038 2368     		ldr	r3, [r4]
 2146 003a 196A     		ldr	r1, [r3, #32]
 2147 003c 204A     		ldr	r2, .L264+4
 2148 003e 1142     		tst	r1, r2
 2149 0040 07D1     		bne	.L256
 2150 0042 196A     		ldr	r1, [r3, #32]
 2151 0044 1D4A     		ldr	r2, .L264
 2152 0046 1142     		tst	r1, r2
 2153 0048 03D1     		bne	.L256
 2154 004a 5A6C     		ldr	r2, [r3, #68]
ARM GAS  C:\Users\fastr\AppData\Local\Temp\cclspFYb.s 			page 38


 2155 004c 1D49     		ldr	r1, .L264+8
 2156 004e 0A40     		ands	r2, r1
 2157 0050 5A64     		str	r2, [r3, #68]
 2158              	.L256:
 2159 0052 2368     		ldr	r3, [r4]
 2160 0054 196A     		ldr	r1, [r3, #32]
 2161 0056 1A4A     		ldr	r2, .L264+4
 2162 0058 1142     		tst	r1, r2
 2163 005a 07D1     		bne	.L257
 2164 005c 196A     		ldr	r1, [r3, #32]
 2165 005e 174A     		ldr	r2, .L264
 2166 0060 1142     		tst	r1, r2
 2167 0062 03D1     		bne	.L257
 2168 0064 1A68     		ldr	r2, [r3]
 2169 0066 0121     		movs	r1, #1
 2170 0068 8A43     		bics	r2, r1
 2171 006a 1A60     		str	r2, [r3]
 2172              	.L257:
 2173 006c 002D     		cmp	r5, #0
 2174 006e 10D1     		bne	.L258
 2175 0070 4223     		movs	r3, #66
 2176 0072 0122     		movs	r2, #1
 2177 0074 E254     		strb	r2, [r4, r3]
 2178 0076 0020     		movs	r0, #0
 2179              	.L253:
 2180              		@ sp needed
 2181 0078 70BD     		pop	{r4, r5, r6, pc}
 2182              	.L251:
 2183 007a 0268     		ldr	r2, [r0]
 2184 007c D368     		ldr	r3, [r2, #12]
 2185 007e 0421     		movs	r1, #4
 2186 0080 8B43     		bics	r3, r1
 2187 0082 D360     		str	r3, [r2, #12]
 2188 0084 CAE7     		b	.L254
 2189              	.L252:
 2190 0086 0268     		ldr	r2, [r0]
 2191 0088 D368     		ldr	r3, [r2, #12]
 2192 008a 0821     		movs	r1, #8
 2193 008c 8B43     		bics	r3, r1
 2194 008e D360     		str	r3, [r2, #12]
 2195 0090 C4E7     		b	.L254
 2196              	.L258:
 2197 0092 042D     		cmp	r5, #4
 2198 0094 06D0     		beq	.L262
 2199 0096 082D     		cmp	r5, #8
 2200 0098 09D0     		beq	.L263
 2201 009a 4523     		movs	r3, #69
 2202 009c 0122     		movs	r2, #1
 2203 009e E254     		strb	r2, [r4, r3]
 2204 00a0 0020     		movs	r0, #0
 2205 00a2 E9E7     		b	.L253
 2206              	.L262:
 2207 00a4 4323     		movs	r3, #67
 2208 00a6 0122     		movs	r2, #1
 2209 00a8 E254     		strb	r2, [r4, r3]
 2210 00aa 0020     		movs	r0, #0
 2211 00ac E4E7     		b	.L253
ARM GAS  C:\Users\fastr\AppData\Local\Temp\cclspFYb.s 			page 39


 2212              	.L263:
 2213 00ae 4423     		movs	r3, #68
 2214 00b0 0122     		movs	r2, #1
 2215 00b2 E254     		strb	r2, [r4, r3]
 2216 00b4 0020     		movs	r0, #0
 2217 00b6 DFE7     		b	.L253
 2218              	.L261:
 2219 00b8 0120     		movs	r0, #1
 2220 00ba DDE7     		b	.L253
 2221              	.L265:
 2222              		.align	2
 2223              	.L264:
 2224 00bc 44040000 		.word	1092
 2225 00c0 11110000 		.word	4369
 2226 00c4 FF7FFFFF 		.word	-32769
 2228              		.section	.text.HAL_TIMEx_PWMN_Start_DMA,"ax",%progbits
 2229              		.align	1
 2230              		.global	HAL_TIMEx_PWMN_Start_DMA
 2231              		.syntax unified
 2232              		.code	16
 2233              		.thumb_func
 2235              	HAL_TIMEx_PWMN_Start_DMA:
 2236              		@ args = 0, pretend = 0, frame = 0
 2237              		@ frame_needed = 0, uses_anonymous_args = 0
 2238 0000 70B5     		push	{r4, r5, r6, lr}
 2239 0002 0500     		movs	r5, r0
 2240 0004 0C00     		movs	r4, r1
 2241 0006 1100     		movs	r1, r2
 2242 0008 002C     		cmp	r4, #0
 2243 000a 56D1     		bne	.L267
 2244 000c 4222     		movs	r2, #66
 2245 000e 825C     		ldrb	r2, [r0, r2]
 2246 0010 023A     		subs	r2, r2, #2
 2247 0012 5042     		rsbs	r0, r2, #0
 2248 0014 4241     		adcs	r2, r2, r0
 2249 0016 D2B2     		uxtb	r2, r2
 2250              	.L268:
 2251 0018 002A     		cmp	r2, #0
 2252 001a 00D0     		beq	.LCB2513
 2253 001c CDE0     		b	.L285	@long jump
 2254              	.LCB2513:
 2255 001e 002C     		cmp	r4, #0
 2256 0020 64D1     		bne	.L272
 2257 0022 4232     		adds	r2, r2, #66
 2258 0024 AA5C     		ldrb	r2, [r5, r2]
 2259 0026 013A     		subs	r2, r2, #1
 2260 0028 5042     		rsbs	r0, r2, #0
 2261 002a 4241     		adcs	r2, r2, r0
 2262 002c D2B2     		uxtb	r2, r2
 2263              	.L273:
 2264 002e 002A     		cmp	r2, #0
 2265 0030 00D1     		bne	.LCB2525
 2266 0032 C4E0     		b	.L286	@long jump
 2267              	.LCB2525:
 2268 0034 0029     		cmp	r1, #0
 2269 0036 00D1     		bne	.LCB2527
 2270 0038 C3E0     		b	.L287	@long jump
ARM GAS  C:\Users\fastr\AppData\Local\Temp\cclspFYb.s 			page 40


 2271              	.LCB2527:
 2272 003a 002B     		cmp	r3, #0
 2273 003c 00D1     		bne	.LCB2529
 2274 003e C2E0     		b	.L288	@long jump
 2275              	.LCB2529:
 2276 0040 002C     		cmp	r4, #0
 2277 0042 6CD1     		bne	.L276
 2278 0044 4222     		movs	r2, #66
 2279 0046 0220     		movs	r0, #2
 2280 0048 A854     		strb	r0, [r5, r2]
 2281              	.L277:
 2282 004a 6A6A     		ldr	r2, [r5, #36]
 2283 004c 6348     		ldr	r0, .L300
 2284 004e 9062     		str	r0, [r2, #40]
 2285 0050 6A6A     		ldr	r2, [r5, #36]
 2286 0052 6348     		ldr	r0, .L300+4
 2287 0054 D062     		str	r0, [r2, #44]
 2288 0056 6A6A     		ldr	r2, [r5, #36]
 2289 0058 6248     		ldr	r0, .L300+8
 2290 005a 1063     		str	r0, [r2, #48]
 2291 005c 2A68     		ldr	r2, [r5]
 2292 005e 3432     		adds	r2, r2, #52
 2293 0060 686A     		ldr	r0, [r5, #36]
 2294 0062 FFF7FEFF 		bl	HAL_DMA_Start_IT
 2295 0066 0028     		cmp	r0, #0
 2296 0068 00D0     		beq	.LCB2552
 2297 006a AEE0     		b	.L290	@long jump
 2298              	.LCB2552:
 2299 006c 2A68     		ldr	r2, [r5]
 2300 006e D168     		ldr	r1, [r2, #12]
 2301 0070 8023     		movs	r3, #128
 2302 0072 9B00     		lsls	r3, r3, #2
 2303 0074 0B43     		orrs	r3, r1
 2304 0076 D360     		str	r3, [r2, #12]
 2305              	.L282:
 2306 0078 2868     		ldr	r0, [r5]
 2307 007a 0422     		movs	r2, #4
 2308 007c 2100     		movs	r1, r4
 2309 007e FFF7FEFF 		bl	TIM_CCxNChannelCmd
 2310 0082 2A68     		ldr	r2, [r5]
 2311 0084 516C     		ldr	r1, [r2, #68]
 2312 0086 8023     		movs	r3, #128
 2313 0088 1B02     		lsls	r3, r3, #8
 2314 008a 0B43     		orrs	r3, r1
 2315 008c 5364     		str	r3, [r2, #68]
 2316 008e 2B68     		ldr	r3, [r5]
 2317 0090 554A     		ldr	r2, .L300+12
 2318 0092 9342     		cmp	r3, r2
 2319 0094 00D1     		bne	.LCB2574
 2320 0096 85E0     		b	.L283	@long jump
 2321              	.LCB2574:
 2322 0098 8022     		movs	r2, #128
 2323 009a D205     		lsls	r2, r2, #23
 2324 009c 9342     		cmp	r3, r2
 2325 009e 00D1     		bne	.LCB2578
 2326 00a0 80E0     		b	.L283	@long jump
 2327              	.LCB2578:
ARM GAS  C:\Users\fastr\AppData\Local\Temp\cclspFYb.s 			page 41


 2328 00a2 524A     		ldr	r2, .L300+16
 2329 00a4 9342     		cmp	r3, r2
 2330 00a6 7DD0     		beq	.L283
 2331 00a8 514A     		ldr	r2, .L300+20
 2332 00aa 9342     		cmp	r3, r2
 2333 00ac 7AD0     		beq	.L283
 2334 00ae 1A68     		ldr	r2, [r3]
 2335 00b0 0121     		movs	r1, #1
 2336 00b2 0A43     		orrs	r2, r1
 2337 00b4 1A60     		str	r2, [r3]
 2338 00b6 0020     		movs	r0, #0
 2339 00b8 82E0     		b	.L271
 2340              	.L267:
 2341 00ba 042C     		cmp	r4, #4
 2342 00bc 08D0     		beq	.L294
 2343 00be 082C     		cmp	r4, #8
 2344 00c0 0DD0     		beq	.L295
 2345 00c2 4522     		movs	r2, #69
 2346 00c4 825C     		ldrb	r2, [r0, r2]
 2347 00c6 023A     		subs	r2, r2, #2
 2348 00c8 5042     		rsbs	r0, r2, #0
 2349 00ca 4241     		adcs	r2, r2, r0
 2350 00cc D2B2     		uxtb	r2, r2
 2351 00ce A3E7     		b	.L268
 2352              	.L294:
 2353 00d0 4322     		movs	r2, #67
 2354 00d2 825C     		ldrb	r2, [r0, r2]
 2355 00d4 023A     		subs	r2, r2, #2
 2356 00d6 5042     		rsbs	r0, r2, #0
 2357 00d8 4241     		adcs	r2, r2, r0
 2358 00da D2B2     		uxtb	r2, r2
 2359 00dc 9CE7     		b	.L268
 2360              	.L295:
 2361 00de 4422     		movs	r2, #68
 2362 00e0 825C     		ldrb	r2, [r0, r2]
 2363 00e2 023A     		subs	r2, r2, #2
 2364 00e4 5042     		rsbs	r0, r2, #0
 2365 00e6 4241     		adcs	r2, r2, r0
 2366 00e8 D2B2     		uxtb	r2, r2
 2367 00ea 95E7     		b	.L268
 2368              	.L272:
 2369 00ec 042C     		cmp	r4, #4
 2370 00ee 08D0     		beq	.L296
 2371 00f0 082C     		cmp	r4, #8
 2372 00f2 0DD0     		beq	.L297
 2373 00f4 4522     		movs	r2, #69
 2374 00f6 AA5C     		ldrb	r2, [r5, r2]
 2375 00f8 013A     		subs	r2, r2, #1
 2376 00fa 5042     		rsbs	r0, r2, #0
 2377 00fc 4241     		adcs	r2, r2, r0
 2378 00fe D2B2     		uxtb	r2, r2
 2379 0100 95E7     		b	.L273
 2380              	.L296:
 2381 0102 4322     		movs	r2, #67
 2382 0104 AA5C     		ldrb	r2, [r5, r2]
 2383 0106 013A     		subs	r2, r2, #1
 2384 0108 5042     		rsbs	r0, r2, #0
ARM GAS  C:\Users\fastr\AppData\Local\Temp\cclspFYb.s 			page 42


 2385 010a 4241     		adcs	r2, r2, r0
 2386 010c D2B2     		uxtb	r2, r2
 2387 010e 8EE7     		b	.L273
 2388              	.L297:
 2389 0110 4422     		movs	r2, #68
 2390 0112 AA5C     		ldrb	r2, [r5, r2]
 2391 0114 013A     		subs	r2, r2, #1
 2392 0116 5042     		rsbs	r0, r2, #0
 2393 0118 4241     		adcs	r2, r2, r0
 2394 011a D2B2     		uxtb	r2, r2
 2395 011c 87E7     		b	.L273
 2396              	.L276:
 2397 011e 042C     		cmp	r4, #4
 2398 0120 0CD0     		beq	.L298
 2399 0122 082C     		cmp	r4, #8
 2400 0124 24D0     		beq	.L299
 2401 0126 4522     		movs	r2, #69
 2402 0128 0220     		movs	r0, #2
 2403 012a A854     		strb	r0, [r5, r2]
 2404 012c 042C     		cmp	r4, #4
 2405 012e 08D0     		beq	.L279
 2406 0130 082C     		cmp	r4, #8
 2407 0132 20D0     		beq	.L281
 2408 0134 002C     		cmp	r4, #0
 2409 0136 88D0     		beq	.L277
 2410 0138 0120     		movs	r0, #1
 2411 013a 41E0     		b	.L271
 2412              	.L298:
 2413 013c 4322     		movs	r2, #67
 2414 013e 0220     		movs	r0, #2
 2415 0140 A854     		strb	r0, [r5, r2]
 2416              	.L279:
 2417 0142 AA6A     		ldr	r2, [r5, #40]
 2418 0144 2548     		ldr	r0, .L300
 2419 0146 9062     		str	r0, [r2, #40]
 2420 0148 AA6A     		ldr	r2, [r5, #40]
 2421 014a 2548     		ldr	r0, .L300+4
 2422 014c D062     		str	r0, [r2, #44]
 2423 014e AA6A     		ldr	r2, [r5, #40]
 2424 0150 2448     		ldr	r0, .L300+8
 2425 0152 1063     		str	r0, [r2, #48]
 2426 0154 2A68     		ldr	r2, [r5]
 2427 0156 3832     		adds	r2, r2, #56
 2428 0158 A86A     		ldr	r0, [r5, #40]
 2429 015a FFF7FEFF 		bl	HAL_DMA_Start_IT
 2430 015e 0028     		cmp	r0, #0
 2431 0160 35D1     		bne	.L291
 2432 0162 2A68     		ldr	r2, [r5]
 2433 0164 D168     		ldr	r1, [r2, #12]
 2434 0166 8023     		movs	r3, #128
 2435 0168 DB00     		lsls	r3, r3, #3
 2436 016a 0B43     		orrs	r3, r1
 2437 016c D360     		str	r3, [r2, #12]
 2438 016e 83E7     		b	.L282
 2439              	.L299:
 2440 0170 4422     		movs	r2, #68
 2441 0172 0220     		movs	r0, #2
ARM GAS  C:\Users\fastr\AppData\Local\Temp\cclspFYb.s 			page 43


 2442 0174 A854     		strb	r0, [r5, r2]
 2443              	.L281:
 2444 0176 EA6A     		ldr	r2, [r5, #44]
 2445 0178 1848     		ldr	r0, .L300
 2446 017a 9062     		str	r0, [r2, #40]
 2447 017c EA6A     		ldr	r2, [r5, #44]
 2448 017e 1848     		ldr	r0, .L300+4
 2449 0180 D062     		str	r0, [r2, #44]
 2450 0182 EA6A     		ldr	r2, [r5, #44]
 2451 0184 1748     		ldr	r0, .L300+8
 2452 0186 1063     		str	r0, [r2, #48]
 2453 0188 2A68     		ldr	r2, [r5]
 2454 018a 3C32     		adds	r2, r2, #60
 2455 018c E86A     		ldr	r0, [r5, #44]
 2456 018e FFF7FEFF 		bl	HAL_DMA_Start_IT
 2457 0192 0028     		cmp	r0, #0
 2458 0194 1DD1     		bne	.L292
 2459 0196 2A68     		ldr	r2, [r5]
 2460 0198 D168     		ldr	r1, [r2, #12]
 2461 019a 8023     		movs	r3, #128
 2462 019c 1B01     		lsls	r3, r3, #4
 2463 019e 0B43     		orrs	r3, r1
 2464 01a0 D360     		str	r3, [r2, #12]
 2465 01a2 69E7     		b	.L282
 2466              	.L283:
 2467 01a4 9968     		ldr	r1, [r3, #8]
 2468 01a6 0722     		movs	r2, #7
 2469 01a8 0A40     		ands	r2, r1
 2470 01aa 062A     		cmp	r2, #6
 2471 01ac 13D0     		beq	.L293
 2472 01ae 1A68     		ldr	r2, [r3]
 2473 01b0 0121     		movs	r1, #1
 2474 01b2 0A43     		orrs	r2, r1
 2475 01b4 1A60     		str	r2, [r3]
 2476 01b6 0020     		movs	r0, #0
 2477 01b8 02E0     		b	.L271
 2478              	.L285:
 2479 01ba 0220     		movs	r0, #2
 2480 01bc 00E0     		b	.L271
 2481              	.L286:
 2482 01be 0120     		movs	r0, #1
 2483              	.L271:
 2484              		@ sp needed
 2485 01c0 70BD     		pop	{r4, r5, r6, pc}
 2486              	.L287:
 2487 01c2 0120     		movs	r0, #1
 2488 01c4 FCE7     		b	.L271
 2489              	.L288:
 2490 01c6 0120     		movs	r0, #1
 2491 01c8 FAE7     		b	.L271
 2492              	.L290:
 2493 01ca 0120     		movs	r0, #1
 2494 01cc F8E7     		b	.L271
 2495              	.L291:
 2496 01ce 0120     		movs	r0, #1
 2497 01d0 F6E7     		b	.L271
 2498              	.L292:
ARM GAS  C:\Users\fastr\AppData\Local\Temp\cclspFYb.s 			page 44


 2499 01d2 0120     		movs	r0, #1
 2500 01d4 F4E7     		b	.L271
 2501              	.L293:
 2502 01d6 0020     		movs	r0, #0
 2503 01d8 F2E7     		b	.L271
 2504              	.L301:
 2505 01da C046     		.align	2
 2506              	.L300:
 2507 01dc 00000000 		.word	TIM_DMADelayPulseNCplt
 2508 01e0 00000000 		.word	TIM_DMADelayPulseHalfCplt
 2509 01e4 00000000 		.word	TIM_DMAErrorCCxN
 2510 01e8 002C0140 		.word	1073818624
 2511 01ec 00040040 		.word	1073742848
 2512 01f0 00400140 		.word	1073823744
 2514              		.section	.text.HAL_TIMEx_PWMN_Stop_DMA,"ax",%progbits
 2515              		.align	1
 2516              		.global	HAL_TIMEx_PWMN_Stop_DMA
 2517              		.syntax unified
 2518              		.code	16
 2519              		.thumb_func
 2521              	HAL_TIMEx_PWMN_Stop_DMA:
 2522              		@ args = 0, pretend = 0, frame = 0
 2523              		@ frame_needed = 0, uses_anonymous_args = 0
 2524 0000 70B5     		push	{r4, r5, r6, lr}
 2525 0002 0400     		movs	r4, r0
 2526 0004 0D00     		movs	r5, r1
 2527 0006 0429     		cmp	r1, #4
 2528 0008 31D0     		beq	.L303
 2529 000a 0829     		cmp	r1, #8
 2530 000c 38D0     		beq	.L304
 2531 000e 0029     		cmp	r1, #0
 2532 0010 52D1     		bne	.L312
 2533 0012 0268     		ldr	r2, [r0]
 2534 0014 D368     		ldr	r3, [r2, #12]
 2535 0016 2949     		ldr	r1, .L315
 2536 0018 0B40     		ands	r3, r1
 2537 001a D360     		str	r3, [r2, #12]
 2538 001c 406A     		ldr	r0, [r0, #36]
 2539 001e FFF7FEFF 		bl	HAL_DMA_Abort_IT
 2540              	.L306:
 2541 0022 2068     		ldr	r0, [r4]
 2542 0024 0022     		movs	r2, #0
 2543 0026 2900     		movs	r1, r5
 2544 0028 FFF7FEFF 		bl	TIM_CCxNChannelCmd
 2545 002c 2368     		ldr	r3, [r4]
 2546 002e 196A     		ldr	r1, [r3, #32]
 2547 0030 234A     		ldr	r2, .L315+4
 2548 0032 1142     		tst	r1, r2
 2549 0034 07D1     		bne	.L307
 2550 0036 196A     		ldr	r1, [r3, #32]
 2551 0038 224A     		ldr	r2, .L315+8
 2552 003a 1142     		tst	r1, r2
 2553 003c 03D1     		bne	.L307
 2554 003e 5A6C     		ldr	r2, [r3, #68]
 2555 0040 2149     		ldr	r1, .L315+12
 2556 0042 0A40     		ands	r2, r1
 2557 0044 5A64     		str	r2, [r3, #68]
ARM GAS  C:\Users\fastr\AppData\Local\Temp\cclspFYb.s 			page 45


 2558              	.L307:
 2559 0046 2368     		ldr	r3, [r4]
 2560 0048 196A     		ldr	r1, [r3, #32]
 2561 004a 1D4A     		ldr	r2, .L315+4
 2562 004c 1142     		tst	r1, r2
 2563 004e 07D1     		bne	.L308
 2564 0050 196A     		ldr	r1, [r3, #32]
 2565 0052 1C4A     		ldr	r2, .L315+8
 2566 0054 1142     		tst	r1, r2
 2567 0056 03D1     		bne	.L308
 2568 0058 1A68     		ldr	r2, [r3]
 2569 005a 0121     		movs	r1, #1
 2570 005c 8A43     		bics	r2, r1
 2571 005e 1A60     		str	r2, [r3]
 2572              	.L308:
 2573 0060 002D     		cmp	r5, #0
 2574 0062 16D1     		bne	.L309
 2575 0064 4223     		movs	r3, #66
 2576 0066 0122     		movs	r2, #1
 2577 0068 E254     		strb	r2, [r4, r3]
 2578 006a 0020     		movs	r0, #0
 2579              	.L305:
 2580              		@ sp needed
 2581 006c 70BD     		pop	{r4, r5, r6, pc}
 2582              	.L303:
 2583 006e 0268     		ldr	r2, [r0]
 2584 0070 D368     		ldr	r3, [r2, #12]
 2585 0072 1649     		ldr	r1, .L315+16
 2586 0074 0B40     		ands	r3, r1
 2587 0076 D360     		str	r3, [r2, #12]
 2588 0078 806A     		ldr	r0, [r0, #40]
 2589 007a FFF7FEFF 		bl	HAL_DMA_Abort_IT
 2590 007e D0E7     		b	.L306
 2591              	.L304:
 2592 0080 0268     		ldr	r2, [r0]
 2593 0082 D368     		ldr	r3, [r2, #12]
 2594 0084 1249     		ldr	r1, .L315+20
 2595 0086 0B40     		ands	r3, r1
 2596 0088 D360     		str	r3, [r2, #12]
 2597 008a C06A     		ldr	r0, [r0, #44]
 2598 008c FFF7FEFF 		bl	HAL_DMA_Abort_IT
 2599 0090 C7E7     		b	.L306
 2600              	.L309:
 2601 0092 042D     		cmp	r5, #4
 2602 0094 06D0     		beq	.L313
 2603 0096 082D     		cmp	r5, #8
 2604 0098 09D0     		beq	.L314
 2605 009a 4523     		movs	r3, #69
 2606 009c 0122     		movs	r2, #1
 2607 009e E254     		strb	r2, [r4, r3]
 2608 00a0 0020     		movs	r0, #0
 2609 00a2 E3E7     		b	.L305
 2610              	.L313:
 2611 00a4 4323     		movs	r3, #67
 2612 00a6 0122     		movs	r2, #1
 2613 00a8 E254     		strb	r2, [r4, r3]
 2614 00aa 0020     		movs	r0, #0
ARM GAS  C:\Users\fastr\AppData\Local\Temp\cclspFYb.s 			page 46


 2615 00ac DEE7     		b	.L305
 2616              	.L314:
 2617 00ae 4423     		movs	r3, #68
 2618 00b0 0122     		movs	r2, #1
 2619 00b2 E254     		strb	r2, [r4, r3]
 2620 00b4 0020     		movs	r0, #0
 2621 00b6 D9E7     		b	.L305
 2622              	.L312:
 2623 00b8 0120     		movs	r0, #1
 2624 00ba D7E7     		b	.L305
 2625              	.L316:
 2626              		.align	2
 2627              	.L315:
 2628 00bc FFFDFFFF 		.word	-513
 2629 00c0 11110000 		.word	4369
 2630 00c4 44040000 		.word	1092
 2631 00c8 FF7FFFFF 		.word	-32769
 2632 00cc FFFBFFFF 		.word	-1025
 2633 00d0 FFF7FFFF 		.word	-2049
 2635              		.section	.text.HAL_TIMEx_OnePulseN_Start,"ax",%progbits
 2636              		.align	1
 2637              		.global	HAL_TIMEx_OnePulseN_Start
 2638              		.syntax unified
 2639              		.code	16
 2640              		.thumb_func
 2642              	HAL_TIMEx_OnePulseN_Start:
 2643              		@ args = 0, pretend = 0, frame = 0
 2644              		@ frame_needed = 0, uses_anonymous_args = 0
 2645 0000 F8B5     		push	{r3, r4, r5, r6, r7, lr}
 2646 0002 0400     		movs	r4, r0
 2647 0004 0029     		cmp	r1, #0
 2648 0006 17D1     		bne	.L320
 2649 0008 0423     		movs	r3, #4
 2650 000a 1F00     		movs	r7, r3
 2651              	.L318:
 2652 000c 3E23     		movs	r3, #62
 2653 000e E55C     		ldrb	r5, [r4, r3]
 2654 0010 EEB2     		uxtb	r6, r5
 2655 0012 0133     		adds	r3, r3, #1
 2656 0014 E35C     		ldrb	r3, [r4, r3]
 2657 0016 DBB2     		uxtb	r3, r3
 2658 0018 4222     		movs	r2, #66
 2659 001a A25C     		ldrb	r2, [r4, r2]
 2660 001c D2B2     		uxtb	r2, r2
 2661 001e 4320     		movs	r0, #67
 2662 0020 205C     		ldrb	r0, [r4, r0]
 2663 0022 C0B2     		uxtb	r0, r0
 2664 0024 012D     		cmp	r5, #1
 2665 0026 24D1     		bne	.L321
 2666 0028 012B     		cmp	r3, #1
 2667 002a 23D1     		bne	.L319
 2668 002c 012A     		cmp	r2, #1
 2669 002e 23D1     		bne	.L322
 2670 0030 0128     		cmp	r0, #1
 2671 0032 04D0     		beq	.L324
 2672 0034 1600     		movs	r6, r2
 2673 0036 1DE0     		b	.L319
ARM GAS  C:\Users\fastr\AppData\Local\Temp\cclspFYb.s 			page 47


 2674              	.L320:
 2675 0038 0023     		movs	r3, #0
 2676 003a 1F00     		movs	r7, r3
 2677 003c E6E7     		b	.L318
 2678              	.L324:
 2679 003e 0133     		adds	r3, r3, #1
 2680 0040 3D32     		adds	r2, r2, #61
 2681 0042 A354     		strb	r3, [r4, r2]
 2682 0044 0132     		adds	r2, r2, #1
 2683 0046 A354     		strb	r3, [r4, r2]
 2684 0048 0332     		adds	r2, r2, #3
 2685 004a A354     		strb	r3, [r4, r2]
 2686 004c 0132     		adds	r2, r2, #1
 2687 004e A354     		strb	r3, [r4, r2]
 2688 0050 2068     		ldr	r0, [r4]
 2689 0052 3F3A     		subs	r2, r2, #63
 2690 0054 FFF7FEFF 		bl	TIM_CCxNChannelCmd
 2691 0058 2068     		ldr	r0, [r4]
 2692 005a 0122     		movs	r2, #1
 2693 005c 3900     		movs	r1, r7
 2694 005e FFF7FEFF 		bl	TIM_CCxChannelCmd
 2695 0062 2268     		ldr	r2, [r4]
 2696 0064 516C     		ldr	r1, [r2, #68]
 2697 0066 8023     		movs	r3, #128
 2698 0068 1B02     		lsls	r3, r3, #8
 2699 006a 0B43     		orrs	r3, r1
 2700 006c 5364     		str	r3, [r2, #68]
 2701 006e 0026     		movs	r6, #0
 2702 0070 00E0     		b	.L319
 2703              	.L321:
 2704 0072 0126     		movs	r6, #1
 2705              	.L319:
 2706 0074 3000     		movs	r0, r6
 2707              		@ sp needed
 2708 0076 F8BD     		pop	{r3, r4, r5, r6, r7, pc}
 2709              	.L322:
 2710 0078 1E00     		movs	r6, r3
 2711 007a FBE7     		b	.L319
 2713              		.section	.text.HAL_TIMEx_OnePulseN_Stop,"ax",%progbits
 2714              		.align	1
 2715              		.global	HAL_TIMEx_OnePulseN_Stop
 2716              		.syntax unified
 2717              		.code	16
 2718              		.thumb_func
 2720              	HAL_TIMEx_OnePulseN_Stop:
 2721              		@ args = 0, pretend = 0, frame = 0
 2722              		@ frame_needed = 0, uses_anonymous_args = 0
 2723 0000 70B5     		push	{r4, r5, r6, lr}
 2724 0002 0400     		movs	r4, r0
 2725 0004 0029     		cmp	r1, #0
 2726 0006 2FD1     		bne	.L329
 2727 0008 0423     		movs	r3, #4
 2728 000a 1D00     		movs	r5, r3
 2729              	.L326:
 2730 000c 2068     		ldr	r0, [r4]
 2731 000e 0022     		movs	r2, #0
 2732 0010 FFF7FEFF 		bl	TIM_CCxNChannelCmd
ARM GAS  C:\Users\fastr\AppData\Local\Temp\cclspFYb.s 			page 48


 2733 0014 2068     		ldr	r0, [r4]
 2734 0016 0022     		movs	r2, #0
 2735 0018 2900     		movs	r1, r5
 2736 001a FFF7FEFF 		bl	TIM_CCxChannelCmd
 2737 001e 2368     		ldr	r3, [r4]
 2738 0020 196A     		ldr	r1, [r3, #32]
 2739 0022 134A     		ldr	r2, .L330
 2740 0024 1142     		tst	r1, r2
 2741 0026 07D1     		bne	.L327
 2742 0028 196A     		ldr	r1, [r3, #32]
 2743 002a 124A     		ldr	r2, .L330+4
 2744 002c 1142     		tst	r1, r2
 2745 002e 03D1     		bne	.L327
 2746 0030 5A6C     		ldr	r2, [r3, #68]
 2747 0032 1149     		ldr	r1, .L330+8
 2748 0034 0A40     		ands	r2, r1
 2749 0036 5A64     		str	r2, [r3, #68]
 2750              	.L327:
 2751 0038 2368     		ldr	r3, [r4]
 2752 003a 196A     		ldr	r1, [r3, #32]
 2753 003c 0C4A     		ldr	r2, .L330
 2754 003e 1142     		tst	r1, r2
 2755 0040 07D1     		bne	.L328
 2756 0042 196A     		ldr	r1, [r3, #32]
 2757 0044 0B4A     		ldr	r2, .L330+4
 2758 0046 1142     		tst	r1, r2
 2759 0048 03D1     		bne	.L328
 2760 004a 1A68     		ldr	r2, [r3]
 2761 004c 0121     		movs	r1, #1
 2762 004e 8A43     		bics	r2, r1
 2763 0050 1A60     		str	r2, [r3]
 2764              	.L328:
 2765 0052 0123     		movs	r3, #1
 2766 0054 3E22     		movs	r2, #62
 2767 0056 A354     		strb	r3, [r4, r2]
 2768 0058 0132     		adds	r2, r2, #1
 2769 005a A354     		strb	r3, [r4, r2]
 2770 005c 0332     		adds	r2, r2, #3
 2771 005e A354     		strb	r3, [r4, r2]
 2772 0060 0132     		adds	r2, r2, #1
 2773 0062 A354     		strb	r3, [r4, r2]
 2774 0064 0020     		movs	r0, #0
 2775              		@ sp needed
 2776 0066 70BD     		pop	{r4, r5, r6, pc}
 2777              	.L329:
 2778 0068 0023     		movs	r3, #0
 2779 006a 1D00     		movs	r5, r3
 2780 006c CEE7     		b	.L326
 2781              	.L331:
 2782 006e C046     		.align	2
 2783              	.L330:
 2784 0070 11110000 		.word	4369
 2785 0074 44040000 		.word	1092
 2786 0078 FF7FFFFF 		.word	-32769
 2788              		.section	.text.HAL_TIMEx_OnePulseN_Start_IT,"ax",%progbits
 2789              		.align	1
 2790              		.global	HAL_TIMEx_OnePulseN_Start_IT
ARM GAS  C:\Users\fastr\AppData\Local\Temp\cclspFYb.s 			page 49


 2791              		.syntax unified
 2792              		.code	16
 2793              		.thumb_func
 2795              	HAL_TIMEx_OnePulseN_Start_IT:
 2796              		@ args = 0, pretend = 0, frame = 0
 2797              		@ frame_needed = 0, uses_anonymous_args = 0
 2798 0000 F8B5     		push	{r3, r4, r5, r6, r7, lr}
 2799 0002 0400     		movs	r4, r0
 2800 0004 0029     		cmp	r1, #0
 2801 0006 17D1     		bne	.L335
 2802 0008 0423     		movs	r3, #4
 2803 000a 1F00     		movs	r7, r3
 2804              	.L333:
 2805 000c 3E23     		movs	r3, #62
 2806 000e E55C     		ldrb	r5, [r4, r3]
 2807 0010 EEB2     		uxtb	r6, r5
 2808 0012 0133     		adds	r3, r3, #1
 2809 0014 E35C     		ldrb	r3, [r4, r3]
 2810 0016 DBB2     		uxtb	r3, r3
 2811 0018 4222     		movs	r2, #66
 2812 001a A25C     		ldrb	r2, [r4, r2]
 2813 001c D2B2     		uxtb	r2, r2
 2814 001e 4320     		movs	r0, #67
 2815 0020 205C     		ldrb	r0, [r4, r0]
 2816 0022 C0B2     		uxtb	r0, r0
 2817 0024 012D     		cmp	r5, #1
 2818 0026 2DD1     		bne	.L336
 2819 0028 012B     		cmp	r3, #1
 2820 002a 2CD1     		bne	.L334
 2821 002c 012A     		cmp	r2, #1
 2822 002e 2CD1     		bne	.L337
 2823 0030 0128     		cmp	r0, #1
 2824 0032 04D0     		beq	.L339
 2825 0034 1600     		movs	r6, r2
 2826 0036 26E0     		b	.L334
 2827              	.L335:
 2828 0038 0023     		movs	r3, #0
 2829 003a 1F00     		movs	r7, r3
 2830 003c E6E7     		b	.L333
 2831              	.L339:
 2832 003e 0133     		adds	r3, r3, #1
 2833 0040 3D32     		adds	r2, r2, #61
 2834 0042 A354     		strb	r3, [r4, r2]
 2835 0044 0132     		adds	r2, r2, #1
 2836 0046 A354     		strb	r3, [r4, r2]
 2837 0048 0332     		adds	r2, r2, #3
 2838 004a A354     		strb	r3, [r4, r2]
 2839 004c 0132     		adds	r2, r2, #1
 2840 004e A354     		strb	r3, [r4, r2]
 2841 0050 2068     		ldr	r0, [r4]
 2842 0052 C268     		ldr	r2, [r0, #12]
 2843 0054 1343     		orrs	r3, r2
 2844 0056 C360     		str	r3, [r0, #12]
 2845 0058 2268     		ldr	r2, [r4]
 2846 005a D368     		ldr	r3, [r2, #12]
 2847 005c 0420     		movs	r0, #4
 2848 005e 0343     		orrs	r3, r0
ARM GAS  C:\Users\fastr\AppData\Local\Temp\cclspFYb.s 			page 50


 2849 0060 D360     		str	r3, [r2, #12]
 2850 0062 2068     		ldr	r0, [r4]
 2851 0064 0422     		movs	r2, #4
 2852 0066 FFF7FEFF 		bl	TIM_CCxNChannelCmd
 2853 006a 2068     		ldr	r0, [r4]
 2854 006c 0122     		movs	r2, #1
 2855 006e 3900     		movs	r1, r7
 2856 0070 FFF7FEFF 		bl	TIM_CCxChannelCmd
 2857 0074 2268     		ldr	r2, [r4]
 2858 0076 516C     		ldr	r1, [r2, #68]
 2859 0078 8023     		movs	r3, #128
 2860 007a 1B02     		lsls	r3, r3, #8
 2861 007c 0B43     		orrs	r3, r1
 2862 007e 5364     		str	r3, [r2, #68]
 2863 0080 0026     		movs	r6, #0
 2864 0082 00E0     		b	.L334
 2865              	.L336:
 2866 0084 0126     		movs	r6, #1
 2867              	.L334:
 2868 0086 3000     		movs	r0, r6
 2869              		@ sp needed
 2870 0088 F8BD     		pop	{r3, r4, r5, r6, r7, pc}
 2871              	.L337:
 2872 008a 1E00     		movs	r6, r3
 2873 008c FBE7     		b	.L334
 2875              		.section	.text.HAL_TIMEx_OnePulseN_Stop_IT,"ax",%progbits
 2876              		.align	1
 2877              		.global	HAL_TIMEx_OnePulseN_Stop_IT
 2878              		.syntax unified
 2879              		.code	16
 2880              		.thumb_func
 2882              	HAL_TIMEx_OnePulseN_Stop_IT:
 2883              		@ args = 0, pretend = 0, frame = 0
 2884              		@ frame_needed = 0, uses_anonymous_args = 0
 2885 0000 70B5     		push	{r4, r5, r6, lr}
 2886 0002 0400     		movs	r4, r0
 2887 0004 0029     		cmp	r1, #0
 2888 0006 39D1     		bne	.L344
 2889 0008 0423     		movs	r3, #4
 2890 000a 1D00     		movs	r5, r3
 2891              	.L341:
 2892 000c 2268     		ldr	r2, [r4]
 2893 000e D368     		ldr	r3, [r2, #12]
 2894 0010 0220     		movs	r0, #2
 2895 0012 8343     		bics	r3, r0
 2896 0014 D360     		str	r3, [r2, #12]
 2897 0016 2268     		ldr	r2, [r4]
 2898 0018 D368     		ldr	r3, [r2, #12]
 2899 001a 0230     		adds	r0, r0, #2
 2900 001c 8343     		bics	r3, r0
 2901 001e D360     		str	r3, [r2, #12]
 2902 0020 2068     		ldr	r0, [r4]
 2903 0022 0022     		movs	r2, #0
 2904 0024 FFF7FEFF 		bl	TIM_CCxNChannelCmd
 2905 0028 2068     		ldr	r0, [r4]
 2906 002a 0022     		movs	r2, #0
 2907 002c 2900     		movs	r1, r5
ARM GAS  C:\Users\fastr\AppData\Local\Temp\cclspFYb.s 			page 51


 2908 002e FFF7FEFF 		bl	TIM_CCxChannelCmd
 2909 0032 2368     		ldr	r3, [r4]
 2910 0034 196A     		ldr	r1, [r3, #32]
 2911 0036 134A     		ldr	r2, .L345
 2912 0038 1142     		tst	r1, r2
 2913 003a 07D1     		bne	.L342
 2914 003c 196A     		ldr	r1, [r3, #32]
 2915 003e 124A     		ldr	r2, .L345+4
 2916 0040 1142     		tst	r1, r2
 2917 0042 03D1     		bne	.L342
 2918 0044 5A6C     		ldr	r2, [r3, #68]
 2919 0046 1149     		ldr	r1, .L345+8
 2920 0048 0A40     		ands	r2, r1
 2921 004a 5A64     		str	r2, [r3, #68]
 2922              	.L342:
 2923 004c 2368     		ldr	r3, [r4]
 2924 004e 196A     		ldr	r1, [r3, #32]
 2925 0050 0C4A     		ldr	r2, .L345
 2926 0052 1142     		tst	r1, r2
 2927 0054 07D1     		bne	.L343
 2928 0056 196A     		ldr	r1, [r3, #32]
 2929 0058 0B4A     		ldr	r2, .L345+4
 2930 005a 1142     		tst	r1, r2
 2931 005c 03D1     		bne	.L343
 2932 005e 1A68     		ldr	r2, [r3]
 2933 0060 0121     		movs	r1, #1
 2934 0062 8A43     		bics	r2, r1
 2935 0064 1A60     		str	r2, [r3]
 2936              	.L343:
 2937 0066 0123     		movs	r3, #1
 2938 0068 3E22     		movs	r2, #62
 2939 006a A354     		strb	r3, [r4, r2]
 2940 006c 0132     		adds	r2, r2, #1
 2941 006e A354     		strb	r3, [r4, r2]
 2942 0070 0332     		adds	r2, r2, #3
 2943 0072 A354     		strb	r3, [r4, r2]
 2944 0074 0132     		adds	r2, r2, #1
 2945 0076 A354     		strb	r3, [r4, r2]
 2946 0078 0020     		movs	r0, #0
 2947              		@ sp needed
 2948 007a 70BD     		pop	{r4, r5, r6, pc}
 2949              	.L344:
 2950 007c 0023     		movs	r3, #0
 2951 007e 1D00     		movs	r5, r3
 2952 0080 C4E7     		b	.L341
 2953              	.L346:
 2954 0082 C046     		.align	2
 2955              	.L345:
 2956 0084 11110000 		.word	4369
 2957 0088 44040000 		.word	1092
 2958 008c FF7FFFFF 		.word	-32769
 2960              		.section	.text.HAL_TIMEx_ConfigCommutEvent,"ax",%progbits
 2961              		.align	1
 2962              		.global	HAL_TIMEx_ConfigCommutEvent
 2963              		.syntax unified
 2964              		.code	16
 2965              		.thumb_func
ARM GAS  C:\Users\fastr\AppData\Local\Temp\cclspFYb.s 			page 52


 2967              	HAL_TIMEx_ConfigCommutEvent:
 2968              		@ args = 0, pretend = 0, frame = 0
 2969              		@ frame_needed = 0, uses_anonymous_args = 0
 2970 0000 10B5     		push	{r4, lr}
 2971 0002 3C23     		movs	r3, #60
 2972 0004 C35C     		ldrb	r3, [r0, r3]
 2973 0006 012B     		cmp	r3, #1
 2974 0008 34D0     		beq	.L351
 2975 000a 3C23     		movs	r3, #60
 2976 000c 0124     		movs	r4, #1
 2977 000e C454     		strb	r4, [r0, r3]
 2978 0010 0029     		cmp	r1, #0
 2979 0012 05D0     		beq	.L349
 2980 0014 1029     		cmp	r1, #16
 2981 0016 03D0     		beq	.L349
 2982 0018 2029     		cmp	r1, #32
 2983 001a 01D0     		beq	.L349
 2984 001c 3029     		cmp	r1, #48
 2985 001e 0CD1     		bne	.L350
 2986              	.L349:
 2987 0020 0368     		ldr	r3, [r0]
 2988 0022 9C46     		mov	ip, r3
 2989 0024 9B68     		ldr	r3, [r3, #8]
 2990 0026 7024     		movs	r4, #112
 2991 0028 A343     		bics	r3, r4
 2992 002a 6446     		mov	r4, ip
 2993 002c A360     		str	r3, [r4, #8]
 2994 002e 0368     		ldr	r3, [r0]
 2995 0030 9C46     		mov	ip, r3
 2996 0032 9B68     		ldr	r3, [r3, #8]
 2997 0034 0B43     		orrs	r3, r1
 2998 0036 6146     		mov	r1, ip
 2999 0038 8B60     		str	r3, [r1, #8]
 3000              	.L350:
 3001 003a 0168     		ldr	r1, [r0]
 3002 003c 4B68     		ldr	r3, [r1, #4]
 3003 003e 0124     		movs	r4, #1
 3004 0040 2343     		orrs	r3, r4
 3005 0042 4B60     		str	r3, [r1, #4]
 3006 0044 0168     		ldr	r1, [r0]
 3007 0046 4B68     		ldr	r3, [r1, #4]
 3008 0048 0334     		adds	r4, r4, #3
 3009 004a A343     		bics	r3, r4
 3010 004c 4B60     		str	r3, [r1, #4]
 3011 004e 0168     		ldr	r1, [r0]
 3012 0050 4B68     		ldr	r3, [r1, #4]
 3013 0052 1343     		orrs	r3, r2
 3014 0054 4B60     		str	r3, [r1, #4]
 3015 0056 0268     		ldr	r2, [r0]
 3016 0058 D368     		ldr	r3, [r2, #12]
 3017 005a 2021     		movs	r1, #32
 3018 005c 8B43     		bics	r3, r1
 3019 005e D360     		str	r3, [r2, #12]
 3020 0060 0268     		ldr	r2, [r0]
 3021 0062 D368     		ldr	r3, [r2, #12]
 3022 0064 0449     		ldr	r1, .L352
 3023 0066 0B40     		ands	r3, r1
ARM GAS  C:\Users\fastr\AppData\Local\Temp\cclspFYb.s 			page 53


 3024 0068 D360     		str	r3, [r2, #12]
 3025 006a 3C23     		movs	r3, #60
 3026 006c 0022     		movs	r2, #0
 3027 006e C254     		strb	r2, [r0, r3]
 3028 0070 0020     		movs	r0, #0
 3029              	.L348:
 3030              		@ sp needed
 3031 0072 10BD     		pop	{r4, pc}
 3032              	.L351:
 3033 0074 0220     		movs	r0, #2
 3034 0076 FCE7     		b	.L348
 3035              	.L353:
 3036              		.align	2
 3037              	.L352:
 3038 0078 FFDFFFFF 		.word	-8193
 3040              		.section	.text.HAL_TIMEx_ConfigCommutEvent_IT,"ax",%progbits
 3041              		.align	1
 3042              		.global	HAL_TIMEx_ConfigCommutEvent_IT
 3043              		.syntax unified
 3044              		.code	16
 3045              		.thumb_func
 3047              	HAL_TIMEx_ConfigCommutEvent_IT:
 3048              		@ args = 0, pretend = 0, frame = 0
 3049              		@ frame_needed = 0, uses_anonymous_args = 0
 3050 0000 10B5     		push	{r4, lr}
 3051 0002 3C23     		movs	r3, #60
 3052 0004 C35C     		ldrb	r3, [r0, r3]
 3053 0006 012B     		cmp	r3, #1
 3054 0008 34D0     		beq	.L358
 3055 000a 3C23     		movs	r3, #60
 3056 000c 0124     		movs	r4, #1
 3057 000e C454     		strb	r4, [r0, r3]
 3058 0010 0029     		cmp	r1, #0
 3059 0012 05D0     		beq	.L356
 3060 0014 1029     		cmp	r1, #16
 3061 0016 03D0     		beq	.L356
 3062 0018 2029     		cmp	r1, #32
 3063 001a 01D0     		beq	.L356
 3064 001c 3029     		cmp	r1, #48
 3065 001e 0CD1     		bne	.L357
 3066              	.L356:
 3067 0020 0368     		ldr	r3, [r0]
 3068 0022 9C46     		mov	ip, r3
 3069 0024 9B68     		ldr	r3, [r3, #8]
 3070 0026 7024     		movs	r4, #112
 3071 0028 A343     		bics	r3, r4
 3072 002a 6446     		mov	r4, ip
 3073 002c A360     		str	r3, [r4, #8]
 3074 002e 0368     		ldr	r3, [r0]
 3075 0030 9C46     		mov	ip, r3
 3076 0032 9B68     		ldr	r3, [r3, #8]
 3077 0034 0B43     		orrs	r3, r1
 3078 0036 6146     		mov	r1, ip
 3079 0038 8B60     		str	r3, [r1, #8]
 3080              	.L357:
 3081 003a 0168     		ldr	r1, [r0]
 3082 003c 4B68     		ldr	r3, [r1, #4]
ARM GAS  C:\Users\fastr\AppData\Local\Temp\cclspFYb.s 			page 54


 3083 003e 0124     		movs	r4, #1
 3084 0040 2343     		orrs	r3, r4
 3085 0042 4B60     		str	r3, [r1, #4]
 3086 0044 0168     		ldr	r1, [r0]
 3087 0046 4B68     		ldr	r3, [r1, #4]
 3088 0048 0334     		adds	r4, r4, #3
 3089 004a A343     		bics	r3, r4
 3090 004c 4B60     		str	r3, [r1, #4]
 3091 004e 0168     		ldr	r1, [r0]
 3092 0050 4B68     		ldr	r3, [r1, #4]
 3093 0052 1343     		orrs	r3, r2
 3094 0054 4B60     		str	r3, [r1, #4]
 3095 0056 0268     		ldr	r2, [r0]
 3096 0058 D368     		ldr	r3, [r2, #12]
 3097 005a 0749     		ldr	r1, .L359
 3098 005c 0B40     		ands	r3, r1
 3099 005e D360     		str	r3, [r2, #12]
 3100 0060 0268     		ldr	r2, [r0]
 3101 0062 D368     		ldr	r3, [r2, #12]
 3102 0064 2021     		movs	r1, #32
 3103 0066 0B43     		orrs	r3, r1
 3104 0068 D360     		str	r3, [r2, #12]
 3105 006a 3C23     		movs	r3, #60
 3106 006c 0022     		movs	r2, #0
 3107 006e C254     		strb	r2, [r0, r3]
 3108 0070 0020     		movs	r0, #0
 3109              	.L355:
 3110              		@ sp needed
 3111 0072 10BD     		pop	{r4, pc}
 3112              	.L358:
 3113 0074 0220     		movs	r0, #2
 3114 0076 FCE7     		b	.L355
 3115              	.L360:
 3116              		.align	2
 3117              	.L359:
 3118 0078 FFDFFFFF 		.word	-8193
 3120              		.section	.text.HAL_TIMEx_ConfigCommutEvent_DMA,"ax",%progbits
 3121              		.align	1
 3122              		.global	HAL_TIMEx_ConfigCommutEvent_DMA
 3123              		.syntax unified
 3124              		.code	16
 3125              		.thumb_func
 3127              	HAL_TIMEx_ConfigCommutEvent_DMA:
 3128              		@ args = 0, pretend = 0, frame = 0
 3129              		@ frame_needed = 0, uses_anonymous_args = 0
 3130 0000 10B5     		push	{r4, lr}
 3131 0002 3C23     		movs	r3, #60
 3132 0004 C35C     		ldrb	r3, [r0, r3]
 3133 0006 012B     		cmp	r3, #1
 3134 0008 3ED0     		beq	.L365
 3135 000a 3C23     		movs	r3, #60
 3136 000c 0124     		movs	r4, #1
 3137 000e C454     		strb	r4, [r0, r3]
 3138 0010 0029     		cmp	r1, #0
 3139 0012 05D0     		beq	.L363
 3140 0014 1029     		cmp	r1, #16
 3141 0016 03D0     		beq	.L363
ARM GAS  C:\Users\fastr\AppData\Local\Temp\cclspFYb.s 			page 55


 3142 0018 2029     		cmp	r1, #32
 3143 001a 01D0     		beq	.L363
 3144 001c 3029     		cmp	r1, #48
 3145 001e 0CD1     		bne	.L364
 3146              	.L363:
 3147 0020 0368     		ldr	r3, [r0]
 3148 0022 9C46     		mov	ip, r3
 3149 0024 9B68     		ldr	r3, [r3, #8]
 3150 0026 7024     		movs	r4, #112
 3151 0028 A343     		bics	r3, r4
 3152 002a 6446     		mov	r4, ip
 3153 002c A360     		str	r3, [r4, #8]
 3154 002e 0368     		ldr	r3, [r0]
 3155 0030 9C46     		mov	ip, r3
 3156 0032 9B68     		ldr	r3, [r3, #8]
 3157 0034 0B43     		orrs	r3, r1
 3158 0036 6146     		mov	r1, ip
 3159 0038 8B60     		str	r3, [r1, #8]
 3160              	.L364:
 3161 003a 0168     		ldr	r1, [r0]
 3162 003c 4B68     		ldr	r3, [r1, #4]
 3163 003e 0124     		movs	r4, #1
 3164 0040 2343     		orrs	r3, r4
 3165 0042 4B60     		str	r3, [r1, #4]
 3166 0044 0168     		ldr	r1, [r0]
 3167 0046 4B68     		ldr	r3, [r1, #4]
 3168 0048 0334     		adds	r4, r4, #3
 3169 004a A343     		bics	r3, r4
 3170 004c 4B60     		str	r3, [r1, #4]
 3171 004e 0168     		ldr	r1, [r0]
 3172 0050 4B68     		ldr	r3, [r1, #4]
 3173 0052 1343     		orrs	r3, r2
 3174 0054 4B60     		str	r3, [r1, #4]
 3175 0056 436B     		ldr	r3, [r0, #52]
 3176 0058 0C4A     		ldr	r2, .L366
 3177 005a 9A62     		str	r2, [r3, #40]
 3178 005c 436B     		ldr	r3, [r0, #52]
 3179 005e 0C4A     		ldr	r2, .L366+4
 3180 0060 DA62     		str	r2, [r3, #44]
 3181 0062 436B     		ldr	r3, [r0, #52]
 3182 0064 0B4A     		ldr	r2, .L366+8
 3183 0066 1A63     		str	r2, [r3, #48]
 3184 0068 0268     		ldr	r2, [r0]
 3185 006a D368     		ldr	r3, [r2, #12]
 3186 006c 2021     		movs	r1, #32
 3187 006e 8B43     		bics	r3, r1
 3188 0070 D360     		str	r3, [r2, #12]
 3189 0072 0268     		ldr	r2, [r0]
 3190 0074 D168     		ldr	r1, [r2, #12]
 3191 0076 8023     		movs	r3, #128
 3192 0078 9B01     		lsls	r3, r3, #6
 3193 007a 0B43     		orrs	r3, r1
 3194 007c D360     		str	r3, [r2, #12]
 3195 007e 3C23     		movs	r3, #60
 3196 0080 0022     		movs	r2, #0
 3197 0082 C254     		strb	r2, [r0, r3]
 3198 0084 0020     		movs	r0, #0
ARM GAS  C:\Users\fastr\AppData\Local\Temp\cclspFYb.s 			page 56


 3199              	.L362:
 3200              		@ sp needed
 3201 0086 10BD     		pop	{r4, pc}
 3202              	.L365:
 3203 0088 0220     		movs	r0, #2
 3204 008a FCE7     		b	.L362
 3205              	.L367:
 3206              		.align	2
 3207              	.L366:
 3208 008c 00000000 		.word	TIMEx_DMACommutationCplt
 3209 0090 00000000 		.word	TIMEx_DMACommutationHalfCplt
 3210 0094 00000000 		.word	TIM_DMAError
 3212              		.section	.text.HAL_TIMEx_MasterConfigSynchronization,"ax",%progbits
 3213              		.align	1
 3214              		.global	HAL_TIMEx_MasterConfigSynchronization
 3215              		.syntax unified
 3216              		.code	16
 3217              		.thumb_func
 3219              	HAL_TIMEx_MasterConfigSynchronization:
 3220              		@ args = 0, pretend = 0, frame = 0
 3221              		@ frame_needed = 0, uses_anonymous_args = 0
 3222 0000 30B5     		push	{r4, r5, lr}
 3223 0002 3C23     		movs	r3, #60
 3224 0004 C35C     		ldrb	r3, [r0, r3]
 3225 0006 012B     		cmp	r3, #1
 3226 0008 2DD0     		beq	.L372
 3227 000a 3C23     		movs	r3, #60
 3228 000c 0122     		movs	r2, #1
 3229 000e C254     		strb	r2, [r0, r3]
 3230 0010 0133     		adds	r3, r3, #1
 3231 0012 0132     		adds	r2, r2, #1
 3232 0014 C254     		strb	r2, [r0, r3]
 3233 0016 0368     		ldr	r3, [r0]
 3234 0018 5A68     		ldr	r2, [r3, #4]
 3235 001a 9C68     		ldr	r4, [r3, #8]
 3236 001c 2500     		movs	r5, r4
 3237 001e 7024     		movs	r4, #112
 3238 0020 A243     		bics	r2, r4
 3239 0022 9446     		mov	ip, r2
 3240 0024 0A68     		ldr	r2, [r1]
 3241 0026 6446     		mov	r4, ip
 3242 0028 2243     		orrs	r2, r4
 3243 002a 5A60     		str	r2, [r3, #4]
 3244 002c 0368     		ldr	r3, [r0]
 3245 002e 0F4A     		ldr	r2, .L373
 3246 0030 9342     		cmp	r3, r2
 3247 0032 09D0     		beq	.L370
 3248 0034 8022     		movs	r2, #128
 3249 0036 D205     		lsls	r2, r2, #23
 3250 0038 9342     		cmp	r3, r2
 3251 003a 05D0     		beq	.L370
 3252 003c 0C4A     		ldr	r2, .L373+4
 3253 003e 9342     		cmp	r3, r2
 3254 0040 02D0     		beq	.L370
 3255 0042 0C4A     		ldr	r2, .L373+8
 3256 0044 9342     		cmp	r3, r2
 3257 0046 06D1     		bne	.L371
ARM GAS  C:\Users\fastr\AppData\Local\Temp\cclspFYb.s 			page 57


 3258              	.L370:
 3259 0048 8022     		movs	r2, #128
 3260 004a 2C00     		movs	r4, r5
 3261 004c 9443     		bics	r4, r2
 3262 004e 2200     		movs	r2, r4
 3263 0050 4968     		ldr	r1, [r1, #4]
 3264 0052 0A43     		orrs	r2, r1
 3265 0054 9A60     		str	r2, [r3, #8]
 3266              	.L371:
 3267 0056 3D23     		movs	r3, #61
 3268 0058 0122     		movs	r2, #1
 3269 005a C254     		strb	r2, [r0, r3]
 3270 005c 013B     		subs	r3, r3, #1
 3271 005e 0022     		movs	r2, #0
 3272 0060 C254     		strb	r2, [r0, r3]
 3273 0062 0020     		movs	r0, #0
 3274              	.L369:
 3275              		@ sp needed
 3276 0064 30BD     		pop	{r4, r5, pc}
 3277              	.L372:
 3278 0066 0220     		movs	r0, #2
 3279 0068 FCE7     		b	.L369
 3280              	.L374:
 3281 006a C046     		.align	2
 3282              	.L373:
 3283 006c 002C0140 		.word	1073818624
 3284 0070 00040040 		.word	1073742848
 3285 0074 00400140 		.word	1073823744
 3287              		.section	.text.HAL_TIMEx_ConfigBreakDeadTime,"ax",%progbits
 3288              		.align	1
 3289              		.global	HAL_TIMEx_ConfigBreakDeadTime
 3290              		.syntax unified
 3291              		.code	16
 3292              		.thumb_func
 3294              	HAL_TIMEx_ConfigBreakDeadTime:
 3295              		@ args = 0, pretend = 0, frame = 0
 3296              		@ frame_needed = 0, uses_anonymous_args = 0
 3297 0000 10B5     		push	{r4, lr}
 3298 0002 3C23     		movs	r3, #60
 3299 0004 C35C     		ldrb	r3, [r0, r3]
 3300 0006 012B     		cmp	r3, #1
 3301 0008 21D0     		beq	.L377
 3302 000a 3C22     		movs	r2, #60
 3303 000c 0123     		movs	r3, #1
 3304 000e 8354     		strb	r3, [r0, r2]
 3305 0010 CB68     		ldr	r3, [r1, #12]
 3306 0012 104C     		ldr	r4, .L378
 3307 0014 2340     		ands	r3, r4
 3308 0016 8C68     		ldr	r4, [r1, #8]
 3309 0018 2343     		orrs	r3, r4
 3310 001a 0F4C     		ldr	r4, .L378+4
 3311 001c 2340     		ands	r3, r4
 3312 001e 4C68     		ldr	r4, [r1, #4]
 3313 0020 2343     		orrs	r3, r4
 3314 0022 0E4C     		ldr	r4, .L378+8
 3315 0024 2340     		ands	r3, r4
 3316 0026 0C68     		ldr	r4, [r1]
ARM GAS  C:\Users\fastr\AppData\Local\Temp\cclspFYb.s 			page 58


 3317 0028 2343     		orrs	r3, r4
 3318 002a 0D4C     		ldr	r4, .L378+12
 3319 002c 2340     		ands	r3, r4
 3320 002e 0C69     		ldr	r4, [r1, #16]
 3321 0030 2343     		orrs	r3, r4
 3322 0032 0C4C     		ldr	r4, .L378+16
 3323 0034 2340     		ands	r3, r4
 3324 0036 4C69     		ldr	r4, [r1, #20]
 3325 0038 2343     		orrs	r3, r4
 3326 003a 0B4C     		ldr	r4, .L378+20
 3327 003c 2340     		ands	r3, r4
 3328 003e C969     		ldr	r1, [r1, #28]
 3329 0040 0B43     		orrs	r3, r1
 3330 0042 0168     		ldr	r1, [r0]
 3331 0044 4B64     		str	r3, [r1, #68]
 3332 0046 0023     		movs	r3, #0
 3333 0048 8354     		strb	r3, [r0, r2]
 3334 004a 0020     		movs	r0, #0
 3335              	.L376:
 3336              		@ sp needed
 3337 004c 10BD     		pop	{r4, pc}
 3338              	.L377:
 3339 004e 0220     		movs	r0, #2
 3340 0050 FCE7     		b	.L376
 3341              	.L379:
 3342 0052 C046     		.align	2
 3343              	.L378:
 3344 0054 FFFCFFFF 		.word	-769
 3345 0058 FFFBFFFF 		.word	-1025
 3346 005c FFF7FFFF 		.word	-2049
 3347 0060 FFEFFFFF 		.word	-4097
 3348 0064 FFDFFFFF 		.word	-8193
 3349 0068 FFBFFFFF 		.word	-16385
 3351              		.section	.text.HAL_TIMEx_RemapConfig,"ax",%progbits
 3352              		.align	1
 3353              		.global	HAL_TIMEx_RemapConfig
 3354              		.syntax unified
 3355              		.code	16
 3356              		.thumb_func
 3358              	HAL_TIMEx_RemapConfig:
 3359              		@ args = 0, pretend = 0, frame = 0
 3360              		@ frame_needed = 0, uses_anonymous_args = 0
 3361              		@ link register save eliminated.
 3362 0000 3C23     		movs	r3, #60
 3363 0002 C35C     		ldrb	r3, [r0, r3]
 3364 0004 012B     		cmp	r3, #1
 3365 0006 08D0     		beq	.L382
 3366 0008 3C23     		movs	r3, #60
 3367 000a 0122     		movs	r2, #1
 3368 000c C254     		strb	r2, [r0, r3]
 3369 000e 0268     		ldr	r2, [r0]
 3370 0010 1165     		str	r1, [r2, #80]
 3371 0012 0022     		movs	r2, #0
 3372 0014 C254     		strb	r2, [r0, r3]
 3373 0016 0020     		movs	r0, #0
 3374              	.L381:
 3375              		@ sp needed
ARM GAS  C:\Users\fastr\AppData\Local\Temp\cclspFYb.s 			page 59


 3376 0018 7047     		bx	lr
 3377              	.L382:
 3378 001a 0220     		movs	r0, #2
 3379 001c FCE7     		b	.L381
 3381              		.section	.text.HAL_TIMEx_CommutCallback,"ax",%progbits
 3382              		.align	1
 3383              		.weak	HAL_TIMEx_CommutCallback
 3384              		.syntax unified
 3385              		.code	16
 3386              		.thumb_func
 3388              	HAL_TIMEx_CommutCallback:
 3389              		@ args = 0, pretend = 0, frame = 0
 3390              		@ frame_needed = 0, uses_anonymous_args = 0
 3391              		@ link register save eliminated.
 3392              		@ sp needed
 3393 0000 7047     		bx	lr
 3395              		.section	.text.TIMEx_DMACommutationCplt,"ax",%progbits
 3396              		.align	1
 3397              		.global	TIMEx_DMACommutationCplt
 3398              		.syntax unified
 3399              		.code	16
 3400              		.thumb_func
 3402              	TIMEx_DMACommutationCplt:
 3403              		@ args = 0, pretend = 0, frame = 0
 3404              		@ frame_needed = 0, uses_anonymous_args = 0
 3405 0000 10B5     		push	{r4, lr}
 3406 0002 406A     		ldr	r0, [r0, #36]
 3407 0004 3D23     		movs	r3, #61
 3408 0006 0122     		movs	r2, #1
 3409 0008 C254     		strb	r2, [r0, r3]
 3410 000a FFF7FEFF 		bl	HAL_TIMEx_CommutCallback
 3411              		@ sp needed
 3412 000e 10BD     		pop	{r4, pc}
 3414              		.section	.text.HAL_TIMEx_CommutHalfCpltCallback,"ax",%progbits
 3415              		.align	1
 3416              		.weak	HAL_TIMEx_CommutHalfCpltCallback
 3417              		.syntax unified
 3418              		.code	16
 3419              		.thumb_func
 3421              	HAL_TIMEx_CommutHalfCpltCallback:
 3422              		@ args = 0, pretend = 0, frame = 0
 3423              		@ frame_needed = 0, uses_anonymous_args = 0
 3424              		@ link register save eliminated.
 3425              		@ sp needed
 3426 0000 7047     		bx	lr
 3428              		.section	.text.TIMEx_DMACommutationHalfCplt,"ax",%progbits
 3429              		.align	1
 3430              		.global	TIMEx_DMACommutationHalfCplt
 3431              		.syntax unified
 3432              		.code	16
 3433              		.thumb_func
 3435              	TIMEx_DMACommutationHalfCplt:
 3436              		@ args = 0, pretend = 0, frame = 0
 3437              		@ frame_needed = 0, uses_anonymous_args = 0
 3438 0000 10B5     		push	{r4, lr}
 3439 0002 406A     		ldr	r0, [r0, #36]
 3440 0004 3D23     		movs	r3, #61
ARM GAS  C:\Users\fastr\AppData\Local\Temp\cclspFYb.s 			page 60


 3441 0006 0122     		movs	r2, #1
 3442 0008 C254     		strb	r2, [r0, r3]
 3443 000a FFF7FEFF 		bl	HAL_TIMEx_CommutHalfCpltCallback
 3444              		@ sp needed
 3445 000e 10BD     		pop	{r4, pc}
 3447              		.section	.text.HAL_TIMEx_BreakCallback,"ax",%progbits
 3448              		.align	1
 3449              		.weak	HAL_TIMEx_BreakCallback
 3450              		.syntax unified
 3451              		.code	16
 3452              		.thumb_func
 3454              	HAL_TIMEx_BreakCallback:
 3455              		@ args = 0, pretend = 0, frame = 0
 3456              		@ frame_needed = 0, uses_anonymous_args = 0
 3457              		@ link register save eliminated.
 3458              		@ sp needed
 3459 0000 7047     		bx	lr
 3461              		.section	.text.HAL_TIMEx_HallSensor_GetState,"ax",%progbits
 3462              		.align	1
 3463              		.global	HAL_TIMEx_HallSensor_GetState
 3464              		.syntax unified
 3465              		.code	16
 3466              		.thumb_func
 3468              	HAL_TIMEx_HallSensor_GetState:
 3469              		@ args = 0, pretend = 0, frame = 0
 3470              		@ frame_needed = 0, uses_anonymous_args = 0
 3471              		@ link register save eliminated.
 3472 0000 3D23     		movs	r3, #61
 3473 0002 C05C     		ldrb	r0, [r0, r3]
 3474 0004 C0B2     		uxtb	r0, r0
 3475              		@ sp needed
 3476 0006 7047     		bx	lr
 3478              		.section	.text.HAL_TIMEx_GetChannelNState,"ax",%progbits
 3479              		.align	1
 3480              		.global	HAL_TIMEx_GetChannelNState
 3481              		.syntax unified
 3482              		.code	16
 3483              		.thumb_func
 3485              	HAL_TIMEx_GetChannelNState:
 3486              		@ args = 0, pretend = 0, frame = 0
 3487              		@ frame_needed = 0, uses_anonymous_args = 0
 3488              		@ link register save eliminated.
 3489 0000 0029     		cmp	r1, #0
 3490 0002 03D1     		bne	.L390
 3491 0004 4223     		movs	r3, #66
 3492 0006 C05C     		ldrb	r0, [r0, r3]
 3493 0008 C0B2     		uxtb	r0, r0
 3494              	.L391:
 3495              		@ sp needed
 3496 000a 7047     		bx	lr
 3497              	.L390:
 3498 000c 0429     		cmp	r1, #4
 3499 000e 05D0     		beq	.L394
 3500 0010 0829     		cmp	r1, #8
 3501 0012 07D0     		beq	.L395
 3502 0014 4523     		movs	r3, #69
 3503 0016 C05C     		ldrb	r0, [r0, r3]
ARM GAS  C:\Users\fastr\AppData\Local\Temp\cclspFYb.s 			page 61


 3504 0018 C0B2     		uxtb	r0, r0
 3505 001a F6E7     		b	.L391
 3506              	.L394:
 3507 001c 4323     		movs	r3, #67
 3508 001e C05C     		ldrb	r0, [r0, r3]
 3509 0020 C0B2     		uxtb	r0, r0
 3510 0022 F2E7     		b	.L391
 3511              	.L395:
 3512 0024 4423     		movs	r3, #68
 3513 0026 C05C     		ldrb	r0, [r0, r3]
 3514 0028 C0B2     		uxtb	r0, r0
 3515 002a EEE7     		b	.L391
 3517              		.ident	"GCC: (xPack GNU Arm Embedded GCC x86_64) 15.2.1 20251203"
ARM GAS  C:\Users\fastr\AppData\Local\Temp\cclspFYb.s 			page 62


DEFINED SYMBOLS
                            *ABS*:00000000 stm32f0xx_hal_tim_ex.c
C:\Users\fastr\AppData\Local\Temp\cclspFYb.s:16     .text.TIM_CCxNChannelCmd:00000000 $t
C:\Users\fastr\AppData\Local\Temp\cclspFYb.s:21     .text.TIM_CCxNChannelCmd:00000000 TIM_CCxNChannelCmd
C:\Users\fastr\AppData\Local\Temp\cclspFYb.s:42     .text.TIM_DMAErrorCCxN:00000000 $t
C:\Users\fastr\AppData\Local\Temp\cclspFYb.s:47     .text.TIM_DMAErrorCCxN:00000000 TIM_DMAErrorCCxN
C:\Users\fastr\AppData\Local\Temp\cclspFYb.s:90     .text.TIM_DMADelayPulseNCplt:00000000 $t
C:\Users\fastr\AppData\Local\Temp\cclspFYb.s:95     .text.TIM_DMADelayPulseNCplt:00000000 TIM_DMADelayPulseNCplt
C:\Users\fastr\AppData\Local\Temp\cclspFYb.s:148    .text.HAL_TIMEx_HallSensor_MspInit:00000000 $t
C:\Users\fastr\AppData\Local\Temp\cclspFYb.s:154    .text.HAL_TIMEx_HallSensor_MspInit:00000000 HAL_TIMEx_HallSensor_MspInit
C:\Users\fastr\AppData\Local\Temp\cclspFYb.s:162    .text.HAL_TIMEx_HallSensor_Init:00000000 $t
C:\Users\fastr\AppData\Local\Temp\cclspFYb.s:168    .text.HAL_TIMEx_HallSensor_Init:00000000 HAL_TIMEx_HallSensor_Init
C:\Users\fastr\AppData\Local\Temp\cclspFYb.s:277    .text.HAL_TIMEx_HallSensor_MspDeInit:00000000 $t
C:\Users\fastr\AppData\Local\Temp\cclspFYb.s:283    .text.HAL_TIMEx_HallSensor_MspDeInit:00000000 HAL_TIMEx_HallSensor_MspDeInit
C:\Users\fastr\AppData\Local\Temp\cclspFYb.s:291    .text.HAL_TIMEx_HallSensor_DeInit:00000000 $t
C:\Users\fastr\AppData\Local\Temp\cclspFYb.s:297    .text.HAL_TIMEx_HallSensor_DeInit:00000000 HAL_TIMEx_HallSensor_DeInit
C:\Users\fastr\AppData\Local\Temp\cclspFYb.s:342    .text.HAL_TIMEx_HallSensor_DeInit:0000004c $d
C:\Users\fastr\AppData\Local\Temp\cclspFYb.s:346    .text.HAL_TIMEx_HallSensor_Start:00000000 $t
C:\Users\fastr\AppData\Local\Temp\cclspFYb.s:352    .text.HAL_TIMEx_HallSensor_Start:00000000 HAL_TIMEx_HallSensor_Start
C:\Users\fastr\AppData\Local\Temp\cclspFYb.s:445    .text.HAL_TIMEx_HallSensor_Start:000000a4 $d
C:\Users\fastr\AppData\Local\Temp\cclspFYb.s:450    .text.HAL_TIMEx_HallSensor_Stop:00000000 $t
C:\Users\fastr\AppData\Local\Temp\cclspFYb.s:456    .text.HAL_TIMEx_HallSensor_Stop:00000000 HAL_TIMEx_HallSensor_Stop
C:\Users\fastr\AppData\Local\Temp\cclspFYb.s:494    .text.HAL_TIMEx_HallSensor_Stop:00000040 $d
C:\Users\fastr\AppData\Local\Temp\cclspFYb.s:498    .text.HAL_TIMEx_HallSensor_Start_IT:00000000 $t
C:\Users\fastr\AppData\Local\Temp\cclspFYb.s:504    .text.HAL_TIMEx_HallSensor_Start_IT:00000000 HAL_TIMEx_HallSensor_Start_IT
C:\Users\fastr\AppData\Local\Temp\cclspFYb.s:601    .text.HAL_TIMEx_HallSensor_Start_IT:000000ac $d
C:\Users\fastr\AppData\Local\Temp\cclspFYb.s:606    .text.HAL_TIMEx_HallSensor_Stop_IT:00000000 $t
C:\Users\fastr\AppData\Local\Temp\cclspFYb.s:612    .text.HAL_TIMEx_HallSensor_Stop_IT:00000000 HAL_TIMEx_HallSensor_Stop_IT
C:\Users\fastr\AppData\Local\Temp\cclspFYb.s:655    .text.HAL_TIMEx_HallSensor_Stop_IT:00000048 $d
C:\Users\fastr\AppData\Local\Temp\cclspFYb.s:659    .text.HAL_TIMEx_HallSensor_Start_DMA:00000000 $t
C:\Users\fastr\AppData\Local\Temp\cclspFYb.s:665    .text.HAL_TIMEx_HallSensor_Start_DMA:00000000 HAL_TIMEx_HallSensor_Start_DMA
C:\Users\fastr\AppData\Local\Temp\cclspFYb.s:772    .text.HAL_TIMEx_HallSensor_Start_DMA:000000c0 $d
C:\Users\fastr\AppData\Local\Temp\cclspFYb.s:780    .text.HAL_TIMEx_HallSensor_Stop_DMA:00000000 $t
C:\Users\fastr\AppData\Local\Temp\cclspFYb.s:786    .text.HAL_TIMEx_HallSensor_Stop_DMA:00000000 HAL_TIMEx_HallSensor_Stop_DMA
C:\Users\fastr\AppData\Local\Temp\cclspFYb.s:827    .text.HAL_TIMEx_HallSensor_Stop_DMA:00000048 $d
C:\Users\fastr\AppData\Local\Temp\cclspFYb.s:832    .text.HAL_TIMEx_OCN_Start:00000000 $t
C:\Users\fastr\AppData\Local\Temp\cclspFYb.s:838    .text.HAL_TIMEx_OCN_Start:00000000 HAL_TIMEx_OCN_Start
C:\Users\fastr\AppData\Local\Temp\cclspFYb.s:959    .text.HAL_TIMEx_OCN_Start:000000d0 $d
C:\Users\fastr\AppData\Local\Temp\cclspFYb.s:964    .text.HAL_TIMEx_OCN_Stop:00000000 $t
C:\Users\fastr\AppData\Local\Temp\cclspFYb.s:970    .text.HAL_TIMEx_OCN_Stop:00000000 HAL_TIMEx_OCN_Stop
C:\Users\fastr\AppData\Local\Temp\cclspFYb.s:1038   .text.HAL_TIMEx_OCN_Stop:00000070 $d
C:\Users\fastr\AppData\Local\Temp\cclspFYb.s:1043   .text.HAL_TIMEx_OCN_Start_IT:00000000 $t
C:\Users\fastr\AppData\Local\Temp\cclspFYb.s:1049   .text.HAL_TIMEx_OCN_Start_IT:00000000 HAL_TIMEx_OCN_Start_IT
C:\Users\fastr\AppData\Local\Temp\cclspFYb.s:1200   .text.HAL_TIMEx_OCN_Start_IT:00000104 $d
C:\Users\fastr\AppData\Local\Temp\cclspFYb.s:1205   .text.HAL_TIMEx_OCN_Stop_IT:00000000 $t
C:\Users\fastr\AppData\Local\Temp\cclspFYb.s:1211   .text.HAL_TIMEx_OCN_Stop_IT:00000000 HAL_TIMEx_OCN_Stop_IT
C:\Users\fastr\AppData\Local\Temp\cclspFYb.s:1322   .text.HAL_TIMEx_OCN_Stop_IT:000000bc $d
C:\Users\fastr\AppData\Local\Temp\cclspFYb.s:1327   .text.HAL_TIMEx_OCN_Start_DMA:00000000 $t
C:\Users\fastr\AppData\Local\Temp\cclspFYb.s:1333   .text.HAL_TIMEx_OCN_Start_DMA:00000000 HAL_TIMEx_OCN_Start_DMA
C:\Users\fastr\AppData\Local\Temp\cclspFYb.s:1605   .text.HAL_TIMEx_OCN_Start_DMA:000001dc $d
C:\Users\fastr\AppData\Local\Temp\cclspFYb.s:1613   .text.HAL_TIMEx_OCN_Stop_DMA:00000000 $t
C:\Users\fastr\AppData\Local\Temp\cclspFYb.s:1619   .text.HAL_TIMEx_OCN_Stop_DMA:00000000 HAL_TIMEx_OCN_Stop_DMA
C:\Users\fastr\AppData\Local\Temp\cclspFYb.s:1726   .text.HAL_TIMEx_OCN_Stop_DMA:000000bc $d
C:\Users\fastr\AppData\Local\Temp\cclspFYb.s:1734   .text.HAL_TIMEx_PWMN_Start:00000000 $t
C:\Users\fastr\AppData\Local\Temp\cclspFYb.s:1740   .text.HAL_TIMEx_PWMN_Start:00000000 HAL_TIMEx_PWMN_Start
C:\Users\fastr\AppData\Local\Temp\cclspFYb.s:1861   .text.HAL_TIMEx_PWMN_Start:000000d0 $d
C:\Users\fastr\AppData\Local\Temp\cclspFYb.s:1866   .text.HAL_TIMEx_PWMN_Stop:00000000 $t
ARM GAS  C:\Users\fastr\AppData\Local\Temp\cclspFYb.s 			page 63


C:\Users\fastr\AppData\Local\Temp\cclspFYb.s:1872   .text.HAL_TIMEx_PWMN_Stop:00000000 HAL_TIMEx_PWMN_Stop
C:\Users\fastr\AppData\Local\Temp\cclspFYb.s:1940   .text.HAL_TIMEx_PWMN_Stop:00000070 $d
C:\Users\fastr\AppData\Local\Temp\cclspFYb.s:1945   .text.HAL_TIMEx_PWMN_Start_IT:00000000 $t
C:\Users\fastr\AppData\Local\Temp\cclspFYb.s:1951   .text.HAL_TIMEx_PWMN_Start_IT:00000000 HAL_TIMEx_PWMN_Start_IT
C:\Users\fastr\AppData\Local\Temp\cclspFYb.s:2102   .text.HAL_TIMEx_PWMN_Start_IT:00000104 $d
C:\Users\fastr\AppData\Local\Temp\cclspFYb.s:2107   .text.HAL_TIMEx_PWMN_Stop_IT:00000000 $t
C:\Users\fastr\AppData\Local\Temp\cclspFYb.s:2113   .text.HAL_TIMEx_PWMN_Stop_IT:00000000 HAL_TIMEx_PWMN_Stop_IT
C:\Users\fastr\AppData\Local\Temp\cclspFYb.s:2224   .text.HAL_TIMEx_PWMN_Stop_IT:000000bc $d
C:\Users\fastr\AppData\Local\Temp\cclspFYb.s:2229   .text.HAL_TIMEx_PWMN_Start_DMA:00000000 $t
C:\Users\fastr\AppData\Local\Temp\cclspFYb.s:2235   .text.HAL_TIMEx_PWMN_Start_DMA:00000000 HAL_TIMEx_PWMN_Start_DMA
C:\Users\fastr\AppData\Local\Temp\cclspFYb.s:2507   .text.HAL_TIMEx_PWMN_Start_DMA:000001dc $d
C:\Users\fastr\AppData\Local\Temp\cclspFYb.s:2515   .text.HAL_TIMEx_PWMN_Stop_DMA:00000000 $t
C:\Users\fastr\AppData\Local\Temp\cclspFYb.s:2521   .text.HAL_TIMEx_PWMN_Stop_DMA:00000000 HAL_TIMEx_PWMN_Stop_DMA
C:\Users\fastr\AppData\Local\Temp\cclspFYb.s:2628   .text.HAL_TIMEx_PWMN_Stop_DMA:000000bc $d
C:\Users\fastr\AppData\Local\Temp\cclspFYb.s:2636   .text.HAL_TIMEx_OnePulseN_Start:00000000 $t
C:\Users\fastr\AppData\Local\Temp\cclspFYb.s:2642   .text.HAL_TIMEx_OnePulseN_Start:00000000 HAL_TIMEx_OnePulseN_Start
C:\Users\fastr\AppData\Local\Temp\cclspFYb.s:2714   .text.HAL_TIMEx_OnePulseN_Stop:00000000 $t
C:\Users\fastr\AppData\Local\Temp\cclspFYb.s:2720   .text.HAL_TIMEx_OnePulseN_Stop:00000000 HAL_TIMEx_OnePulseN_Stop
C:\Users\fastr\AppData\Local\Temp\cclspFYb.s:2784   .text.HAL_TIMEx_OnePulseN_Stop:00000070 $d
C:\Users\fastr\AppData\Local\Temp\cclspFYb.s:2789   .text.HAL_TIMEx_OnePulseN_Start_IT:00000000 $t
C:\Users\fastr\AppData\Local\Temp\cclspFYb.s:2795   .text.HAL_TIMEx_OnePulseN_Start_IT:00000000 HAL_TIMEx_OnePulseN_Start_IT
C:\Users\fastr\AppData\Local\Temp\cclspFYb.s:2876   .text.HAL_TIMEx_OnePulseN_Stop_IT:00000000 $t
C:\Users\fastr\AppData\Local\Temp\cclspFYb.s:2882   .text.HAL_TIMEx_OnePulseN_Stop_IT:00000000 HAL_TIMEx_OnePulseN_Stop_IT
C:\Users\fastr\AppData\Local\Temp\cclspFYb.s:2956   .text.HAL_TIMEx_OnePulseN_Stop_IT:00000084 $d
C:\Users\fastr\AppData\Local\Temp\cclspFYb.s:2961   .text.HAL_TIMEx_ConfigCommutEvent:00000000 $t
C:\Users\fastr\AppData\Local\Temp\cclspFYb.s:2967   .text.HAL_TIMEx_ConfigCommutEvent:00000000 HAL_TIMEx_ConfigCommutEvent
C:\Users\fastr\AppData\Local\Temp\cclspFYb.s:3038   .text.HAL_TIMEx_ConfigCommutEvent:00000078 $d
C:\Users\fastr\AppData\Local\Temp\cclspFYb.s:3041   .text.HAL_TIMEx_ConfigCommutEvent_IT:00000000 $t
C:\Users\fastr\AppData\Local\Temp\cclspFYb.s:3047   .text.HAL_TIMEx_ConfigCommutEvent_IT:00000000 HAL_TIMEx_ConfigCommutEvent_IT
C:\Users\fastr\AppData\Local\Temp\cclspFYb.s:3118   .text.HAL_TIMEx_ConfigCommutEvent_IT:00000078 $d
C:\Users\fastr\AppData\Local\Temp\cclspFYb.s:3121   .text.HAL_TIMEx_ConfigCommutEvent_DMA:00000000 $t
C:\Users\fastr\AppData\Local\Temp\cclspFYb.s:3127   .text.HAL_TIMEx_ConfigCommutEvent_DMA:00000000 HAL_TIMEx_ConfigCommutEvent_DMA
C:\Users\fastr\AppData\Local\Temp\cclspFYb.s:3208   .text.HAL_TIMEx_ConfigCommutEvent_DMA:0000008c $d
C:\Users\fastr\AppData\Local\Temp\cclspFYb.s:3402   .text.TIMEx_DMACommutationCplt:00000000 TIMEx_DMACommutationCplt
C:\Users\fastr\AppData\Local\Temp\cclspFYb.s:3435   .text.TIMEx_DMACommutationHalfCplt:00000000 TIMEx_DMACommutationHalfCplt
C:\Users\fastr\AppData\Local\Temp\cclspFYb.s:3213   .text.HAL_TIMEx_MasterConfigSynchronization:00000000 $t
C:\Users\fastr\AppData\Local\Temp\cclspFYb.s:3219   .text.HAL_TIMEx_MasterConfigSynchronization:00000000 HAL_TIMEx_MasterConfigSynchronization
C:\Users\fastr\AppData\Local\Temp\cclspFYb.s:3283   .text.HAL_TIMEx_MasterConfigSynchronization:0000006c $d
C:\Users\fastr\AppData\Local\Temp\cclspFYb.s:3288   .text.HAL_TIMEx_ConfigBreakDeadTime:00000000 $t
C:\Users\fastr\AppData\Local\Temp\cclspFYb.s:3294   .text.HAL_TIMEx_ConfigBreakDeadTime:00000000 HAL_TIMEx_ConfigBreakDeadTime
C:\Users\fastr\AppData\Local\Temp\cclspFYb.s:3344   .text.HAL_TIMEx_ConfigBreakDeadTime:00000054 $d
C:\Users\fastr\AppData\Local\Temp\cclspFYb.s:3352   .text.HAL_TIMEx_RemapConfig:00000000 $t
C:\Users\fastr\AppData\Local\Temp\cclspFYb.s:3358   .text.HAL_TIMEx_RemapConfig:00000000 HAL_TIMEx_RemapConfig
C:\Users\fastr\AppData\Local\Temp\cclspFYb.s:3382   .text.HAL_TIMEx_CommutCallback:00000000 $t
C:\Users\fastr\AppData\Local\Temp\cclspFYb.s:3388   .text.HAL_TIMEx_CommutCallback:00000000 HAL_TIMEx_CommutCallback
C:\Users\fastr\AppData\Local\Temp\cclspFYb.s:3396   .text.TIMEx_DMACommutationCplt:00000000 $t
C:\Users\fastr\AppData\Local\Temp\cclspFYb.s:3415   .text.HAL_TIMEx_CommutHalfCpltCallback:00000000 $t
C:\Users\fastr\AppData\Local\Temp\cclspFYb.s:3421   .text.HAL_TIMEx_CommutHalfCpltCallback:00000000 HAL_TIMEx_CommutHalfCpltCallback
C:\Users\fastr\AppData\Local\Temp\cclspFYb.s:3429   .text.TIMEx_DMACommutationHalfCplt:00000000 $t
C:\Users\fastr\AppData\Local\Temp\cclspFYb.s:3448   .text.HAL_TIMEx_BreakCallback:00000000 $t
C:\Users\fastr\AppData\Local\Temp\cclspFYb.s:3454   .text.HAL_TIMEx_BreakCallback:00000000 HAL_TIMEx_BreakCallback
C:\Users\fastr\AppData\Local\Temp\cclspFYb.s:3462   .text.HAL_TIMEx_HallSensor_GetState:00000000 $t
C:\Users\fastr\AppData\Local\Temp\cclspFYb.s:3468   .text.HAL_TIMEx_HallSensor_GetState:00000000 HAL_TIMEx_HallSensor_GetState
C:\Users\fastr\AppData\Local\Temp\cclspFYb.s:3479   .text.HAL_TIMEx_GetChannelNState:00000000 $t
C:\Users\fastr\AppData\Local\Temp\cclspFYb.s:3485   .text.HAL_TIMEx_GetChannelNState:00000000 HAL_TIMEx_GetChannelNState

UNDEFINED SYMBOLS
ARM GAS  C:\Users\fastr\AppData\Local\Temp\cclspFYb.s 			page 64


HAL_TIM_ErrorCallback
HAL_TIM_PWM_PulseFinishedCallback
TIM_Base_SetConfig
TIM_TI1_SetConfig
TIM_OC2_SetConfig
TIM_CCxChannelCmd
HAL_DMA_Start_IT
TIM_DMACaptureCplt
TIM_DMACaptureHalfCplt
TIM_DMAError
HAL_DMA_Abort_IT
TIM_DMADelayPulseHalfCplt
