ARM GAS  C:\Users\fastr\AppData\Local\Temp\ccUGQp9j.s 			page 1


   1              		.cpu cortex-m0
   2              		.arch armv6s-m
   3              		.fpu softvfp
   4              		.eabi_attribute 20, 1
   5              		.eabi_attribute 21, 1
   6              		.eabi_attribute 23, 3
   7              		.eabi_attribute 24, 1
   8              		.eabi_attribute 25, 1
   9              		.eabi_attribute 26, 1
  10              		.eabi_attribute 30, 1
  11              		.eabi_attribute 34, 0
  12              		.eabi_attribute 18, 4
  13              		.file	"stm32f0xx_hal_tim.c"
  14              		.text
  15              		.section	.text.TIM_OC1_SetConfig,"ax",%progbits
  16              		.align	1
  17              		.syntax unified
  18              		.code	16
  19              		.thumb_func
  21              	TIM_OC1_SetConfig:
  22              		@ args = 0, pretend = 0, frame = 0
  23              		@ frame_needed = 0, uses_anonymous_args = 0
  24 0000 30B5     		push	{r4, r5, lr}
  25 0002 036A     		ldr	r3, [r0, #32]
  26 0004 026A     		ldr	r2, [r0, #32]
  27 0006 0124     		movs	r4, #1
  28 0008 A243     		bics	r2, r4
  29 000a 0262     		str	r2, [r0, #32]
  30 000c 4268     		ldr	r2, [r0, #4]
  31 000e 8469     		ldr	r4, [r0, #24]
  32 0010 A446     		mov	ip, r4
  33 0012 7324     		movs	r4, #115
  34 0014 6546     		mov	r5, ip
  35 0016 A543     		bics	r5, r4
  36 0018 0C68     		ldr	r4, [r1]
  37 001a 2543     		orrs	r5, r4
  38 001c AC46     		mov	ip, r5
  39 001e 0224     		movs	r4, #2
  40 0020 A343     		bics	r3, r4
  41 0022 8C68     		ldr	r4, [r1, #8]
  42 0024 2343     		orrs	r3, r4
  43 0026 164C     		ldr	r4, .L6
  44 0028 A042     		cmp	r0, r4
  45 002a 08D0     		beq	.L2
  46 002c 154C     		ldr	r4, .L6+4
  47 002e A042     		cmp	r0, r4
  48 0030 05D0     		beq	.L2
  49 0032 154C     		ldr	r4, .L6+8
  50 0034 A042     		cmp	r0, r4
  51 0036 02D0     		beq	.L2
  52 0038 144C     		ldr	r4, .L6+12
  53 003a A042     		cmp	r0, r4
  54 003c 06D1     		bne	.L3
  55              	.L2:
  56 003e 0824     		movs	r4, #8
  57 0040 A343     		bics	r3, r4
  58 0042 1C00     		movs	r4, r3
ARM GAS  C:\Users\fastr\AppData\Local\Temp\ccUGQp9j.s 			page 2


  59 0044 CB68     		ldr	r3, [r1, #12]
  60 0046 2343     		orrs	r3, r4
  61 0048 0424     		movs	r4, #4
  62 004a A343     		bics	r3, r4
  63              	.L3:
  64 004c 0C4C     		ldr	r4, .L6
  65 004e A042     		cmp	r0, r4
  66 0050 08D0     		beq	.L4
  67 0052 0C4C     		ldr	r4, .L6+4
  68 0054 A042     		cmp	r0, r4
  69 0056 05D0     		beq	.L4
  70 0058 0B4C     		ldr	r4, .L6+8
  71 005a A042     		cmp	r0, r4
  72 005c 02D0     		beq	.L4
  73 005e 0B4C     		ldr	r4, .L6+12
  74 0060 A042     		cmp	r0, r4
  75 0062 05D1     		bne	.L5
  76              	.L4:
  77 0064 0A4C     		ldr	r4, .L6+16
  78 0066 1440     		ands	r4, r2
  79 0068 4A69     		ldr	r2, [r1, #20]
  80 006a 2243     		orrs	r2, r4
  81 006c 8C69     		ldr	r4, [r1, #24]
  82 006e 2243     		orrs	r2, r4
  83              	.L5:
  84 0070 4260     		str	r2, [r0, #4]
  85 0072 6246     		mov	r2, ip
  86 0074 8261     		str	r2, [r0, #24]
  87 0076 4A68     		ldr	r2, [r1, #4]
  88 0078 4263     		str	r2, [r0, #52]
  89 007a 0362     		str	r3, [r0, #32]
  90              		@ sp needed
  91 007c 30BD     		pop	{r4, r5, pc}
  92              	.L7:
  93 007e C046     		.align	2
  94              	.L6:
  95 0080 002C0140 		.word	1073818624
  96 0084 00400140 		.word	1073823744
  97 0088 00440140 		.word	1073824768
  98 008c 00480140 		.word	1073825792
  99 0090 FFFCFFFF 		.word	-769
 101              		.section	.text.TIM_OC3_SetConfig,"ax",%progbits
 102              		.align	1
 103              		.syntax unified
 104              		.code	16
 105              		.thumb_func
 107              	TIM_OC3_SetConfig:
 108              		@ args = 0, pretend = 0, frame = 0
 109              		@ frame_needed = 0, uses_anonymous_args = 0
 110 0000 30B5     		push	{r4, r5, lr}
 111 0002 0C00     		movs	r4, r1
 112 0004 016A     		ldr	r1, [r0, #32]
 113 0006 036A     		ldr	r3, [r0, #32]
 114 0008 1A4A     		ldr	r2, .L13
 115 000a 1340     		ands	r3, r2
 116 000c 0362     		str	r3, [r0, #32]
 117 000e 4268     		ldr	r2, [r0, #4]
ARM GAS  C:\Users\fastr\AppData\Local\Temp\ccUGQp9j.s 			page 3


 118 0010 C369     		ldr	r3, [r0, #28]
 119 0012 7325     		movs	r5, #115
 120 0014 AB43     		bics	r3, r5
 121 0016 2568     		ldr	r5, [r4]
 122 0018 1D43     		orrs	r5, r3
 123 001a AC46     		mov	ip, r5
 124 001c 164B     		ldr	r3, .L13+4
 125 001e 1940     		ands	r1, r3
 126 0020 A368     		ldr	r3, [r4, #8]
 127 0022 1B02     		lsls	r3, r3, #8
 128 0024 0B43     		orrs	r3, r1
 129 0026 1549     		ldr	r1, .L13+8
 130 0028 8842     		cmp	r0, r1
 131 002a 1AD0     		beq	.L12
 132              	.L9:
 133 002c 1349     		ldr	r1, .L13+8
 134 002e 8842     		cmp	r0, r1
 135 0030 08D0     		beq	.L10
 136 0032 1349     		ldr	r1, .L13+12
 137 0034 8842     		cmp	r0, r1
 138 0036 05D0     		beq	.L10
 139 0038 1249     		ldr	r1, .L13+16
 140 003a 8842     		cmp	r0, r1
 141 003c 02D0     		beq	.L10
 142 003e 1249     		ldr	r1, .L13+20
 143 0040 8842     		cmp	r0, r1
 144 0042 07D1     		bne	.L11
 145              	.L10:
 146 0044 1149     		ldr	r1, .L13+24
 147 0046 0A40     		ands	r2, r1
 148 0048 6169     		ldr	r1, [r4, #20]
 149 004a 0901     		lsls	r1, r1, #4
 150 004c 1143     		orrs	r1, r2
 151 004e A269     		ldr	r2, [r4, #24]
 152 0050 1201     		lsls	r2, r2, #4
 153 0052 0A43     		orrs	r2, r1
 154              	.L11:
 155 0054 4260     		str	r2, [r0, #4]
 156 0056 6246     		mov	r2, ip
 157 0058 C261     		str	r2, [r0, #28]
 158 005a 6268     		ldr	r2, [r4, #4]
 159 005c C263     		str	r2, [r0, #60]
 160 005e 0362     		str	r3, [r0, #32]
 161              		@ sp needed
 162 0060 30BD     		pop	{r4, r5, pc}
 163              	.L12:
 164 0062 0B49     		ldr	r1, .L13+28
 165 0064 1940     		ands	r1, r3
 166 0066 E368     		ldr	r3, [r4, #12]
 167 0068 1B02     		lsls	r3, r3, #8
 168 006a 0B43     		orrs	r3, r1
 169 006c 0949     		ldr	r1, .L13+32
 170 006e 0B40     		ands	r3, r1
 171 0070 DCE7     		b	.L9
 172              	.L14:
 173 0072 C046     		.align	2
 174              	.L13:
ARM GAS  C:\Users\fastr\AppData\Local\Temp\ccUGQp9j.s 			page 4


 175 0074 FFFEFFFF 		.word	-257
 176 0078 FFFDFFFF 		.word	-513
 177 007c 002C0140 		.word	1073818624
 178 0080 00400140 		.word	1073823744
 179 0084 00440140 		.word	1073824768
 180 0088 00480140 		.word	1073825792
 181 008c FFCFFFFF 		.word	-12289
 182 0090 FFF7FFFF 		.word	-2049
 183 0094 FFFBFFFF 		.word	-1025
 185              		.section	.text.TIM_OC4_SetConfig,"ax",%progbits
 186              		.align	1
 187              		.syntax unified
 188              		.code	16
 189              		.thumb_func
 191              	TIM_OC4_SetConfig:
 192              		@ args = 0, pretend = 0, frame = 0
 193              		@ frame_needed = 0, uses_anonymous_args = 0
 194 0000 30B5     		push	{r4, r5, lr}
 195 0002 026A     		ldr	r2, [r0, #32]
 196 0004 036A     		ldr	r3, [r0, #32]
 197 0006 134C     		ldr	r4, .L18
 198 0008 2340     		ands	r3, r4
 199 000a 0362     		str	r3, [r0, #32]
 200 000c 4368     		ldr	r3, [r0, #4]
 201 000e C469     		ldr	r4, [r0, #28]
 202 0010 114D     		ldr	r5, .L18+4
 203 0012 2C40     		ands	r4, r5
 204 0014 0D68     		ldr	r5, [r1]
 205 0016 2D02     		lsls	r5, r5, #8
 206 0018 2C43     		orrs	r4, r5
 207 001a 104D     		ldr	r5, .L18+8
 208 001c 2A40     		ands	r2, r5
 209 001e 8D68     		ldr	r5, [r1, #8]
 210 0020 2D03     		lsls	r5, r5, #12
 211 0022 2A43     		orrs	r2, r5
 212 0024 0E4D     		ldr	r5, .L18+12
 213 0026 A842     		cmp	r0, r5
 214 0028 08D0     		beq	.L16
 215 002a 0E4D     		ldr	r5, .L18+16
 216 002c A842     		cmp	r0, r5
 217 002e 05D0     		beq	.L16
 218 0030 0D4D     		ldr	r5, .L18+20
 219 0032 A842     		cmp	r0, r5
 220 0034 02D0     		beq	.L16
 221 0036 0D4D     		ldr	r5, .L18+24
 222 0038 A842     		cmp	r0, r5
 223 003a 04D1     		bne	.L17
 224              	.L16:
 225 003c 0C4D     		ldr	r5, .L18+28
 226 003e 2B40     		ands	r3, r5
 227 0040 4D69     		ldr	r5, [r1, #20]
 228 0042 AD01     		lsls	r5, r5, #6
 229 0044 2B43     		orrs	r3, r5
 230              	.L17:
 231 0046 4360     		str	r3, [r0, #4]
 232 0048 C461     		str	r4, [r0, #28]
 233 004a 4B68     		ldr	r3, [r1, #4]
ARM GAS  C:\Users\fastr\AppData\Local\Temp\ccUGQp9j.s 			page 5


 234 004c 0364     		str	r3, [r0, #64]
 235 004e 0262     		str	r2, [r0, #32]
 236              		@ sp needed
 237 0050 30BD     		pop	{r4, r5, pc}
 238              	.L19:
 239 0052 C046     		.align	2
 240              	.L18:
 241 0054 FFEFFFFF 		.word	-4097
 242 0058 FF8CFFFF 		.word	-29441
 243 005c FFDFFFFF 		.word	-8193
 244 0060 002C0140 		.word	1073818624
 245 0064 00400140 		.word	1073823744
 246 0068 00440140 		.word	1073824768
 247 006c 00480140 		.word	1073825792
 248 0070 FFBFFFFF 		.word	-16385
 250              		.section	.text.TIM_TI1_ConfigInputStage,"ax",%progbits
 251              		.align	1
 252              		.syntax unified
 253              		.code	16
 254              		.thumb_func
 256              	TIM_TI1_ConfigInputStage:
 257              		@ args = 0, pretend = 0, frame = 0
 258              		@ frame_needed = 0, uses_anonymous_args = 0
 259 0000 10B5     		push	{r4, lr}
 260 0002 8C46     		mov	ip, r1
 261 0004 036A     		ldr	r3, [r0, #32]
 262 0006 016A     		ldr	r1, [r0, #32]
 263 0008 0124     		movs	r4, #1
 264 000a A143     		bics	r1, r4
 265 000c 0162     		str	r1, [r0, #32]
 266 000e 8169     		ldr	r1, [r0, #24]
 267 0010 EF34     		adds	r4, r4, #239
 268 0012 A143     		bics	r1, r4
 269 0014 1201     		lsls	r2, r2, #4
 270 0016 0A43     		orrs	r2, r1
 271 0018 0A21     		movs	r1, #10
 272 001a 8B43     		bics	r3, r1
 273 001c 6146     		mov	r1, ip
 274 001e 0B43     		orrs	r3, r1
 275 0020 8261     		str	r2, [r0, #24]
 276 0022 0362     		str	r3, [r0, #32]
 277              		@ sp needed
 278 0024 10BD     		pop	{r4, pc}
 280              		.section	.text.TIM_TI2_SetConfig,"ax",%progbits
 281              		.align	1
 282              		.syntax unified
 283              		.code	16
 284              		.thumb_func
 286              	TIM_TI2_SetConfig:
 287              		@ args = 0, pretend = 0, frame = 0
 288              		@ frame_needed = 0, uses_anonymous_args = 0
 289 0000 30B5     		push	{r4, r5, lr}
 290 0002 046A     		ldr	r4, [r0, #32]
 291 0004 A446     		mov	ip, r4
 292 0006 046A     		ldr	r4, [r0, #32]
 293 0008 1025     		movs	r5, #16
 294 000a AC43     		bics	r4, r5
ARM GAS  C:\Users\fastr\AppData\Local\Temp\ccUGQp9j.s 			page 6


 295 000c 0462     		str	r4, [r0, #32]
 296 000e 8469     		ldr	r4, [r0, #24]
 297 0010 084D     		ldr	r5, .L22
 298 0012 2C40     		ands	r4, r5
 299 0014 1202     		lsls	r2, r2, #8
 300 0016 2243     		orrs	r2, r4
 301 0018 074C     		ldr	r4, .L22+4
 302 001a 2240     		ands	r2, r4
 303 001c 1B07     		lsls	r3, r3, #28
 304 001e 1B0C     		lsrs	r3, r3, #16
 305 0020 1343     		orrs	r3, r2
 306 0022 A022     		movs	r2, #160
 307 0024 6446     		mov	r4, ip
 308 0026 9443     		bics	r4, r2
 309 0028 0901     		lsls	r1, r1, #4
 310 002a 0A40     		ands	r2, r1
 311 002c 2243     		orrs	r2, r4
 312 002e 8361     		str	r3, [r0, #24]
 313 0030 0262     		str	r2, [r0, #32]
 314              		@ sp needed
 315 0032 30BD     		pop	{r4, r5, pc}
 316              	.L23:
 317              		.align	2
 318              	.L22:
 319 0034 FFFCFFFF 		.word	-769
 320 0038 FF0FFFFF 		.word	-61441
 322              		.section	.text.TIM_TI2_ConfigInputStage,"ax",%progbits
 323              		.align	1
 324              		.syntax unified
 325              		.code	16
 326              		.thumb_func
 328              	TIM_TI2_ConfigInputStage:
 329              		@ args = 0, pretend = 0, frame = 0
 330              		@ frame_needed = 0, uses_anonymous_args = 0
 331 0000 30B5     		push	{r4, r5, lr}
 332 0002 036A     		ldr	r3, [r0, #32]
 333 0004 046A     		ldr	r4, [r0, #32]
 334 0006 1025     		movs	r5, #16
 335 0008 AC43     		bics	r4, r5
 336 000a 0462     		str	r4, [r0, #32]
 337 000c 8469     		ldr	r4, [r0, #24]
 338 000e 054D     		ldr	r5, .L25
 339 0010 2C40     		ands	r4, r5
 340 0012 1203     		lsls	r2, r2, #12
 341 0014 2243     		orrs	r2, r4
 342 0016 A024     		movs	r4, #160
 343 0018 A343     		bics	r3, r4
 344 001a 0901     		lsls	r1, r1, #4
 345 001c 1943     		orrs	r1, r3
 346 001e 8261     		str	r2, [r0, #24]
 347 0020 0162     		str	r1, [r0, #32]
 348              		@ sp needed
 349 0022 30BD     		pop	{r4, r5, pc}
 350              	.L26:
 351              		.align	2
 352              	.L25:
 353 0024 FF0FFFFF 		.word	-61441
ARM GAS  C:\Users\fastr\AppData\Local\Temp\ccUGQp9j.s 			page 7


 355              		.section	.text.TIM_TI3_SetConfig,"ax",%progbits
 356              		.align	1
 357              		.syntax unified
 358              		.code	16
 359              		.thumb_func
 361              	TIM_TI3_SetConfig:
 362              		@ args = 0, pretend = 0, frame = 0
 363              		@ frame_needed = 0, uses_anonymous_args = 0
 364 0000 70B5     		push	{r4, r5, r6, lr}
 365 0002 1600     		movs	r6, r2
 366 0004 046A     		ldr	r4, [r0, #32]
 367 0006 026A     		ldr	r2, [r0, #32]
 368 0008 0C4D     		ldr	r5, .L28
 369 000a 2A40     		ands	r2, r5
 370 000c 0262     		str	r2, [r0, #32]
 371 000e C569     		ldr	r5, [r0, #28]
 372 0010 0322     		movs	r2, #3
 373 0012 9543     		bics	r5, r2
 374 0014 2A00     		movs	r2, r5
 375 0016 3243     		orrs	r2, r6
 376 0018 F025     		movs	r5, #240
 377 001a AA43     		bics	r2, r5
 378 001c 1B01     		lsls	r3, r3, #4
 379 001e 9C46     		mov	ip, r3
 380 0020 FF23     		movs	r3, #255
 381 0022 6546     		mov	r5, ip
 382 0024 2B40     		ands	r3, r5
 383 0026 1343     		orrs	r3, r2
 384 0028 054A     		ldr	r2, .L28+4
 385 002a 1440     		ands	r4, r2
 386 002c 0902     		lsls	r1, r1, #8
 387 002e A022     		movs	r2, #160
 388 0030 1201     		lsls	r2, r2, #4
 389 0032 1140     		ands	r1, r2
 390 0034 2143     		orrs	r1, r4
 391 0036 C361     		str	r3, [r0, #28]
 392 0038 0162     		str	r1, [r0, #32]
 393              		@ sp needed
 394 003a 70BD     		pop	{r4, r5, r6, pc}
 395              	.L29:
 396              		.align	2
 397              	.L28:
 398 003c FFFEFFFF 		.word	-257
 399 0040 FFF5FFFF 		.word	-2561
 401              		.section	.text.TIM_TI4_SetConfig,"ax",%progbits
 402              		.align	1
 403              		.syntax unified
 404              		.code	16
 405              		.thumb_func
 407              	TIM_TI4_SetConfig:
 408              		@ args = 0, pretend = 0, frame = 0
 409              		@ frame_needed = 0, uses_anonymous_args = 0
 410 0000 30B5     		push	{r4, r5, lr}
 411 0002 046A     		ldr	r4, [r0, #32]
 412 0004 A446     		mov	ip, r4
 413 0006 046A     		ldr	r4, [r0, #32]
 414 0008 0B4D     		ldr	r5, .L31
ARM GAS  C:\Users\fastr\AppData\Local\Temp\ccUGQp9j.s 			page 8


 415 000a 2C40     		ands	r4, r5
 416 000c 0462     		str	r4, [r0, #32]
 417 000e C469     		ldr	r4, [r0, #28]
 418 0010 0A4D     		ldr	r5, .L31+4
 419 0012 2C40     		ands	r4, r5
 420 0014 1202     		lsls	r2, r2, #8
 421 0016 2243     		orrs	r2, r4
 422 0018 094C     		ldr	r4, .L31+8
 423 001a 2240     		ands	r2, r4
 424 001c 1B07     		lsls	r3, r3, #28
 425 001e 1B0C     		lsrs	r3, r3, #16
 426 0020 1343     		orrs	r3, r2
 427 0022 084A     		ldr	r2, .L31+12
 428 0024 6446     		mov	r4, ip
 429 0026 2240     		ands	r2, r4
 430 0028 0903     		lsls	r1, r1, #12
 431 002a A024     		movs	r4, #160
 432 002c 2402     		lsls	r4, r4, #8
 433 002e 2140     		ands	r1, r4
 434 0030 1143     		orrs	r1, r2
 435 0032 C361     		str	r3, [r0, #28]
 436 0034 0162     		str	r1, [r0, #32]
 437              		@ sp needed
 438 0036 30BD     		pop	{r4, r5, pc}
 439              	.L32:
 440              		.align	2
 441              	.L31:
 442 0038 FFEFFFFF 		.word	-4097
 443 003c FFFCFFFF 		.word	-769
 444 0040 FF0FFFFF 		.word	-61441
 445 0044 FF5FFFFF 		.word	-40961
 447              		.section	.text.TIM_ITRx_SetConfig,"ax",%progbits
 448              		.align	1
 449              		.syntax unified
 450              		.code	16
 451              		.thumb_func
 453              	TIM_ITRx_SetConfig:
 454              		@ args = 0, pretend = 0, frame = 0
 455              		@ frame_needed = 0, uses_anonymous_args = 0
 456              		@ link register save eliminated.
 457 0000 8368     		ldr	r3, [r0, #8]
 458 0002 7022     		movs	r2, #112
 459 0004 9343     		bics	r3, r2
 460 0006 0B43     		orrs	r3, r1
 461 0008 693A     		subs	r2, r2, #105
 462 000a 1343     		orrs	r3, r2
 463 000c 8360     		str	r3, [r0, #8]
 464              		@ sp needed
 465 000e 7047     		bx	lr
 467              		.section	.text.HAL_TIM_Base_MspInit,"ax",%progbits
 468              		.align	1
 469              		.weak	HAL_TIM_Base_MspInit
 470              		.syntax unified
 471              		.code	16
 472              		.thumb_func
 474              	HAL_TIM_Base_MspInit:
 475              		@ args = 0, pretend = 0, frame = 0
ARM GAS  C:\Users\fastr\AppData\Local\Temp\ccUGQp9j.s 			page 9


 476              		@ frame_needed = 0, uses_anonymous_args = 0
 477              		@ link register save eliminated.
 478              		@ sp needed
 479 0000 7047     		bx	lr
 481              		.section	.text.HAL_TIM_Base_MspDeInit,"ax",%progbits
 482              		.align	1
 483              		.weak	HAL_TIM_Base_MspDeInit
 484              		.syntax unified
 485              		.code	16
 486              		.thumb_func
 488              	HAL_TIM_Base_MspDeInit:
 489              		@ args = 0, pretend = 0, frame = 0
 490              		@ frame_needed = 0, uses_anonymous_args = 0
 491              		@ link register save eliminated.
 492              		@ sp needed
 493 0000 7047     		bx	lr
 495              		.section	.text.HAL_TIM_Base_DeInit,"ax",%progbits
 496              		.align	1
 497              		.global	HAL_TIM_Base_DeInit
 498              		.syntax unified
 499              		.code	16
 500              		.thumb_func
 502              	HAL_TIM_Base_DeInit:
 503              		@ args = 0, pretend = 0, frame = 0
 504              		@ frame_needed = 0, uses_anonymous_args = 0
 505 0000 10B5     		push	{r4, lr}
 506 0002 0400     		movs	r4, r0
 507 0004 3D23     		movs	r3, #61
 508 0006 0222     		movs	r2, #2
 509 0008 C254     		strb	r2, [r0, r3]
 510 000a 0368     		ldr	r3, [r0]
 511 000c 196A     		ldr	r1, [r3, #32]
 512 000e 134A     		ldr	r2, .L38
 513 0010 1142     		tst	r1, r2
 514 0012 07D1     		bne	.L37
 515 0014 196A     		ldr	r1, [r3, #32]
 516 0016 124A     		ldr	r2, .L38+4
 517 0018 1142     		tst	r1, r2
 518 001a 03D1     		bne	.L37
 519 001c 1A68     		ldr	r2, [r3]
 520 001e 0121     		movs	r1, #1
 521 0020 8A43     		bics	r2, r1
 522 0022 1A60     		str	r2, [r3]
 523              	.L37:
 524 0024 2000     		movs	r0, r4
 525 0026 FFF7FEFF 		bl	HAL_TIM_Base_MspDeInit
 526 002a 0023     		movs	r3, #0
 527 002c 4622     		movs	r2, #70
 528 002e A354     		strb	r3, [r4, r2]
 529 0030 083A     		subs	r2, r2, #8
 530 0032 A354     		strb	r3, [r4, r2]
 531 0034 0132     		adds	r2, r2, #1
 532 0036 A354     		strb	r3, [r4, r2]
 533 0038 0132     		adds	r2, r2, #1
 534 003a A354     		strb	r3, [r4, r2]
 535 003c 0132     		adds	r2, r2, #1
 536 003e A354     		strb	r3, [r4, r2]
ARM GAS  C:\Users\fastr\AppData\Local\Temp\ccUGQp9j.s 			page 10


 537 0040 0132     		adds	r2, r2, #1
 538 0042 A354     		strb	r3, [r4, r2]
 539 0044 0132     		adds	r2, r2, #1
 540 0046 A354     		strb	r3, [r4, r2]
 541 0048 0132     		adds	r2, r2, #1
 542 004a A354     		strb	r3, [r4, r2]
 543 004c 0132     		adds	r2, r2, #1
 544 004e A354     		strb	r3, [r4, r2]
 545 0050 083A     		subs	r2, r2, #8
 546 0052 A354     		strb	r3, [r4, r2]
 547 0054 013A     		subs	r2, r2, #1
 548 0056 A354     		strb	r3, [r4, r2]
 549 0058 0020     		movs	r0, #0
 550              		@ sp needed
 551 005a 10BD     		pop	{r4, pc}
 552              	.L39:
 553              		.align	2
 554              	.L38:
 555 005c 11110000 		.word	4369
 556 0060 44040000 		.word	1092
 558              		.section	.text.HAL_TIM_Base_Start,"ax",%progbits
 559              		.align	1
 560              		.global	HAL_TIM_Base_Start
 561              		.syntax unified
 562              		.code	16
 563              		.thumb_func
 565              	HAL_TIM_Base_Start:
 566              		@ args = 0, pretend = 0, frame = 0
 567              		@ frame_needed = 0, uses_anonymous_args = 0
 568              		@ link register save eliminated.
 569 0000 3D23     		movs	r3, #61
 570 0002 C35C     		ldrb	r3, [r0, r3]
 571 0004 012B     		cmp	r3, #1
 572 0006 21D1     		bne	.L44
 573 0008 3C33     		adds	r3, r3, #60
 574 000a 0222     		movs	r2, #2
 575 000c C254     		strb	r2, [r0, r3]
 576 000e 0368     		ldr	r3, [r0]
 577 0010 104A     		ldr	r2, .L46
 578 0012 9342     		cmp	r3, r2
 579 0014 0FD0     		beq	.L42
 580 0016 8022     		movs	r2, #128
 581 0018 D205     		lsls	r2, r2, #23
 582 001a 9342     		cmp	r3, r2
 583 001c 0BD0     		beq	.L42
 584 001e 0E4A     		ldr	r2, .L46+4
 585 0020 9342     		cmp	r3, r2
 586 0022 08D0     		beq	.L42
 587 0024 0D4A     		ldr	r2, .L46+8
 588 0026 9342     		cmp	r3, r2
 589 0028 05D0     		beq	.L42
 590 002a 1A68     		ldr	r2, [r3]
 591 002c 0121     		movs	r1, #1
 592 002e 0A43     		orrs	r2, r1
 593 0030 1A60     		str	r2, [r3]
 594 0032 0020     		movs	r0, #0
 595 0034 0BE0     		b	.L41
ARM GAS  C:\Users\fastr\AppData\Local\Temp\ccUGQp9j.s 			page 11


 596              	.L42:
 597 0036 9968     		ldr	r1, [r3, #8]
 598 0038 0722     		movs	r2, #7
 599 003a 0A40     		ands	r2, r1
 600 003c 062A     		cmp	r2, #6
 601 003e 07D0     		beq	.L45
 602 0040 1A68     		ldr	r2, [r3]
 603 0042 0121     		movs	r1, #1
 604 0044 0A43     		orrs	r2, r1
 605 0046 1A60     		str	r2, [r3]
 606 0048 0020     		movs	r0, #0
 607 004a 00E0     		b	.L41
 608              	.L44:
 609 004c 0120     		movs	r0, #1
 610              	.L41:
 611              		@ sp needed
 612 004e 7047     		bx	lr
 613              	.L45:
 614 0050 0020     		movs	r0, #0
 615 0052 FCE7     		b	.L41
 616              	.L47:
 617              		.align	2
 618              	.L46:
 619 0054 002C0140 		.word	1073818624
 620 0058 00040040 		.word	1073742848
 621 005c 00400140 		.word	1073823744
 623              		.section	.text.HAL_TIM_Base_Stop,"ax",%progbits
 624              		.align	1
 625              		.global	HAL_TIM_Base_Stop
 626              		.syntax unified
 627              		.code	16
 628              		.thumb_func
 630              	HAL_TIM_Base_Stop:
 631              		@ args = 0, pretend = 0, frame = 0
 632              		@ frame_needed = 0, uses_anonymous_args = 0
 633              		@ link register save eliminated.
 634 0000 0368     		ldr	r3, [r0]
 635 0002 196A     		ldr	r1, [r3, #32]
 636 0004 074A     		ldr	r2, .L50
 637 0006 1142     		tst	r1, r2
 638 0008 07D1     		bne	.L49
 639 000a 196A     		ldr	r1, [r3, #32]
 640 000c 064A     		ldr	r2, .L50+4
 641 000e 1142     		tst	r1, r2
 642 0010 03D1     		bne	.L49
 643 0012 1A68     		ldr	r2, [r3]
 644 0014 0121     		movs	r1, #1
 645 0016 8A43     		bics	r2, r1
 646 0018 1A60     		str	r2, [r3]
 647              	.L49:
 648 001a 3D23     		movs	r3, #61
 649 001c 0122     		movs	r2, #1
 650 001e C254     		strb	r2, [r0, r3]
 651 0020 0020     		movs	r0, #0
 652              		@ sp needed
 653 0022 7047     		bx	lr
 654              	.L51:
ARM GAS  C:\Users\fastr\AppData\Local\Temp\ccUGQp9j.s 			page 12


 655              		.align	2
 656              	.L50:
 657 0024 11110000 		.word	4369
 658 0028 44040000 		.word	1092
 660              		.section	.text.HAL_TIM_Base_Start_IT,"ax",%progbits
 661              		.align	1
 662              		.global	HAL_TIM_Base_Start_IT
 663              		.syntax unified
 664              		.code	16
 665              		.thumb_func
 667              	HAL_TIM_Base_Start_IT:
 668              		@ args = 0, pretend = 0, frame = 0
 669              		@ frame_needed = 0, uses_anonymous_args = 0
 670              		@ link register save eliminated.
 671 0000 3D23     		movs	r3, #61
 672 0002 C35C     		ldrb	r3, [r0, r3]
 673 0004 012B     		cmp	r3, #1
 674 0006 26D1     		bne	.L56
 675 0008 3C33     		adds	r3, r3, #60
 676 000a 0222     		movs	r2, #2
 677 000c C254     		strb	r2, [r0, r3]
 678 000e 0268     		ldr	r2, [r0]
 679 0010 D368     		ldr	r3, [r2, #12]
 680 0012 0121     		movs	r1, #1
 681 0014 0B43     		orrs	r3, r1
 682 0016 D360     		str	r3, [r2, #12]
 683 0018 0368     		ldr	r3, [r0]
 684 001a 114A     		ldr	r2, .L58
 685 001c 9342     		cmp	r3, r2
 686 001e 0FD0     		beq	.L54
 687 0020 8022     		movs	r2, #128
 688 0022 D205     		lsls	r2, r2, #23
 689 0024 9342     		cmp	r3, r2
 690 0026 0BD0     		beq	.L54
 691 0028 0E4A     		ldr	r2, .L58+4
 692 002a 9342     		cmp	r3, r2
 693 002c 08D0     		beq	.L54
 694 002e 0E4A     		ldr	r2, .L58+8
 695 0030 9342     		cmp	r3, r2
 696 0032 05D0     		beq	.L54
 697 0034 1A68     		ldr	r2, [r3]
 698 0036 0121     		movs	r1, #1
 699 0038 0A43     		orrs	r2, r1
 700 003a 1A60     		str	r2, [r3]
 701 003c 0020     		movs	r0, #0
 702 003e 0BE0     		b	.L53
 703              	.L54:
 704 0040 9968     		ldr	r1, [r3, #8]
 705 0042 0722     		movs	r2, #7
 706 0044 0A40     		ands	r2, r1
 707 0046 062A     		cmp	r2, #6
 708 0048 07D0     		beq	.L57
 709 004a 1A68     		ldr	r2, [r3]
 710 004c 0121     		movs	r1, #1
 711 004e 0A43     		orrs	r2, r1
 712 0050 1A60     		str	r2, [r3]
 713 0052 0020     		movs	r0, #0
ARM GAS  C:\Users\fastr\AppData\Local\Temp\ccUGQp9j.s 			page 13


 714 0054 00E0     		b	.L53
 715              	.L56:
 716 0056 0120     		movs	r0, #1
 717              	.L53:
 718              		@ sp needed
 719 0058 7047     		bx	lr
 720              	.L57:
 721 005a 0020     		movs	r0, #0
 722 005c FCE7     		b	.L53
 723              	.L59:
 724 005e C046     		.align	2
 725              	.L58:
 726 0060 002C0140 		.word	1073818624
 727 0064 00040040 		.word	1073742848
 728 0068 00400140 		.word	1073823744
 730              		.section	.text.HAL_TIM_Base_Stop_IT,"ax",%progbits
 731              		.align	1
 732              		.global	HAL_TIM_Base_Stop_IT
 733              		.syntax unified
 734              		.code	16
 735              		.thumb_func
 737              	HAL_TIM_Base_Stop_IT:
 738              		@ args = 0, pretend = 0, frame = 0
 739              		@ frame_needed = 0, uses_anonymous_args = 0
 740              		@ link register save eliminated.
 741 0000 0268     		ldr	r2, [r0]
 742 0002 D368     		ldr	r3, [r2, #12]
 743 0004 0121     		movs	r1, #1
 744 0006 8B43     		bics	r3, r1
 745 0008 D360     		str	r3, [r2, #12]
 746 000a 0368     		ldr	r3, [r0]
 747 000c 196A     		ldr	r1, [r3, #32]
 748 000e 084A     		ldr	r2, .L62
 749 0010 1142     		tst	r1, r2
 750 0012 07D1     		bne	.L61
 751 0014 196A     		ldr	r1, [r3, #32]
 752 0016 074A     		ldr	r2, .L62+4
 753 0018 1142     		tst	r1, r2
 754 001a 03D1     		bne	.L61
 755 001c 1A68     		ldr	r2, [r3]
 756 001e 0121     		movs	r1, #1
 757 0020 8A43     		bics	r2, r1
 758 0022 1A60     		str	r2, [r3]
 759              	.L61:
 760 0024 3D23     		movs	r3, #61
 761 0026 0122     		movs	r2, #1
 762 0028 C254     		strb	r2, [r0, r3]
 763 002a 0020     		movs	r0, #0
 764              		@ sp needed
 765 002c 7047     		bx	lr
 766              	.L63:
 767 002e C046     		.align	2
 768              	.L62:
 769 0030 11110000 		.word	4369
 770 0034 44040000 		.word	1092
 772              		.section	.text.HAL_TIM_Base_Start_DMA,"ax",%progbits
 773              		.align	1
ARM GAS  C:\Users\fastr\AppData\Local\Temp\ccUGQp9j.s 			page 14


 774              		.global	HAL_TIM_Base_Start_DMA
 775              		.syntax unified
 776              		.code	16
 777              		.thumb_func
 779              	HAL_TIM_Base_Start_DMA:
 780              		@ args = 0, pretend = 0, frame = 0
 781              		@ frame_needed = 0, uses_anonymous_args = 0
 782 0000 70B5     		push	{r4, r5, r6, lr}
 783 0002 0400     		movs	r4, r0
 784 0004 1300     		movs	r3, r2
 785 0006 3D20     		movs	r0, #61
 786 0008 205C     		ldrb	r0, [r4, r0]
 787 000a C5B2     		uxtb	r5, r0
 788 000c 0228     		cmp	r0, #2
 789 000e 40D0     		beq	.L65
 790 0010 3D22     		movs	r2, #61
 791 0012 A05C     		ldrb	r0, [r4, r2]
 792 0014 C5B2     		uxtb	r5, r0
 793 0016 0128     		cmp	r0, #1
 794 0018 3AD1     		bne	.L68
 795 001a 0029     		cmp	r1, #0
 796 001c 39D0     		beq	.L65
 797 001e 002B     		cmp	r3, #0
 798 0020 37D0     		beq	.L65
 799 0022 0130     		adds	r0, r0, #1
 800 0024 A054     		strb	r0, [r4, r2]
 801 0026 226A     		ldr	r2, [r4, #32]
 802 0028 1C48     		ldr	r0, .L70
 803 002a 9062     		str	r0, [r2, #40]
 804 002c 226A     		ldr	r2, [r4, #32]
 805 002e 1C48     		ldr	r0, .L70+4
 806 0030 D062     		str	r0, [r2, #44]
 807 0032 226A     		ldr	r2, [r4, #32]
 808 0034 1B48     		ldr	r0, .L70+8
 809 0036 1063     		str	r0, [r2, #48]
 810 0038 2268     		ldr	r2, [r4]
 811 003a 2C32     		adds	r2, r2, #44
 812 003c 206A     		ldr	r0, [r4, #32]
 813 003e FFF7FEFF 		bl	HAL_DMA_Start_IT
 814 0042 0028     		cmp	r0, #0
 815 0044 25D1     		bne	.L65
 816 0046 2268     		ldr	r2, [r4]
 817 0048 D168     		ldr	r1, [r2, #12]
 818 004a 8023     		movs	r3, #128
 819 004c 5B00     		lsls	r3, r3, #1
 820 004e 0B43     		orrs	r3, r1
 821 0050 D360     		str	r3, [r2, #12]
 822 0052 2368     		ldr	r3, [r4]
 823 0054 144A     		ldr	r2, .L70+12
 824 0056 9342     		cmp	r3, r2
 825 0058 0FD0     		beq	.L66
 826 005a 8022     		movs	r2, #128
 827 005c D205     		lsls	r2, r2, #23
 828 005e 9342     		cmp	r3, r2
 829 0060 0BD0     		beq	.L66
 830 0062 124A     		ldr	r2, .L70+16
 831 0064 9342     		cmp	r3, r2
ARM GAS  C:\Users\fastr\AppData\Local\Temp\ccUGQp9j.s 			page 15


 832 0066 08D0     		beq	.L66
 833 0068 114A     		ldr	r2, .L70+20
 834 006a 9342     		cmp	r3, r2
 835 006c 05D0     		beq	.L66
 836 006e 1A68     		ldr	r2, [r3]
 837 0070 0121     		movs	r1, #1
 838 0072 0A43     		orrs	r2, r1
 839 0074 1A60     		str	r2, [r3]
 840 0076 0500     		movs	r5, r0
 841 0078 0BE0     		b	.L65
 842              	.L66:
 843 007a 9968     		ldr	r1, [r3, #8]
 844 007c 0722     		movs	r2, #7
 845 007e 0A40     		ands	r2, r1
 846 0080 062A     		cmp	r2, #6
 847 0082 08D0     		beq	.L69
 848 0084 1A68     		ldr	r2, [r3]
 849 0086 0121     		movs	r1, #1
 850 0088 0A43     		orrs	r2, r1
 851 008a 1A60     		str	r2, [r3]
 852 008c 0500     		movs	r5, r0
 853 008e 00E0     		b	.L65
 854              	.L68:
 855 0090 0125     		movs	r5, #1
 856              	.L65:
 857 0092 2800     		movs	r0, r5
 858              		@ sp needed
 859 0094 70BD     		pop	{r4, r5, r6, pc}
 860              	.L69:
 861 0096 0500     		movs	r5, r0
 862 0098 FBE7     		b	.L65
 863              	.L71:
 864 009a C046     		.align	2
 865              	.L70:
 866 009c 00000000 		.word	TIM_DMAPeriodElapsedCplt
 867 00a0 00000000 		.word	TIM_DMAPeriodElapsedHalfCplt
 868 00a4 00000000 		.word	TIM_DMAError
 869 00a8 002C0140 		.word	1073818624
 870 00ac 00040040 		.word	1073742848
 871 00b0 00400140 		.word	1073823744
 873              		.section	.text.HAL_TIM_Base_Stop_DMA,"ax",%progbits
 874              		.align	1
 875              		.global	HAL_TIM_Base_Stop_DMA
 876              		.syntax unified
 877              		.code	16
 878              		.thumb_func
 880              	HAL_TIM_Base_Stop_DMA:
 881              		@ args = 0, pretend = 0, frame = 0
 882              		@ frame_needed = 0, uses_anonymous_args = 0
 883 0000 10B5     		push	{r4, lr}
 884 0002 0400     		movs	r4, r0
 885 0004 0268     		ldr	r2, [r0]
 886 0006 D368     		ldr	r3, [r2, #12]
 887 0008 0B49     		ldr	r1, .L74
 888 000a 0B40     		ands	r3, r1
 889 000c D360     		str	r3, [r2, #12]
 890 000e 006A     		ldr	r0, [r0, #32]
ARM GAS  C:\Users\fastr\AppData\Local\Temp\ccUGQp9j.s 			page 16


 891 0010 FFF7FEFF 		bl	HAL_DMA_Abort_IT
 892 0014 2368     		ldr	r3, [r4]
 893 0016 196A     		ldr	r1, [r3, #32]
 894 0018 084A     		ldr	r2, .L74+4
 895 001a 1142     		tst	r1, r2
 896 001c 07D1     		bne	.L73
 897 001e 196A     		ldr	r1, [r3, #32]
 898 0020 074A     		ldr	r2, .L74+8
 899 0022 1142     		tst	r1, r2
 900 0024 03D1     		bne	.L73
 901 0026 1A68     		ldr	r2, [r3]
 902 0028 0121     		movs	r1, #1
 903 002a 8A43     		bics	r2, r1
 904 002c 1A60     		str	r2, [r3]
 905              	.L73:
 906 002e 3D23     		movs	r3, #61
 907 0030 0122     		movs	r2, #1
 908 0032 E254     		strb	r2, [r4, r3]
 909 0034 0020     		movs	r0, #0
 910              		@ sp needed
 911 0036 10BD     		pop	{r4, pc}
 912              	.L75:
 913              		.align	2
 914              	.L74:
 915 0038 FFFEFFFF 		.word	-257
 916 003c 11110000 		.word	4369
 917 0040 44040000 		.word	1092
 919              		.section	.text.HAL_TIM_OC_MspInit,"ax",%progbits
 920              		.align	1
 921              		.weak	HAL_TIM_OC_MspInit
 922              		.syntax unified
 923              		.code	16
 924              		.thumb_func
 926              	HAL_TIM_OC_MspInit:
 927              		@ args = 0, pretend = 0, frame = 0
 928              		@ frame_needed = 0, uses_anonymous_args = 0
 929              		@ link register save eliminated.
 930              		@ sp needed
 931 0000 7047     		bx	lr
 933              		.section	.text.HAL_TIM_OC_MspDeInit,"ax",%progbits
 934              		.align	1
 935              		.weak	HAL_TIM_OC_MspDeInit
 936              		.syntax unified
 937              		.code	16
 938              		.thumb_func
 940              	HAL_TIM_OC_MspDeInit:
 941              		@ args = 0, pretend = 0, frame = 0
 942              		@ frame_needed = 0, uses_anonymous_args = 0
 943              		@ link register save eliminated.
 944              		@ sp needed
 945 0000 7047     		bx	lr
 947              		.section	.text.HAL_TIM_OC_DeInit,"ax",%progbits
 948              		.align	1
 949              		.global	HAL_TIM_OC_DeInit
 950              		.syntax unified
 951              		.code	16
 952              		.thumb_func
ARM GAS  C:\Users\fastr\AppData\Local\Temp\ccUGQp9j.s 			page 17


 954              	HAL_TIM_OC_DeInit:
 955              		@ args = 0, pretend = 0, frame = 0
 956              		@ frame_needed = 0, uses_anonymous_args = 0
 957 0000 10B5     		push	{r4, lr}
 958 0002 0400     		movs	r4, r0
 959 0004 3D23     		movs	r3, #61
 960 0006 0222     		movs	r2, #2
 961 0008 C254     		strb	r2, [r0, r3]
 962 000a 0368     		ldr	r3, [r0]
 963 000c 196A     		ldr	r1, [r3, #32]
 964 000e 134A     		ldr	r2, .L80
 965 0010 1142     		tst	r1, r2
 966 0012 07D1     		bne	.L79
 967 0014 196A     		ldr	r1, [r3, #32]
 968 0016 124A     		ldr	r2, .L80+4
 969 0018 1142     		tst	r1, r2
 970 001a 03D1     		bne	.L79
 971 001c 1A68     		ldr	r2, [r3]
 972 001e 0121     		movs	r1, #1
 973 0020 8A43     		bics	r2, r1
 974 0022 1A60     		str	r2, [r3]
 975              	.L79:
 976 0024 2000     		movs	r0, r4
 977 0026 FFF7FEFF 		bl	HAL_TIM_OC_MspDeInit
 978 002a 0023     		movs	r3, #0
 979 002c 4622     		movs	r2, #70
 980 002e A354     		strb	r3, [r4, r2]
 981 0030 083A     		subs	r2, r2, #8
 982 0032 A354     		strb	r3, [r4, r2]
 983 0034 0132     		adds	r2, r2, #1
 984 0036 A354     		strb	r3, [r4, r2]
 985 0038 0132     		adds	r2, r2, #1
 986 003a A354     		strb	r3, [r4, r2]
 987 003c 0132     		adds	r2, r2, #1
 988 003e A354     		strb	r3, [r4, r2]
 989 0040 0132     		adds	r2, r2, #1
 990 0042 A354     		strb	r3, [r4, r2]
 991 0044 0132     		adds	r2, r2, #1
 992 0046 A354     		strb	r3, [r4, r2]
 993 0048 0132     		adds	r2, r2, #1
 994 004a A354     		strb	r3, [r4, r2]
 995 004c 0132     		adds	r2, r2, #1
 996 004e A354     		strb	r3, [r4, r2]
 997 0050 083A     		subs	r2, r2, #8
 998 0052 A354     		strb	r3, [r4, r2]
 999 0054 013A     		subs	r2, r2, #1
 1000 0056 A354     		strb	r3, [r4, r2]
 1001 0058 0020     		movs	r0, #0
 1002              		@ sp needed
 1003 005a 10BD     		pop	{r4, pc}
 1004              	.L81:
 1005              		.align	2
 1006              	.L80:
 1007 005c 11110000 		.word	4369
 1008 0060 44040000 		.word	1092
 1010              		.section	.text.HAL_TIM_PWM_MspInit,"ax",%progbits
 1011              		.align	1
ARM GAS  C:\Users\fastr\AppData\Local\Temp\ccUGQp9j.s 			page 18


 1012              		.weak	HAL_TIM_PWM_MspInit
 1013              		.syntax unified
 1014              		.code	16
 1015              		.thumb_func
 1017              	HAL_TIM_PWM_MspInit:
 1018              		@ args = 0, pretend = 0, frame = 0
 1019              		@ frame_needed = 0, uses_anonymous_args = 0
 1020              		@ link register save eliminated.
 1021              		@ sp needed
 1022 0000 7047     		bx	lr
 1024              		.section	.text.HAL_TIM_PWM_MspDeInit,"ax",%progbits
 1025              		.align	1
 1026              		.weak	HAL_TIM_PWM_MspDeInit
 1027              		.syntax unified
 1028              		.code	16
 1029              		.thumb_func
 1031              	HAL_TIM_PWM_MspDeInit:
 1032              		@ args = 0, pretend = 0, frame = 0
 1033              		@ frame_needed = 0, uses_anonymous_args = 0
 1034              		@ link register save eliminated.
 1035              		@ sp needed
 1036 0000 7047     		bx	lr
 1038              		.section	.text.HAL_TIM_PWM_DeInit,"ax",%progbits
 1039              		.align	1
 1040              		.global	HAL_TIM_PWM_DeInit
 1041              		.syntax unified
 1042              		.code	16
 1043              		.thumb_func
 1045              	HAL_TIM_PWM_DeInit:
 1046              		@ args = 0, pretend = 0, frame = 0
 1047              		@ frame_needed = 0, uses_anonymous_args = 0
 1048 0000 10B5     		push	{r4, lr}
 1049 0002 0400     		movs	r4, r0
 1050 0004 3D23     		movs	r3, #61
 1051 0006 0222     		movs	r2, #2
 1052 0008 C254     		strb	r2, [r0, r3]
 1053 000a 0368     		ldr	r3, [r0]
 1054 000c 196A     		ldr	r1, [r3, #32]
 1055 000e 134A     		ldr	r2, .L86
 1056 0010 1142     		tst	r1, r2
 1057 0012 07D1     		bne	.L85
 1058 0014 196A     		ldr	r1, [r3, #32]
 1059 0016 124A     		ldr	r2, .L86+4
 1060 0018 1142     		tst	r1, r2
 1061 001a 03D1     		bne	.L85
 1062 001c 1A68     		ldr	r2, [r3]
 1063 001e 0121     		movs	r1, #1
 1064 0020 8A43     		bics	r2, r1
 1065 0022 1A60     		str	r2, [r3]
 1066              	.L85:
 1067 0024 2000     		movs	r0, r4
 1068 0026 FFF7FEFF 		bl	HAL_TIM_PWM_MspDeInit
 1069 002a 0023     		movs	r3, #0
 1070 002c 4622     		movs	r2, #70
 1071 002e A354     		strb	r3, [r4, r2]
 1072 0030 083A     		subs	r2, r2, #8
 1073 0032 A354     		strb	r3, [r4, r2]
ARM GAS  C:\Users\fastr\AppData\Local\Temp\ccUGQp9j.s 			page 19


 1074 0034 0132     		adds	r2, r2, #1
 1075 0036 A354     		strb	r3, [r4, r2]
 1076 0038 0132     		adds	r2, r2, #1
 1077 003a A354     		strb	r3, [r4, r2]
 1078 003c 0132     		adds	r2, r2, #1
 1079 003e A354     		strb	r3, [r4, r2]
 1080 0040 0132     		adds	r2, r2, #1
 1081 0042 A354     		strb	r3, [r4, r2]
 1082 0044 0132     		adds	r2, r2, #1
 1083 0046 A354     		strb	r3, [r4, r2]
 1084 0048 0132     		adds	r2, r2, #1
 1085 004a A354     		strb	r3, [r4, r2]
 1086 004c 0132     		adds	r2, r2, #1
 1087 004e A354     		strb	r3, [r4, r2]
 1088 0050 083A     		subs	r2, r2, #8
 1089 0052 A354     		strb	r3, [r4, r2]
 1090 0054 013A     		subs	r2, r2, #1
 1091 0056 A354     		strb	r3, [r4, r2]
 1092 0058 0020     		movs	r0, #0
 1093              		@ sp needed
 1094 005a 10BD     		pop	{r4, pc}
 1095              	.L87:
 1096              		.align	2
 1097              	.L86:
 1098 005c 11110000 		.word	4369
 1099 0060 44040000 		.word	1092
 1101              		.section	.text.HAL_TIM_IC_MspInit,"ax",%progbits
 1102              		.align	1
 1103              		.weak	HAL_TIM_IC_MspInit
 1104              		.syntax unified
 1105              		.code	16
 1106              		.thumb_func
 1108              	HAL_TIM_IC_MspInit:
 1109              		@ args = 0, pretend = 0, frame = 0
 1110              		@ frame_needed = 0, uses_anonymous_args = 0
 1111              		@ link register save eliminated.
 1112              		@ sp needed
 1113 0000 7047     		bx	lr
 1115              		.section	.text.HAL_TIM_IC_MspDeInit,"ax",%progbits
 1116              		.align	1
 1117              		.weak	HAL_TIM_IC_MspDeInit
 1118              		.syntax unified
 1119              		.code	16
 1120              		.thumb_func
 1122              	HAL_TIM_IC_MspDeInit:
 1123              		@ args = 0, pretend = 0, frame = 0
 1124              		@ frame_needed = 0, uses_anonymous_args = 0
 1125              		@ link register save eliminated.
 1126              		@ sp needed
 1127 0000 7047     		bx	lr
 1129              		.section	.text.HAL_TIM_IC_DeInit,"ax",%progbits
 1130              		.align	1
 1131              		.global	HAL_TIM_IC_DeInit
 1132              		.syntax unified
 1133              		.code	16
 1134              		.thumb_func
 1136              	HAL_TIM_IC_DeInit:
ARM GAS  C:\Users\fastr\AppData\Local\Temp\ccUGQp9j.s 			page 20


 1137              		@ args = 0, pretend = 0, frame = 0
 1138              		@ frame_needed = 0, uses_anonymous_args = 0
 1139 0000 10B5     		push	{r4, lr}
 1140 0002 0400     		movs	r4, r0
 1141 0004 3D23     		movs	r3, #61
 1142 0006 0222     		movs	r2, #2
 1143 0008 C254     		strb	r2, [r0, r3]
 1144 000a 0368     		ldr	r3, [r0]
 1145 000c 196A     		ldr	r1, [r3, #32]
 1146 000e 134A     		ldr	r2, .L92
 1147 0010 1142     		tst	r1, r2
 1148 0012 07D1     		bne	.L91
 1149 0014 196A     		ldr	r1, [r3, #32]
 1150 0016 124A     		ldr	r2, .L92+4
 1151 0018 1142     		tst	r1, r2
 1152 001a 03D1     		bne	.L91
 1153 001c 1A68     		ldr	r2, [r3]
 1154 001e 0121     		movs	r1, #1
 1155 0020 8A43     		bics	r2, r1
 1156 0022 1A60     		str	r2, [r3]
 1157              	.L91:
 1158 0024 2000     		movs	r0, r4
 1159 0026 FFF7FEFF 		bl	HAL_TIM_IC_MspDeInit
 1160 002a 0023     		movs	r3, #0
 1161 002c 4622     		movs	r2, #70
 1162 002e A354     		strb	r3, [r4, r2]
 1163 0030 083A     		subs	r2, r2, #8
 1164 0032 A354     		strb	r3, [r4, r2]
 1165 0034 0132     		adds	r2, r2, #1
 1166 0036 A354     		strb	r3, [r4, r2]
 1167 0038 0132     		adds	r2, r2, #1
 1168 003a A354     		strb	r3, [r4, r2]
 1169 003c 0132     		adds	r2, r2, #1
 1170 003e A354     		strb	r3, [r4, r2]
 1171 0040 0132     		adds	r2, r2, #1
 1172 0042 A354     		strb	r3, [r4, r2]
 1173 0044 0132     		adds	r2, r2, #1
 1174 0046 A354     		strb	r3, [r4, r2]
 1175 0048 0132     		adds	r2, r2, #1
 1176 004a A354     		strb	r3, [r4, r2]
 1177 004c 0132     		adds	r2, r2, #1
 1178 004e A354     		strb	r3, [r4, r2]
 1179 0050 083A     		subs	r2, r2, #8
 1180 0052 A354     		strb	r3, [r4, r2]
 1181 0054 013A     		subs	r2, r2, #1
 1182 0056 A354     		strb	r3, [r4, r2]
 1183 0058 0020     		movs	r0, #0
 1184              		@ sp needed
 1185 005a 10BD     		pop	{r4, pc}
 1186              	.L93:
 1187              		.align	2
 1188              	.L92:
 1189 005c 11110000 		.word	4369
 1190 0060 44040000 		.word	1092
 1192              		.section	.text.HAL_TIM_OnePulse_MspInit,"ax",%progbits
 1193              		.align	1
 1194              		.weak	HAL_TIM_OnePulse_MspInit
ARM GAS  C:\Users\fastr\AppData\Local\Temp\ccUGQp9j.s 			page 21


 1195              		.syntax unified
 1196              		.code	16
 1197              		.thumb_func
 1199              	HAL_TIM_OnePulse_MspInit:
 1200              		@ args = 0, pretend = 0, frame = 0
 1201              		@ frame_needed = 0, uses_anonymous_args = 0
 1202              		@ link register save eliminated.
 1203              		@ sp needed
 1204 0000 7047     		bx	lr
 1206              		.section	.text.HAL_TIM_OnePulse_MspDeInit,"ax",%progbits
 1207              		.align	1
 1208              		.weak	HAL_TIM_OnePulse_MspDeInit
 1209              		.syntax unified
 1210              		.code	16
 1211              		.thumb_func
 1213              	HAL_TIM_OnePulse_MspDeInit:
 1214              		@ args = 0, pretend = 0, frame = 0
 1215              		@ frame_needed = 0, uses_anonymous_args = 0
 1216              		@ link register save eliminated.
 1217              		@ sp needed
 1218 0000 7047     		bx	lr
 1220              		.section	.text.HAL_TIM_OnePulse_DeInit,"ax",%progbits
 1221              		.align	1
 1222              		.global	HAL_TIM_OnePulse_DeInit
 1223              		.syntax unified
 1224              		.code	16
 1225              		.thumb_func
 1227              	HAL_TIM_OnePulse_DeInit:
 1228              		@ args = 0, pretend = 0, frame = 0
 1229              		@ frame_needed = 0, uses_anonymous_args = 0
 1230 0000 10B5     		push	{r4, lr}
 1231 0002 0400     		movs	r4, r0
 1232 0004 3D23     		movs	r3, #61
 1233 0006 0222     		movs	r2, #2
 1234 0008 C254     		strb	r2, [r0, r3]
 1235 000a 0368     		ldr	r3, [r0]
 1236 000c 196A     		ldr	r1, [r3, #32]
 1237 000e 0F4A     		ldr	r2, .L98
 1238 0010 1142     		tst	r1, r2
 1239 0012 07D1     		bne	.L97
 1240 0014 196A     		ldr	r1, [r3, #32]
 1241 0016 0E4A     		ldr	r2, .L98+4
 1242 0018 1142     		tst	r1, r2
 1243 001a 03D1     		bne	.L97
 1244 001c 1A68     		ldr	r2, [r3]
 1245 001e 0121     		movs	r1, #1
 1246 0020 8A43     		bics	r2, r1
 1247 0022 1A60     		str	r2, [r3]
 1248              	.L97:
 1249 0024 2000     		movs	r0, r4
 1250 0026 FFF7FEFF 		bl	HAL_TIM_OnePulse_MspDeInit
 1251 002a 0023     		movs	r3, #0
 1252 002c 4622     		movs	r2, #70
 1253 002e A354     		strb	r3, [r4, r2]
 1254 0030 083A     		subs	r2, r2, #8
 1255 0032 A354     		strb	r3, [r4, r2]
 1256 0034 0132     		adds	r2, r2, #1
ARM GAS  C:\Users\fastr\AppData\Local\Temp\ccUGQp9j.s 			page 22


 1257 0036 A354     		strb	r3, [r4, r2]
 1258 0038 0332     		adds	r2, r2, #3
 1259 003a A354     		strb	r3, [r4, r2]
 1260 003c 0132     		adds	r2, r2, #1
 1261 003e A354     		strb	r3, [r4, r2]
 1262 0040 063A     		subs	r2, r2, #6
 1263 0042 A354     		strb	r3, [r4, r2]
 1264 0044 013A     		subs	r2, r2, #1
 1265 0046 A354     		strb	r3, [r4, r2]
 1266 0048 0020     		movs	r0, #0
 1267              		@ sp needed
 1268 004a 10BD     		pop	{r4, pc}
 1269              	.L99:
 1270              		.align	2
 1271              	.L98:
 1272 004c 11110000 		.word	4369
 1273 0050 44040000 		.word	1092
 1275              		.section	.text.HAL_TIM_Encoder_MspInit,"ax",%progbits
 1276              		.align	1
 1277              		.weak	HAL_TIM_Encoder_MspInit
 1278              		.syntax unified
 1279              		.code	16
 1280              		.thumb_func
 1282              	HAL_TIM_Encoder_MspInit:
 1283              		@ args = 0, pretend = 0, frame = 0
 1284              		@ frame_needed = 0, uses_anonymous_args = 0
 1285              		@ link register save eliminated.
 1286              		@ sp needed
 1287 0000 7047     		bx	lr
 1289              		.section	.text.HAL_TIM_Encoder_MspDeInit,"ax",%progbits
 1290              		.align	1
 1291              		.weak	HAL_TIM_Encoder_MspDeInit
 1292              		.syntax unified
 1293              		.code	16
 1294              		.thumb_func
 1296              	HAL_TIM_Encoder_MspDeInit:
 1297              		@ args = 0, pretend = 0, frame = 0
 1298              		@ frame_needed = 0, uses_anonymous_args = 0
 1299              		@ link register save eliminated.
 1300              		@ sp needed
 1301 0000 7047     		bx	lr
 1303              		.section	.text.HAL_TIM_Encoder_DeInit,"ax",%progbits
 1304              		.align	1
 1305              		.global	HAL_TIM_Encoder_DeInit
 1306              		.syntax unified
 1307              		.code	16
 1308              		.thumb_func
 1310              	HAL_TIM_Encoder_DeInit:
 1311              		@ args = 0, pretend = 0, frame = 0
 1312              		@ frame_needed = 0, uses_anonymous_args = 0
 1313 0000 10B5     		push	{r4, lr}
 1314 0002 0400     		movs	r4, r0
 1315 0004 3D23     		movs	r3, #61
 1316 0006 0222     		movs	r2, #2
 1317 0008 C254     		strb	r2, [r0, r3]
 1318 000a 0368     		ldr	r3, [r0]
 1319 000c 196A     		ldr	r1, [r3, #32]
ARM GAS  C:\Users\fastr\AppData\Local\Temp\ccUGQp9j.s 			page 23


 1320 000e 0F4A     		ldr	r2, .L104
 1321 0010 1142     		tst	r1, r2
 1322 0012 07D1     		bne	.L103
 1323 0014 196A     		ldr	r1, [r3, #32]
 1324 0016 0E4A     		ldr	r2, .L104+4
 1325 0018 1142     		tst	r1, r2
 1326 001a 03D1     		bne	.L103
 1327 001c 1A68     		ldr	r2, [r3]
 1328 001e 0121     		movs	r1, #1
 1329 0020 8A43     		bics	r2, r1
 1330 0022 1A60     		str	r2, [r3]
 1331              	.L103:
 1332 0024 2000     		movs	r0, r4
 1333 0026 FFF7FEFF 		bl	HAL_TIM_Encoder_MspDeInit
 1334 002a 0023     		movs	r3, #0
 1335 002c 4622     		movs	r2, #70
 1336 002e A354     		strb	r3, [r4, r2]
 1337 0030 083A     		subs	r2, r2, #8
 1338 0032 A354     		strb	r3, [r4, r2]
 1339 0034 0132     		adds	r2, r2, #1
 1340 0036 A354     		strb	r3, [r4, r2]
 1341 0038 0332     		adds	r2, r2, #3
 1342 003a A354     		strb	r3, [r4, r2]
 1343 003c 0132     		adds	r2, r2, #1
 1344 003e A354     		strb	r3, [r4, r2]
 1345 0040 063A     		subs	r2, r2, #6
 1346 0042 A354     		strb	r3, [r4, r2]
 1347 0044 013A     		subs	r2, r2, #1
 1348 0046 A354     		strb	r3, [r4, r2]
 1349 0048 0020     		movs	r0, #0
 1350              		@ sp needed
 1351 004a 10BD     		pop	{r4, pc}
 1352              	.L105:
 1353              		.align	2
 1354              	.L104:
 1355 004c 11110000 		.word	4369
 1356 0050 44040000 		.word	1092
 1358              		.section	.text.HAL_TIM_DMABurst_MultiWriteStart,"ax",%progbits
 1359              		.align	1
 1360              		.global	HAL_TIM_DMABurst_MultiWriteStart
 1361              		.syntax unified
 1362              		.code	16
 1363              		.thumb_func
 1365              	HAL_TIM_DMABurst_MultiWriteStart:
 1366              		@ args = 8, pretend = 0, frame = 0
 1367              		@ frame_needed = 0, uses_anonymous_args = 0
 1368 0000 70B5     		push	{r4, r5, r6, lr}
 1369 0002 0400     		movs	r4, r0
 1370 0004 0E00     		movs	r6, r1
 1371 0006 1500     		movs	r5, r2
 1372 0008 1900     		movs	r1, r3
 1373 000a 4623     		movs	r3, #70
 1374 000c C35C     		ldrb	r3, [r0, r3]
 1375 000e D8B2     		uxtb	r0, r3
 1376 0010 022B     		cmp	r3, #2
 1377 0012 32D0     		beq	.L107
 1378 0014 4623     		movs	r3, #70
ARM GAS  C:\Users\fastr\AppData\Local\Temp\ccUGQp9j.s 			page 24


 1379 0016 E35C     		ldrb	r3, [r4, r3]
 1380 0018 D8B2     		uxtb	r0, r3
 1381 001a 012B     		cmp	r3, #1
 1382 001c 2ED0     		beq	.L126
 1383              	.L108:
 1384 001e 8023     		movs	r3, #128
 1385 0020 1B01     		lsls	r3, r3, #4
 1386 0022 9D42     		cmp	r5, r3
 1387 0024 00D1     		bne	.LCB1408
 1388 0026 7CE0     		b	.L110	@long jump
 1389              	.LCB1408:
 1390 0028 34D8     		bhi	.L111
 1391 002a 8023     		movs	r3, #128
 1392 002c 9B00     		lsls	r3, r3, #2
 1393 002e 9D42     		cmp	r5, r3
 1394 0030 51D0     		beq	.L112
 1395 0032 8023     		movs	r3, #128
 1396 0034 DB00     		lsls	r3, r3, #3
 1397 0036 9D42     		cmp	r5, r3
 1398 0038 60D0     		beq	.L113
 1399 003a 8023     		movs	r3, #128
 1400 003c 5B00     		lsls	r3, r3, #1
 1401 003e 9D42     		cmp	r5, r3
 1402 0040 26D1     		bne	.L127
 1403 0042 236A     		ldr	r3, [r4, #32]
 1404 0044 564A     		ldr	r2, .L131
 1405 0046 9A62     		str	r2, [r3, #40]
 1406 0048 236A     		ldr	r3, [r4, #32]
 1407 004a 564A     		ldr	r2, .L131+4
 1408 004c DA62     		str	r2, [r3, #44]
 1409 004e 236A     		ldr	r3, [r4, #32]
 1410 0050 554A     		ldr	r2, .L131+8
 1411 0052 1A63     		str	r2, [r3, #48]
 1412 0054 2268     		ldr	r2, [r4]
 1413 0056 4C32     		adds	r2, r2, #76
 1414 0058 206A     		ldr	r0, [r4, #32]
 1415 005a 059B     		ldr	r3, [sp, #20]
 1416 005c FFF7FEFF 		bl	HAL_DMA_Start_IT
 1417 0060 0028     		cmp	r0, #0
 1418 0062 00D0     		beq	.LCB1439
 1419 0064 99E0     		b	.L128	@long jump
 1420              	.LCB1439:
 1421              	.L118:
 1422 0066 2268     		ldr	r2, [r4]
 1423 0068 3300     		movs	r3, r6
 1424 006a 0499     		ldr	r1, [sp, #16]
 1425 006c 0B43     		orrs	r3, r1
 1426 006e 9364     		str	r3, [r2, #72]
 1427 0070 2268     		ldr	r2, [r4]
 1428 0072 D368     		ldr	r3, [r2, #12]
 1429 0074 2B43     		orrs	r3, r5
 1430 0076 D360     		str	r3, [r2, #12]
 1431 0078 0020     		movs	r0, #0
 1432              	.L107:
 1433              		@ sp needed
 1434 007a 70BD     		pop	{r4, r5, r6, pc}
 1435              	.L126:
ARM GAS  C:\Users\fastr\AppData\Local\Temp\ccUGQp9j.s 			page 25


 1436 007c 0029     		cmp	r1, #0
 1437 007e 03D0     		beq	.L129
 1438              	.L109:
 1439 0080 4623     		movs	r3, #70
 1440 0082 0222     		movs	r2, #2
 1441 0084 E254     		strb	r2, [r4, r3]
 1442 0086 CAE7     		b	.L108
 1443              	.L129:
 1444 0088 049B     		ldr	r3, [sp, #16]
 1445 008a 002B     		cmp	r3, #0
 1446 008c F8D0     		beq	.L109
 1447 008e F4E7     		b	.L107
 1448              	.L127:
 1449 0090 0120     		movs	r0, #1
 1450 0092 F2E7     		b	.L107
 1451              	.L111:
 1452 0094 8023     		movs	r3, #128
 1453 0096 9B01     		lsls	r3, r3, #6
 1454 0098 9D42     		cmp	r5, r3
 1455 009a 56D0     		beq	.L115
 1456 009c 8023     		movs	r3, #128
 1457 009e DB01     		lsls	r3, r3, #7
 1458 00a0 9D42     		cmp	r5, r3
 1459 00a2 66D0     		beq	.L116
 1460 00a4 8023     		movs	r3, #128
 1461 00a6 5B01     		lsls	r3, r3, #5
 1462 00a8 9D42     		cmp	r5, r3
 1463 00aa 12D1     		bne	.L130
 1464 00ac 236B     		ldr	r3, [r4, #48]
 1465 00ae 3F4A     		ldr	r2, .L131+12
 1466 00b0 9A62     		str	r2, [r3, #40]
 1467 00b2 236B     		ldr	r3, [r4, #48]
 1468 00b4 3E4A     		ldr	r2, .L131+16
 1469 00b6 DA62     		str	r2, [r3, #44]
 1470 00b8 236B     		ldr	r3, [r4, #48]
 1471 00ba 3B4A     		ldr	r2, .L131+8
 1472 00bc 1A63     		str	r2, [r3, #48]
 1473 00be 2268     		ldr	r2, [r4]
 1474 00c0 4C32     		adds	r2, r2, #76
 1475 00c2 206B     		ldr	r0, [r4, #48]
 1476 00c4 059B     		ldr	r3, [sp, #20]
 1477 00c6 FFF7FEFF 		bl	HAL_DMA_Start_IT
 1478 00ca 0028     		cmp	r0, #0
 1479 00cc CBD0     		beq	.L118
 1480 00ce 0120     		movs	r0, #1
 1481 00d0 D3E7     		b	.L107
 1482              	.L130:
 1483 00d2 0120     		movs	r0, #1
 1484 00d4 D1E7     		b	.L107
 1485              	.L112:
 1486 00d6 636A     		ldr	r3, [r4, #36]
 1487 00d8 344A     		ldr	r2, .L131+12
 1488 00da 9A62     		str	r2, [r3, #40]
 1489 00dc 636A     		ldr	r3, [r4, #36]
 1490 00de 344A     		ldr	r2, .L131+16
 1491 00e0 DA62     		str	r2, [r3, #44]
 1492 00e2 636A     		ldr	r3, [r4, #36]
ARM GAS  C:\Users\fastr\AppData\Local\Temp\ccUGQp9j.s 			page 26


 1493 00e4 304A     		ldr	r2, .L131+8
 1494 00e6 1A63     		str	r2, [r3, #48]
 1495 00e8 2268     		ldr	r2, [r4]
 1496 00ea 4C32     		adds	r2, r2, #76
 1497 00ec 606A     		ldr	r0, [r4, #36]
 1498 00ee 059B     		ldr	r3, [sp, #20]
 1499 00f0 FFF7FEFF 		bl	HAL_DMA_Start_IT
 1500 00f4 0028     		cmp	r0, #0
 1501 00f6 B6D0     		beq	.L118
 1502 00f8 0120     		movs	r0, #1
 1503 00fa BEE7     		b	.L107
 1504              	.L113:
 1505 00fc A36A     		ldr	r3, [r4, #40]
 1506 00fe 2B4A     		ldr	r2, .L131+12
 1507 0100 9A62     		str	r2, [r3, #40]
 1508 0102 A36A     		ldr	r3, [r4, #40]
 1509 0104 2A4A     		ldr	r2, .L131+16
 1510 0106 DA62     		str	r2, [r3, #44]
 1511 0108 A36A     		ldr	r3, [r4, #40]
 1512 010a 274A     		ldr	r2, .L131+8
 1513 010c 1A63     		str	r2, [r3, #48]
 1514 010e 2268     		ldr	r2, [r4]
 1515 0110 4C32     		adds	r2, r2, #76
 1516 0112 A06A     		ldr	r0, [r4, #40]
 1517 0114 059B     		ldr	r3, [sp, #20]
 1518 0116 FFF7FEFF 		bl	HAL_DMA_Start_IT
 1519 011a 0028     		cmp	r0, #0
 1520 011c A3D0     		beq	.L118
 1521 011e 0120     		movs	r0, #1
 1522 0120 ABE7     		b	.L107
 1523              	.L110:
 1524 0122 E36A     		ldr	r3, [r4, #44]
 1525 0124 214A     		ldr	r2, .L131+12
 1526 0126 9A62     		str	r2, [r3, #40]
 1527 0128 E36A     		ldr	r3, [r4, #44]
 1528 012a 214A     		ldr	r2, .L131+16
 1529 012c DA62     		str	r2, [r3, #44]
 1530 012e E36A     		ldr	r3, [r4, #44]
 1531 0130 1D4A     		ldr	r2, .L131+8
 1532 0132 1A63     		str	r2, [r3, #48]
 1533 0134 2268     		ldr	r2, [r4]
 1534 0136 4C32     		adds	r2, r2, #76
 1535 0138 E06A     		ldr	r0, [r4, #44]
 1536 013a 059B     		ldr	r3, [sp, #20]
 1537 013c FFF7FEFF 		bl	HAL_DMA_Start_IT
 1538 0140 0028     		cmp	r0, #0
 1539 0142 00D1     		bne	.LCB1584
 1540 0144 8FE7     		b	.L118	@long jump
 1541              	.LCB1584:
 1542 0146 0120     		movs	r0, #1
 1543 0148 97E7     		b	.L107
 1544              	.L115:
 1545 014a 636B     		ldr	r3, [r4, #52]
 1546 014c 194A     		ldr	r2, .L131+20
 1547 014e 9A62     		str	r2, [r3, #40]
 1548 0150 636B     		ldr	r3, [r4, #52]
 1549 0152 194A     		ldr	r2, .L131+24
ARM GAS  C:\Users\fastr\AppData\Local\Temp\ccUGQp9j.s 			page 27


 1550 0154 DA62     		str	r2, [r3, #44]
 1551 0156 636B     		ldr	r3, [r4, #52]
 1552 0158 134A     		ldr	r2, .L131+8
 1553 015a 1A63     		str	r2, [r3, #48]
 1554 015c 2268     		ldr	r2, [r4]
 1555 015e 4C32     		adds	r2, r2, #76
 1556 0160 606B     		ldr	r0, [r4, #52]
 1557 0162 059B     		ldr	r3, [sp, #20]
 1558 0164 FFF7FEFF 		bl	HAL_DMA_Start_IT
 1559 0168 0028     		cmp	r0, #0
 1560 016a 00D1     		bne	.LCB1606
 1561 016c 7BE7     		b	.L118	@long jump
 1562              	.LCB1606:
 1563 016e 0120     		movs	r0, #1
 1564 0170 83E7     		b	.L107
 1565              	.L116:
 1566 0172 A36B     		ldr	r3, [r4, #56]
 1567 0174 114A     		ldr	r2, .L131+28
 1568 0176 9A62     		str	r2, [r3, #40]
 1569 0178 A36B     		ldr	r3, [r4, #56]
 1570 017a 114A     		ldr	r2, .L131+32
 1571 017c DA62     		str	r2, [r3, #44]
 1572 017e A36B     		ldr	r3, [r4, #56]
 1573 0180 094A     		ldr	r2, .L131+8
 1574 0182 1A63     		str	r2, [r3, #48]
 1575 0184 2268     		ldr	r2, [r4]
 1576 0186 4C32     		adds	r2, r2, #76
 1577 0188 A06B     		ldr	r0, [r4, #56]
 1578 018a 059B     		ldr	r3, [sp, #20]
 1579 018c FFF7FEFF 		bl	HAL_DMA_Start_IT
 1580 0190 0028     		cmp	r0, #0
 1581 0192 00D1     		bne	.LCB1628
 1582 0194 67E7     		b	.L118	@long jump
 1583              	.LCB1628:
 1584 0196 0120     		movs	r0, #1
 1585 0198 6FE7     		b	.L107
 1586              	.L128:
 1587 019a 0120     		movs	r0, #1
 1588 019c 6DE7     		b	.L107
 1589              	.L132:
 1590 019e C046     		.align	2
 1591              	.L131:
 1592 01a0 00000000 		.word	TIM_DMAPeriodElapsedCplt
 1593 01a4 00000000 		.word	TIM_DMAPeriodElapsedHalfCplt
 1594 01a8 00000000 		.word	TIM_DMAError
 1595 01ac 00000000 		.word	TIM_DMADelayPulseCplt
 1596 01b0 00000000 		.word	TIM_DMADelayPulseHalfCplt
 1597 01b4 00000000 		.word	TIMEx_DMACommutationCplt
 1598 01b8 00000000 		.word	TIMEx_DMACommutationHalfCplt
 1599 01bc 00000000 		.word	TIM_DMATriggerCplt
 1600 01c0 00000000 		.word	TIM_DMATriggerHalfCplt
 1602              		.section	.text.HAL_TIM_DMABurst_WriteStart,"ax",%progbits
 1603              		.align	1
 1604              		.global	HAL_TIM_DMABurst_WriteStart
 1605              		.syntax unified
 1606              		.code	16
 1607              		.thumb_func
ARM GAS  C:\Users\fastr\AppData\Local\Temp\ccUGQp9j.s 			page 28


 1609              	HAL_TIM_DMABurst_WriteStart:
 1610              		@ args = 4, pretend = 0, frame = 0
 1611              		@ frame_needed = 0, uses_anonymous_args = 0
 1612 0000 10B5     		push	{r4, lr}
 1613 0002 C646     		mov	lr, r8
 1614 0004 00B5     		push	{lr}
 1615 0006 83B0     		sub	sp, sp, #12
 1616 0008 069C     		ldr	r4, [sp, #24]
 1617 000a 240A     		lsrs	r4, r4, #8
 1618 000c A446     		mov	ip, r4
 1619 000e 0124     		movs	r4, #1
 1620 0010 A046     		mov	r8, r4
 1621 0012 C444     		add	ip, ip, r8
 1622 0014 6446     		mov	r4, ip
 1623 0016 0194     		str	r4, [sp, #4]
 1624 0018 069C     		ldr	r4, [sp, #24]
 1625 001a 0094     		str	r4, [sp]
 1626 001c FFF7FEFF 		bl	HAL_TIM_DMABurst_MultiWriteStart
 1627 0020 03B0     		add	sp, sp, #12
 1628              		@ sp needed
 1629 0022 10BC     		pop	{r4}
 1630 0024 A046     		mov	r8, r4
 1631 0026 10BD     		pop	{r4, pc}
 1633              		.section	.text.HAL_TIM_DMABurst_WriteStop,"ax",%progbits
 1634              		.align	1
 1635              		.global	HAL_TIM_DMABurst_WriteStop
 1636              		.syntax unified
 1637              		.code	16
 1638              		.thumb_func
 1640              	HAL_TIM_DMABurst_WriteStop:
 1641              		@ args = 0, pretend = 0, frame = 0
 1642              		@ frame_needed = 0, uses_anonymous_args = 0
 1643 0000 70B5     		push	{r4, r5, r6, lr}
 1644 0002 0500     		movs	r5, r0
 1645 0004 0C00     		movs	r4, r1
 1646 0006 8023     		movs	r3, #128
 1647 0008 1B01     		lsls	r3, r3, #4
 1648 000a 9942     		cmp	r1, r3
 1649 000c 34D0     		beq	.L135
 1650 000e 19D8     		bhi	.L136
 1651 0010 8023     		movs	r3, #128
 1652 0012 9B00     		lsls	r3, r3, #2
 1653 0014 9942     		cmp	r1, r3
 1654 0016 27D0     		beq	.L137
 1655 0018 8023     		movs	r3, #128
 1656 001a DB00     		lsls	r3, r3, #3
 1657 001c 9942     		cmp	r1, r3
 1658 001e 27D0     		beq	.L138
 1659 0020 8023     		movs	r3, #128
 1660 0022 5B00     		lsls	r3, r3, #1
 1661 0024 9942     		cmp	r1, r3
 1662 0026 0BD1     		bne	.L145
 1663 0028 006A     		ldr	r0, [r0, #32]
 1664 002a FFF7FEFF 		bl	HAL_DMA_Abort_IT
 1665              	.L144:
 1666 002e 2A68     		ldr	r2, [r5]
 1667 0030 D368     		ldr	r3, [r2, #12]
ARM GAS  C:\Users\fastr\AppData\Local\Temp\ccUGQp9j.s 			page 29


 1668 0032 A343     		bics	r3, r4
 1669 0034 D360     		str	r3, [r2, #12]
 1670 0036 4623     		movs	r3, #70
 1671 0038 0122     		movs	r2, #1
 1672 003a EA54     		strb	r2, [r5, r3]
 1673 003c 0020     		movs	r0, #0
 1674              	.L140:
 1675              		@ sp needed
 1676 003e 70BD     		pop	{r4, r5, r6, pc}
 1677              	.L145:
 1678 0040 0120     		movs	r0, #1
 1679 0042 FCE7     		b	.L140
 1680              	.L136:
 1681 0044 8023     		movs	r3, #128
 1682 0046 9B01     		lsls	r3, r3, #6
 1683 0048 9942     		cmp	r1, r3
 1684 004a 19D0     		beq	.L141
 1685 004c 8023     		movs	r3, #128
 1686 004e DB01     		lsls	r3, r3, #7
 1687 0050 9942     		cmp	r1, r3
 1688 0052 19D0     		beq	.L142
 1689 0054 8023     		movs	r3, #128
 1690 0056 5B01     		lsls	r3, r3, #5
 1691 0058 9942     		cmp	r1, r3
 1692 005a 03D1     		bne	.L146
 1693 005c 006B     		ldr	r0, [r0, #48]
 1694 005e FFF7FEFF 		bl	HAL_DMA_Abort_IT
 1695 0062 E4E7     		b	.L144
 1696              	.L146:
 1697 0064 0120     		movs	r0, #1
 1698 0066 EAE7     		b	.L140
 1699              	.L137:
 1700 0068 406A     		ldr	r0, [r0, #36]
 1701 006a FFF7FEFF 		bl	HAL_DMA_Abort_IT
 1702 006e DEE7     		b	.L144
 1703              	.L138:
 1704 0070 806A     		ldr	r0, [r0, #40]
 1705 0072 FFF7FEFF 		bl	HAL_DMA_Abort_IT
 1706 0076 DAE7     		b	.L144
 1707              	.L135:
 1708 0078 C06A     		ldr	r0, [r0, #44]
 1709 007a FFF7FEFF 		bl	HAL_DMA_Abort_IT
 1710 007e D6E7     		b	.L144
 1711              	.L141:
 1712 0080 406B     		ldr	r0, [r0, #52]
 1713 0082 FFF7FEFF 		bl	HAL_DMA_Abort_IT
 1714 0086 D2E7     		b	.L144
 1715              	.L142:
 1716 0088 806B     		ldr	r0, [r0, #56]
 1717 008a FFF7FEFF 		bl	HAL_DMA_Abort_IT
 1718 008e CEE7     		b	.L144
 1720              		.section	.text.HAL_TIM_DMABurst_MultiReadStart,"ax",%progbits
 1721              		.align	1
 1722              		.global	HAL_TIM_DMABurst_MultiReadStart
 1723              		.syntax unified
 1724              		.code	16
 1725              		.thumb_func
ARM GAS  C:\Users\fastr\AppData\Local\Temp\ccUGQp9j.s 			page 30


 1727              	HAL_TIM_DMABurst_MultiReadStart:
 1728              		@ args = 8, pretend = 0, frame = 0
 1729              		@ frame_needed = 0, uses_anonymous_args = 0
 1730 0000 70B5     		push	{r4, r5, r6, lr}
 1731 0002 0400     		movs	r4, r0
 1732 0004 0E00     		movs	r6, r1
 1733 0006 1500     		movs	r5, r2
 1734 0008 1A00     		movs	r2, r3
 1735 000a 4623     		movs	r3, #70
 1736 000c C35C     		ldrb	r3, [r0, r3]
 1737 000e D8B2     		uxtb	r0, r3
 1738 0010 022B     		cmp	r3, #2
 1739 0012 32D0     		beq	.L148
 1740 0014 4623     		movs	r3, #70
 1741 0016 E35C     		ldrb	r3, [r4, r3]
 1742 0018 D8B2     		uxtb	r0, r3
 1743 001a 012B     		cmp	r3, #1
 1744 001c 2ED0     		beq	.L167
 1745              	.L149:
 1746 001e 8023     		movs	r3, #128
 1747 0020 1B01     		lsls	r3, r3, #4
 1748 0022 9D42     		cmp	r5, r3
 1749 0024 00D1     		bne	.LCB1813
 1750 0026 7CE0     		b	.L151	@long jump
 1751              	.LCB1813:
 1752 0028 34D8     		bhi	.L152
 1753 002a 8023     		movs	r3, #128
 1754 002c 9B00     		lsls	r3, r3, #2
 1755 002e 9D42     		cmp	r5, r3
 1756 0030 51D0     		beq	.L153
 1757 0032 8023     		movs	r3, #128
 1758 0034 DB00     		lsls	r3, r3, #3
 1759 0036 9D42     		cmp	r5, r3
 1760 0038 60D0     		beq	.L154
 1761 003a 8023     		movs	r3, #128
 1762 003c 5B00     		lsls	r3, r3, #1
 1763 003e 9D42     		cmp	r5, r3
 1764 0040 26D1     		bne	.L168
 1765 0042 236A     		ldr	r3, [r4, #32]
 1766 0044 5649     		ldr	r1, .L172
 1767 0046 9962     		str	r1, [r3, #40]
 1768 0048 236A     		ldr	r3, [r4, #32]
 1769 004a 5649     		ldr	r1, .L172+4
 1770 004c D962     		str	r1, [r3, #44]
 1771 004e 236A     		ldr	r3, [r4, #32]
 1772 0050 5549     		ldr	r1, .L172+8
 1773 0052 1963     		str	r1, [r3, #48]
 1774 0054 2168     		ldr	r1, [r4]
 1775 0056 4C31     		adds	r1, r1, #76
 1776 0058 206A     		ldr	r0, [r4, #32]
 1777 005a 059B     		ldr	r3, [sp, #20]
 1778 005c FFF7FEFF 		bl	HAL_DMA_Start_IT
 1779 0060 0028     		cmp	r0, #0
 1780 0062 00D0     		beq	.LCB1844
 1781 0064 99E0     		b	.L169	@long jump
 1782              	.LCB1844:
 1783              	.L159:
ARM GAS  C:\Users\fastr\AppData\Local\Temp\ccUGQp9j.s 			page 31


 1784 0066 2268     		ldr	r2, [r4]
 1785 0068 3300     		movs	r3, r6
 1786 006a 0499     		ldr	r1, [sp, #16]
 1787 006c 0B43     		orrs	r3, r1
 1788 006e 9364     		str	r3, [r2, #72]
 1789 0070 2268     		ldr	r2, [r4]
 1790 0072 D368     		ldr	r3, [r2, #12]
 1791 0074 2B43     		orrs	r3, r5
 1792 0076 D360     		str	r3, [r2, #12]
 1793 0078 0020     		movs	r0, #0
 1794              	.L148:
 1795              		@ sp needed
 1796 007a 70BD     		pop	{r4, r5, r6, pc}
 1797              	.L167:
 1798 007c 002A     		cmp	r2, #0
 1799 007e 03D0     		beq	.L170
 1800              	.L150:
 1801 0080 4623     		movs	r3, #70
 1802 0082 0221     		movs	r1, #2
 1803 0084 E154     		strb	r1, [r4, r3]
 1804 0086 CAE7     		b	.L149
 1805              	.L170:
 1806 0088 049B     		ldr	r3, [sp, #16]
 1807 008a 002B     		cmp	r3, #0
 1808 008c F8D0     		beq	.L150
 1809 008e F4E7     		b	.L148
 1810              	.L168:
 1811 0090 0120     		movs	r0, #1
 1812 0092 F2E7     		b	.L148
 1813              	.L152:
 1814 0094 8023     		movs	r3, #128
 1815 0096 9B01     		lsls	r3, r3, #6
 1816 0098 9D42     		cmp	r5, r3
 1817 009a 56D0     		beq	.L156
 1818 009c 8023     		movs	r3, #128
 1819 009e DB01     		lsls	r3, r3, #7
 1820 00a0 9D42     		cmp	r5, r3
 1821 00a2 66D0     		beq	.L157
 1822 00a4 8023     		movs	r3, #128
 1823 00a6 5B01     		lsls	r3, r3, #5
 1824 00a8 9D42     		cmp	r5, r3
 1825 00aa 12D1     		bne	.L171
 1826 00ac 236B     		ldr	r3, [r4, #48]
 1827 00ae 3F49     		ldr	r1, .L172+12
 1828 00b0 9962     		str	r1, [r3, #40]
 1829 00b2 236B     		ldr	r3, [r4, #48]
 1830 00b4 3E49     		ldr	r1, .L172+16
 1831 00b6 D962     		str	r1, [r3, #44]
 1832 00b8 236B     		ldr	r3, [r4, #48]
 1833 00ba 3B49     		ldr	r1, .L172+8
 1834 00bc 1963     		str	r1, [r3, #48]
 1835 00be 2168     		ldr	r1, [r4]
 1836 00c0 4C31     		adds	r1, r1, #76
 1837 00c2 206B     		ldr	r0, [r4, #48]
 1838 00c4 059B     		ldr	r3, [sp, #20]
 1839 00c6 FFF7FEFF 		bl	HAL_DMA_Start_IT
 1840 00ca 0028     		cmp	r0, #0
ARM GAS  C:\Users\fastr\AppData\Local\Temp\ccUGQp9j.s 			page 32


 1841 00cc CBD0     		beq	.L159
 1842 00ce 0120     		movs	r0, #1
 1843 00d0 D3E7     		b	.L148
 1844              	.L171:
 1845 00d2 0120     		movs	r0, #1
 1846 00d4 D1E7     		b	.L148
 1847              	.L153:
 1848 00d6 636A     		ldr	r3, [r4, #36]
 1849 00d8 3449     		ldr	r1, .L172+12
 1850 00da 9962     		str	r1, [r3, #40]
 1851 00dc 636A     		ldr	r3, [r4, #36]
 1852 00de 3449     		ldr	r1, .L172+16
 1853 00e0 D962     		str	r1, [r3, #44]
 1854 00e2 636A     		ldr	r3, [r4, #36]
 1855 00e4 3049     		ldr	r1, .L172+8
 1856 00e6 1963     		str	r1, [r3, #48]
 1857 00e8 2168     		ldr	r1, [r4]
 1858 00ea 4C31     		adds	r1, r1, #76
 1859 00ec 606A     		ldr	r0, [r4, #36]
 1860 00ee 059B     		ldr	r3, [sp, #20]
 1861 00f0 FFF7FEFF 		bl	HAL_DMA_Start_IT
 1862 00f4 0028     		cmp	r0, #0
 1863 00f6 B6D0     		beq	.L159
 1864 00f8 0120     		movs	r0, #1
 1865 00fa BEE7     		b	.L148
 1866              	.L154:
 1867 00fc A36A     		ldr	r3, [r4, #40]
 1868 00fe 2B49     		ldr	r1, .L172+12
 1869 0100 9962     		str	r1, [r3, #40]
 1870 0102 A36A     		ldr	r3, [r4, #40]
 1871 0104 2A49     		ldr	r1, .L172+16
 1872 0106 D962     		str	r1, [r3, #44]
 1873 0108 A36A     		ldr	r3, [r4, #40]
 1874 010a 2749     		ldr	r1, .L172+8
 1875 010c 1963     		str	r1, [r3, #48]
 1876 010e 2168     		ldr	r1, [r4]
 1877 0110 4C31     		adds	r1, r1, #76
 1878 0112 A06A     		ldr	r0, [r4, #40]
 1879 0114 059B     		ldr	r3, [sp, #20]
 1880 0116 FFF7FEFF 		bl	HAL_DMA_Start_IT
 1881 011a 0028     		cmp	r0, #0
 1882 011c A3D0     		beq	.L159
 1883 011e 0120     		movs	r0, #1
 1884 0120 ABE7     		b	.L148
 1885              	.L151:
 1886 0122 E36A     		ldr	r3, [r4, #44]
 1887 0124 2149     		ldr	r1, .L172+12
 1888 0126 9962     		str	r1, [r3, #40]
 1889 0128 E36A     		ldr	r3, [r4, #44]
 1890 012a 2149     		ldr	r1, .L172+16
 1891 012c D962     		str	r1, [r3, #44]
 1892 012e E36A     		ldr	r3, [r4, #44]
 1893 0130 1D49     		ldr	r1, .L172+8
 1894 0132 1963     		str	r1, [r3, #48]
 1895 0134 2168     		ldr	r1, [r4]
 1896 0136 4C31     		adds	r1, r1, #76
 1897 0138 E06A     		ldr	r0, [r4, #44]
ARM GAS  C:\Users\fastr\AppData\Local\Temp\ccUGQp9j.s 			page 33


 1898 013a 059B     		ldr	r3, [sp, #20]
 1899 013c FFF7FEFF 		bl	HAL_DMA_Start_IT
 1900 0140 0028     		cmp	r0, #0
 1901 0142 00D1     		bne	.LCB1989
 1902 0144 8FE7     		b	.L159	@long jump
 1903              	.LCB1989:
 1904 0146 0120     		movs	r0, #1
 1905 0148 97E7     		b	.L148
 1906              	.L156:
 1907 014a 636B     		ldr	r3, [r4, #52]
 1908 014c 1949     		ldr	r1, .L172+20
 1909 014e 9962     		str	r1, [r3, #40]
 1910 0150 636B     		ldr	r3, [r4, #52]
 1911 0152 1949     		ldr	r1, .L172+24
 1912 0154 D962     		str	r1, [r3, #44]
 1913 0156 636B     		ldr	r3, [r4, #52]
 1914 0158 1349     		ldr	r1, .L172+8
 1915 015a 1963     		str	r1, [r3, #48]
 1916 015c 2168     		ldr	r1, [r4]
 1917 015e 4C31     		adds	r1, r1, #76
 1918 0160 606B     		ldr	r0, [r4, #52]
 1919 0162 059B     		ldr	r3, [sp, #20]
 1920 0164 FFF7FEFF 		bl	HAL_DMA_Start_IT
 1921 0168 0028     		cmp	r0, #0
 1922 016a 00D1     		bne	.LCB2011
 1923 016c 7BE7     		b	.L159	@long jump
 1924              	.LCB2011:
 1925 016e 0120     		movs	r0, #1
 1926 0170 83E7     		b	.L148
 1927              	.L157:
 1928 0172 A36B     		ldr	r3, [r4, #56]
 1929 0174 1149     		ldr	r1, .L172+28
 1930 0176 9962     		str	r1, [r3, #40]
 1931 0178 A36B     		ldr	r3, [r4, #56]
 1932 017a 1149     		ldr	r1, .L172+32
 1933 017c D962     		str	r1, [r3, #44]
 1934 017e A36B     		ldr	r3, [r4, #56]
 1935 0180 0949     		ldr	r1, .L172+8
 1936 0182 1963     		str	r1, [r3, #48]
 1937 0184 2168     		ldr	r1, [r4]
 1938 0186 4C31     		adds	r1, r1, #76
 1939 0188 A06B     		ldr	r0, [r4, #56]
 1940 018a 059B     		ldr	r3, [sp, #20]
 1941 018c FFF7FEFF 		bl	HAL_DMA_Start_IT
 1942 0190 0028     		cmp	r0, #0
 1943 0192 00D1     		bne	.LCB2033
 1944 0194 67E7     		b	.L159	@long jump
 1945              	.LCB2033:
 1946 0196 0120     		movs	r0, #1
 1947 0198 6FE7     		b	.L148
 1948              	.L169:
 1949 019a 0120     		movs	r0, #1
 1950 019c 6DE7     		b	.L148
 1951              	.L173:
 1952 019e C046     		.align	2
 1953              	.L172:
 1954 01a0 00000000 		.word	TIM_DMAPeriodElapsedCplt
ARM GAS  C:\Users\fastr\AppData\Local\Temp\ccUGQp9j.s 			page 34


 1955 01a4 00000000 		.word	TIM_DMAPeriodElapsedHalfCplt
 1956 01a8 00000000 		.word	TIM_DMAError
 1957 01ac 00000000 		.word	TIM_DMACaptureCplt
 1958 01b0 00000000 		.word	TIM_DMACaptureHalfCplt
 1959 01b4 00000000 		.word	TIMEx_DMACommutationCplt
 1960 01b8 00000000 		.word	TIMEx_DMACommutationHalfCplt
 1961 01bc 00000000 		.word	TIM_DMATriggerCplt
 1962 01c0 00000000 		.word	TIM_DMATriggerHalfCplt
 1964              		.section	.text.HAL_TIM_DMABurst_ReadStart,"ax",%progbits
 1965              		.align	1
 1966              		.global	HAL_TIM_DMABurst_ReadStart
 1967              		.syntax unified
 1968              		.code	16
 1969              		.thumb_func
 1971              	HAL_TIM_DMABurst_ReadStart:
 1972              		@ args = 4, pretend = 0, frame = 0
 1973              		@ frame_needed = 0, uses_anonymous_args = 0
 1974 0000 10B5     		push	{r4, lr}
 1975 0002 C646     		mov	lr, r8
 1976 0004 00B5     		push	{lr}
 1977 0006 83B0     		sub	sp, sp, #12
 1978 0008 069C     		ldr	r4, [sp, #24]
 1979 000a 240A     		lsrs	r4, r4, #8
 1980 000c A446     		mov	ip, r4
 1981 000e 0124     		movs	r4, #1
 1982 0010 A046     		mov	r8, r4
 1983 0012 C444     		add	ip, ip, r8
 1984 0014 6446     		mov	r4, ip
 1985 0016 0194     		str	r4, [sp, #4]
 1986 0018 069C     		ldr	r4, [sp, #24]
 1987 001a 0094     		str	r4, [sp]
 1988 001c FFF7FEFF 		bl	HAL_TIM_DMABurst_MultiReadStart
 1989 0020 03B0     		add	sp, sp, #12
 1990              		@ sp needed
 1991 0022 10BC     		pop	{r4}
 1992 0024 A046     		mov	r8, r4
 1993 0026 10BD     		pop	{r4, pc}
 1995              		.section	.text.HAL_TIM_DMABurst_ReadStop,"ax",%progbits
 1996              		.align	1
 1997              		.global	HAL_TIM_DMABurst_ReadStop
 1998              		.syntax unified
 1999              		.code	16
 2000              		.thumb_func
 2002              	HAL_TIM_DMABurst_ReadStop:
 2003              		@ args = 0, pretend = 0, frame = 0
 2004              		@ frame_needed = 0, uses_anonymous_args = 0
 2005 0000 70B5     		push	{r4, r5, r6, lr}
 2006 0002 0500     		movs	r5, r0
 2007 0004 0C00     		movs	r4, r1
 2008 0006 8023     		movs	r3, #128
 2009 0008 1B01     		lsls	r3, r3, #4
 2010 000a 9942     		cmp	r1, r3
 2011 000c 34D0     		beq	.L176
 2012 000e 19D8     		bhi	.L177
 2013 0010 8023     		movs	r3, #128
 2014 0012 9B00     		lsls	r3, r3, #2
 2015 0014 9942     		cmp	r1, r3
ARM GAS  C:\Users\fastr\AppData\Local\Temp\ccUGQp9j.s 			page 35


 2016 0016 27D0     		beq	.L178
 2017 0018 8023     		movs	r3, #128
 2018 001a DB00     		lsls	r3, r3, #3
 2019 001c 9942     		cmp	r1, r3
 2020 001e 27D0     		beq	.L179
 2021 0020 8023     		movs	r3, #128
 2022 0022 5B00     		lsls	r3, r3, #1
 2023 0024 9942     		cmp	r1, r3
 2024 0026 0BD1     		bne	.L186
 2025 0028 006A     		ldr	r0, [r0, #32]
 2026 002a FFF7FEFF 		bl	HAL_DMA_Abort_IT
 2027              	.L185:
 2028 002e 2A68     		ldr	r2, [r5]
 2029 0030 D368     		ldr	r3, [r2, #12]
 2030 0032 A343     		bics	r3, r4
 2031 0034 D360     		str	r3, [r2, #12]
 2032 0036 4623     		movs	r3, #70
 2033 0038 0122     		movs	r2, #1
 2034 003a EA54     		strb	r2, [r5, r3]
 2035 003c 0020     		movs	r0, #0
 2036              	.L181:
 2037              		@ sp needed
 2038 003e 70BD     		pop	{r4, r5, r6, pc}
 2039              	.L186:
 2040 0040 0120     		movs	r0, #1
 2041 0042 FCE7     		b	.L181
 2042              	.L177:
 2043 0044 8023     		movs	r3, #128
 2044 0046 9B01     		lsls	r3, r3, #6
 2045 0048 9942     		cmp	r1, r3
 2046 004a 19D0     		beq	.L182
 2047 004c 8023     		movs	r3, #128
 2048 004e DB01     		lsls	r3, r3, #7
 2049 0050 9942     		cmp	r1, r3
 2050 0052 19D0     		beq	.L183
 2051 0054 8023     		movs	r3, #128
 2052 0056 5B01     		lsls	r3, r3, #5
 2053 0058 9942     		cmp	r1, r3
 2054 005a 03D1     		bne	.L187
 2055 005c 006B     		ldr	r0, [r0, #48]
 2056 005e FFF7FEFF 		bl	HAL_DMA_Abort_IT
 2057 0062 E4E7     		b	.L185
 2058              	.L187:
 2059 0064 0120     		movs	r0, #1
 2060 0066 EAE7     		b	.L181
 2061              	.L178:
 2062 0068 406A     		ldr	r0, [r0, #36]
 2063 006a FFF7FEFF 		bl	HAL_DMA_Abort_IT
 2064 006e DEE7     		b	.L185
 2065              	.L179:
 2066 0070 806A     		ldr	r0, [r0, #40]
 2067 0072 FFF7FEFF 		bl	HAL_DMA_Abort_IT
 2068 0076 DAE7     		b	.L185
 2069              	.L176:
 2070 0078 C06A     		ldr	r0, [r0, #44]
 2071 007a FFF7FEFF 		bl	HAL_DMA_Abort_IT
 2072 007e D6E7     		b	.L185
ARM GAS  C:\Users\fastr\AppData\Local\Temp\ccUGQp9j.s 			page 36


 2073              	.L182:
 2074 0080 406B     		ldr	r0, [r0, #52]
 2075 0082 FFF7FEFF 		bl	HAL_DMA_Abort_IT
 2076 0086 D2E7     		b	.L185
 2077              	.L183:
 2078 0088 806B     		ldr	r0, [r0, #56]
 2079 008a FFF7FEFF 		bl	HAL_DMA_Abort_IT
 2080 008e CEE7     		b	.L185
 2082              		.section	.text.HAL_TIM_GenerateEvent,"ax",%progbits
 2083              		.align	1
 2084              		.global	HAL_TIM_GenerateEvent
 2085              		.syntax unified
 2086              		.code	16
 2087              		.thumb_func
 2089              	HAL_TIM_GenerateEvent:
 2090              		@ args = 0, pretend = 0, frame = 0
 2091              		@ frame_needed = 0, uses_anonymous_args = 0
 2092 0000 30B5     		push	{r4, r5, lr}
 2093 0002 8C46     		mov	ip, r1
 2094 0004 3C23     		movs	r3, #60
 2095 0006 C35C     		ldrb	r3, [r0, r3]
 2096 0008 012B     		cmp	r3, #1
 2097 000a 0DD0     		beq	.L190
 2098 000c 3C23     		movs	r3, #60
 2099 000e 0121     		movs	r1, #1
 2100 0010 C154     		strb	r1, [r0, r3]
 2101 0012 3D22     		movs	r2, #61
 2102 0014 0224     		movs	r4, #2
 2103 0016 8454     		strb	r4, [r0, r2]
 2104 0018 0468     		ldr	r4, [r0]
 2105 001a 6546     		mov	r5, ip
 2106 001c 6561     		str	r5, [r4, #20]
 2107 001e 8154     		strb	r1, [r0, r2]
 2108 0020 0022     		movs	r2, #0
 2109 0022 C254     		strb	r2, [r0, r3]
 2110 0024 0020     		movs	r0, #0
 2111              	.L189:
 2112              		@ sp needed
 2113 0026 30BD     		pop	{r4, r5, pc}
 2114              	.L190:
 2115 0028 0220     		movs	r0, #2
 2116 002a FCE7     		b	.L189
 2118              		.section	.text.HAL_TIM_ConfigTI1Input,"ax",%progbits
 2119              		.align	1
 2120              		.global	HAL_TIM_ConfigTI1Input
 2121              		.syntax unified
 2122              		.code	16
 2123              		.thumb_func
 2125              	HAL_TIM_ConfigTI1Input:
 2126              		@ args = 0, pretend = 0, frame = 0
 2127              		@ frame_needed = 0, uses_anonymous_args = 0
 2128              		@ link register save eliminated.
 2129 0000 0268     		ldr	r2, [r0]
 2130 0002 5368     		ldr	r3, [r2, #4]
 2131 0004 8020     		movs	r0, #128
 2132 0006 8343     		bics	r3, r0
 2133 0008 0B43     		orrs	r3, r1
ARM GAS  C:\Users\fastr\AppData\Local\Temp\ccUGQp9j.s 			page 37


 2134 000a 5360     		str	r3, [r2, #4]
 2135 000c 0020     		movs	r0, #0
 2136              		@ sp needed
 2137 000e 7047     		bx	lr
 2139              		.section	.text.HAL_TIM_ReadCapturedValue,"ax",%progbits
 2140              		.align	1
 2141              		.global	HAL_TIM_ReadCapturedValue
 2142              		.syntax unified
 2143              		.code	16
 2144              		.thumb_func
 2146              	HAL_TIM_ReadCapturedValue:
 2147              		@ args = 0, pretend = 0, frame = 0
 2148              		@ frame_needed = 0, uses_anonymous_args = 0
 2149              		@ link register save eliminated.
 2150 0000 0829     		cmp	r1, #8
 2151 0002 13D0     		beq	.L193
 2152 0004 08D8     		bhi	.L194
 2153 0006 0029     		cmp	r1, #0
 2154 0008 0DD0     		beq	.L195
 2155 000a 0429     		cmp	r1, #4
 2156 000c 02D1     		bne	.L199
 2157 000e 0368     		ldr	r3, [r0]
 2158 0010 986B     		ldr	r0, [r3, #56]
 2159 0012 0AE0     		b	.L192
 2160              	.L199:
 2161 0014 0020     		movs	r0, #0
 2162 0016 08E0     		b	.L192
 2163              	.L194:
 2164 0018 0C29     		cmp	r1, #12
 2165 001a 02D1     		bne	.L200
 2166 001c 0368     		ldr	r3, [r0]
 2167 001e 186C     		ldr	r0, [r3, #64]
 2168 0020 03E0     		b	.L192
 2169              	.L200:
 2170 0022 0020     		movs	r0, #0
 2171 0024 01E0     		b	.L192
 2172              	.L195:
 2173 0026 0368     		ldr	r3, [r0]
 2174 0028 586B     		ldr	r0, [r3, #52]
 2175              	.L192:
 2176              		@ sp needed
 2177 002a 7047     		bx	lr
 2178              	.L193:
 2179 002c 0368     		ldr	r3, [r0]
 2180 002e D86B     		ldr	r0, [r3, #60]
 2181 0030 FBE7     		b	.L192
 2183              		.section	.text.HAL_TIM_PeriodElapsedCallback,"ax",%progbits
 2184              		.align	1
 2185              		.weak	HAL_TIM_PeriodElapsedCallback
 2186              		.syntax unified
 2187              		.code	16
 2188              		.thumb_func
 2190              	HAL_TIM_PeriodElapsedCallback:
 2191              		@ args = 0, pretend = 0, frame = 0
 2192              		@ frame_needed = 0, uses_anonymous_args = 0
 2193              		@ link register save eliminated.
 2194              		@ sp needed
ARM GAS  C:\Users\fastr\AppData\Local\Temp\ccUGQp9j.s 			page 38


 2195 0000 7047     		bx	lr
 2197              		.section	.text.TIM_DMAPeriodElapsedCplt,"ax",%progbits
 2198              		.align	1
 2199              		.syntax unified
 2200              		.code	16
 2201              		.thumb_func
 2203              	TIM_DMAPeriodElapsedCplt:
 2204              		@ args = 0, pretend = 0, frame = 0
 2205              		@ frame_needed = 0, uses_anonymous_args = 0
 2206 0000 10B5     		push	{r4, lr}
 2207 0002 406A     		ldr	r0, [r0, #36]
 2208 0004 036A     		ldr	r3, [r0, #32]
 2209 0006 9B69     		ldr	r3, [r3, #24]
 2210 0008 002B     		cmp	r3, #0
 2211 000a 02D1     		bne	.L203
 2212 000c 3D33     		adds	r3, r3, #61
 2213 000e 0122     		movs	r2, #1
 2214 0010 C254     		strb	r2, [r0, r3]
 2215              	.L203:
 2216 0012 FFF7FEFF 		bl	HAL_TIM_PeriodElapsedCallback
 2217              		@ sp needed
 2218 0016 10BD     		pop	{r4, pc}
 2220              		.section	.text.HAL_TIM_PeriodElapsedHalfCpltCallback,"ax",%progbits
 2221              		.align	1
 2222              		.weak	HAL_TIM_PeriodElapsedHalfCpltCallback
 2223              		.syntax unified
 2224              		.code	16
 2225              		.thumb_func
 2227              	HAL_TIM_PeriodElapsedHalfCpltCallback:
 2228              		@ args = 0, pretend = 0, frame = 0
 2229              		@ frame_needed = 0, uses_anonymous_args = 0
 2230              		@ link register save eliminated.
 2231              		@ sp needed
 2232 0000 7047     		bx	lr
 2234              		.section	.text.TIM_DMAPeriodElapsedHalfCplt,"ax",%progbits
 2235              		.align	1
 2236              		.syntax unified
 2237              		.code	16
 2238              		.thumb_func
 2240              	TIM_DMAPeriodElapsedHalfCplt:
 2241              		@ args = 0, pretend = 0, frame = 0
 2242              		@ frame_needed = 0, uses_anonymous_args = 0
 2243 0000 10B5     		push	{r4, lr}
 2244 0002 406A     		ldr	r0, [r0, #36]
 2245 0004 FFF7FEFF 		bl	HAL_TIM_PeriodElapsedHalfCpltCallback
 2246              		@ sp needed
 2247 0008 10BD     		pop	{r4, pc}
 2249              		.section	.text.HAL_TIM_OC_DelayElapsedCallback,"ax",%progbits
 2250              		.align	1
 2251              		.weak	HAL_TIM_OC_DelayElapsedCallback
 2252              		.syntax unified
 2253              		.code	16
 2254              		.thumb_func
 2256              	HAL_TIM_OC_DelayElapsedCallback:
 2257              		@ args = 0, pretend = 0, frame = 0
 2258              		@ frame_needed = 0, uses_anonymous_args = 0
 2259              		@ link register save eliminated.
ARM GAS  C:\Users\fastr\AppData\Local\Temp\ccUGQp9j.s 			page 39


 2260              		@ sp needed
 2261 0000 7047     		bx	lr
 2263              		.section	.text.HAL_TIM_IC_CaptureCallback,"ax",%progbits
 2264              		.align	1
 2265              		.weak	HAL_TIM_IC_CaptureCallback
 2266              		.syntax unified
 2267              		.code	16
 2268              		.thumb_func
 2270              	HAL_TIM_IC_CaptureCallback:
 2271              		@ args = 0, pretend = 0, frame = 0
 2272              		@ frame_needed = 0, uses_anonymous_args = 0
 2273              		@ link register save eliminated.
 2274              		@ sp needed
 2275 0000 7047     		bx	lr
 2277              		.section	.text.TIM_DMACaptureCplt,"ax",%progbits
 2278              		.align	1
 2279              		.global	TIM_DMACaptureCplt
 2280              		.syntax unified
 2281              		.code	16
 2282              		.thumb_func
 2284              	TIM_DMACaptureCplt:
 2285              		@ args = 0, pretend = 0, frame = 0
 2286              		@ frame_needed = 0, uses_anonymous_args = 0
 2287 0000 10B5     		push	{r4, lr}
 2288 0002 446A     		ldr	r4, [r0, #36]
 2289 0004 636A     		ldr	r3, [r4, #36]
 2290 0006 8342     		cmp	r3, r0
 2291 0008 0ED0     		beq	.L213
 2292 000a A36A     		ldr	r3, [r4, #40]
 2293 000c 8342     		cmp	r3, r0
 2294 000e 16D0     		beq	.L214
 2295 0010 E36A     		ldr	r3, [r4, #44]
 2296 0012 8342     		cmp	r3, r0
 2297 0014 1ED0     		beq	.L215
 2298 0016 236B     		ldr	r3, [r4, #48]
 2299 0018 8342     		cmp	r3, r0
 2300 001a 26D0     		beq	.L216
 2301              	.L210:
 2302 001c 2000     		movs	r0, r4
 2303 001e FFF7FEFF 		bl	HAL_TIM_IC_CaptureCallback
 2304 0022 0023     		movs	r3, #0
 2305 0024 2377     		strb	r3, [r4, #28]
 2306              		@ sp needed
 2307 0026 10BD     		pop	{r4, pc}
 2308              	.L213:
 2309 0028 0123     		movs	r3, #1
 2310 002a 2377     		strb	r3, [r4, #28]
 2311 002c 8369     		ldr	r3, [r0, #24]
 2312 002e 002B     		cmp	r3, #0
 2313 0030 F4D1     		bne	.L210
 2314 0032 0133     		adds	r3, r3, #1
 2315 0034 3E22     		movs	r2, #62
 2316 0036 A354     		strb	r3, [r4, r2]
 2317 0038 0432     		adds	r2, r2, #4
 2318 003a A354     		strb	r3, [r4, r2]
 2319 003c EEE7     		b	.L210
 2320              	.L214:
ARM GAS  C:\Users\fastr\AppData\Local\Temp\ccUGQp9j.s 			page 40


 2321 003e 0223     		movs	r3, #2
 2322 0040 2377     		strb	r3, [r4, #28]
 2323 0042 8369     		ldr	r3, [r0, #24]
 2324 0044 002B     		cmp	r3, #0
 2325 0046 E9D1     		bne	.L210
 2326 0048 0133     		adds	r3, r3, #1
 2327 004a 3F22     		movs	r2, #63
 2328 004c A354     		strb	r3, [r4, r2]
 2329 004e 0432     		adds	r2, r2, #4
 2330 0050 A354     		strb	r3, [r4, r2]
 2331 0052 E3E7     		b	.L210
 2332              	.L215:
 2333 0054 0423     		movs	r3, #4
 2334 0056 2377     		strb	r3, [r4, #28]
 2335 0058 8369     		ldr	r3, [r0, #24]
 2336 005a 002B     		cmp	r3, #0
 2337 005c DED1     		bne	.L210
 2338 005e 0133     		adds	r3, r3, #1
 2339 0060 4022     		movs	r2, #64
 2340 0062 A354     		strb	r3, [r4, r2]
 2341 0064 0432     		adds	r2, r2, #4
 2342 0066 A354     		strb	r3, [r4, r2]
 2343 0068 D8E7     		b	.L210
 2344              	.L216:
 2345 006a 0823     		movs	r3, #8
 2346 006c 2377     		strb	r3, [r4, #28]
 2347 006e 8369     		ldr	r3, [r0, #24]
 2348 0070 002B     		cmp	r3, #0
 2349 0072 D3D1     		bne	.L210
 2350 0074 0133     		adds	r3, r3, #1
 2351 0076 4122     		movs	r2, #65
 2352 0078 A354     		strb	r3, [r4, r2]
 2353 007a 0432     		adds	r2, r2, #4
 2354 007c A354     		strb	r3, [r4, r2]
 2355 007e CDE7     		b	.L210
 2357              		.section	.text.HAL_TIM_IC_CaptureHalfCpltCallback,"ax",%progbits
 2358              		.align	1
 2359              		.weak	HAL_TIM_IC_CaptureHalfCpltCallback
 2360              		.syntax unified
 2361              		.code	16
 2362              		.thumb_func
 2364              	HAL_TIM_IC_CaptureHalfCpltCallback:
 2365              		@ args = 0, pretend = 0, frame = 0
 2366              		@ frame_needed = 0, uses_anonymous_args = 0
 2367              		@ link register save eliminated.
 2368              		@ sp needed
 2369 0000 7047     		bx	lr
 2371              		.section	.text.TIM_DMACaptureHalfCplt,"ax",%progbits
 2372              		.align	1
 2373              		.global	TIM_DMACaptureHalfCplt
 2374              		.syntax unified
 2375              		.code	16
 2376              		.thumb_func
 2378              	TIM_DMACaptureHalfCplt:
 2379              		@ args = 0, pretend = 0, frame = 0
 2380              		@ frame_needed = 0, uses_anonymous_args = 0
 2381 0000 10B5     		push	{r4, lr}
ARM GAS  C:\Users\fastr\AppData\Local\Temp\ccUGQp9j.s 			page 41


 2382 0002 446A     		ldr	r4, [r0, #36]
 2383 0004 636A     		ldr	r3, [r4, #36]
 2384 0006 8342     		cmp	r3, r0
 2385 0008 0BD0     		beq	.L223
 2386 000a A36A     		ldr	r3, [r4, #40]
 2387 000c 8342     		cmp	r3, r0
 2388 000e 10D0     		beq	.L224
 2389 0010 E36A     		ldr	r3, [r4, #44]
 2390 0012 8342     		cmp	r3, r0
 2391 0014 10D0     		beq	.L225
 2392 0016 236B     		ldr	r3, [r4, #48]
 2393 0018 8342     		cmp	r3, r0
 2394 001a 04D1     		bne	.L220
 2395 001c 0823     		movs	r3, #8
 2396 001e 2377     		strb	r3, [r4, #28]
 2397 0020 01E0     		b	.L220
 2398              	.L223:
 2399 0022 0123     		movs	r3, #1
 2400 0024 2377     		strb	r3, [r4, #28]
 2401              	.L220:
 2402 0026 2000     		movs	r0, r4
 2403 0028 FFF7FEFF 		bl	HAL_TIM_IC_CaptureHalfCpltCallback
 2404 002c 0023     		movs	r3, #0
 2405 002e 2377     		strb	r3, [r4, #28]
 2406              		@ sp needed
 2407 0030 10BD     		pop	{r4, pc}
 2408              	.L224:
 2409 0032 0223     		movs	r3, #2
 2410 0034 2377     		strb	r3, [r4, #28]
 2411 0036 F6E7     		b	.L220
 2412              	.L225:
 2413 0038 0423     		movs	r3, #4
 2414 003a 2377     		strb	r3, [r4, #28]
 2415 003c F3E7     		b	.L220
 2417              		.section	.text.HAL_TIM_PWM_PulseFinishedCallback,"ax",%progbits
 2418              		.align	1
 2419              		.weak	HAL_TIM_PWM_PulseFinishedCallback
 2420              		.syntax unified
 2421              		.code	16
 2422              		.thumb_func
 2424              	HAL_TIM_PWM_PulseFinishedCallback:
 2425              		@ args = 0, pretend = 0, frame = 0
 2426              		@ frame_needed = 0, uses_anonymous_args = 0
 2427              		@ link register save eliminated.
 2428              		@ sp needed
 2429 0000 7047     		bx	lr
 2431              		.section	.text.TIM_DMADelayPulseCplt,"ax",%progbits
 2432              		.align	1
 2433              		.syntax unified
 2434              		.code	16
 2435              		.thumb_func
 2437              	TIM_DMADelayPulseCplt:
 2438              		@ args = 0, pretend = 0, frame = 0
 2439              		@ frame_needed = 0, uses_anonymous_args = 0
 2440 0000 10B5     		push	{r4, lr}
 2441 0002 446A     		ldr	r4, [r0, #36]
 2442 0004 636A     		ldr	r3, [r4, #36]
ARM GAS  C:\Users\fastr\AppData\Local\Temp\ccUGQp9j.s 			page 42


 2443 0006 8342     		cmp	r3, r0
 2444 0008 0ED0     		beq	.L232
 2445 000a A36A     		ldr	r3, [r4, #40]
 2446 000c 8342     		cmp	r3, r0
 2447 000e 14D0     		beq	.L233
 2448 0010 E36A     		ldr	r3, [r4, #44]
 2449 0012 8342     		cmp	r3, r0
 2450 0014 1AD0     		beq	.L234
 2451 0016 236B     		ldr	r3, [r4, #48]
 2452 0018 8342     		cmp	r3, r0
 2453 001a 20D0     		beq	.L235
 2454              	.L229:
 2455 001c 2000     		movs	r0, r4
 2456 001e FFF7FEFF 		bl	HAL_TIM_PWM_PulseFinishedCallback
 2457 0022 0023     		movs	r3, #0
 2458 0024 2377     		strb	r3, [r4, #28]
 2459              		@ sp needed
 2460 0026 10BD     		pop	{r4, pc}
 2461              	.L232:
 2462 0028 0123     		movs	r3, #1
 2463 002a 2377     		strb	r3, [r4, #28]
 2464 002c 8369     		ldr	r3, [r0, #24]
 2465 002e 002B     		cmp	r3, #0
 2466 0030 F4D1     		bne	.L229
 2467 0032 3E33     		adds	r3, r3, #62
 2468 0034 0122     		movs	r2, #1
 2469 0036 E254     		strb	r2, [r4, r3]
 2470 0038 F0E7     		b	.L229
 2471              	.L233:
 2472 003a 0223     		movs	r3, #2
 2473 003c 2377     		strb	r3, [r4, #28]
 2474 003e 8369     		ldr	r3, [r0, #24]
 2475 0040 002B     		cmp	r3, #0
 2476 0042 EBD1     		bne	.L229
 2477 0044 3F33     		adds	r3, r3, #63
 2478 0046 0122     		movs	r2, #1
 2479 0048 E254     		strb	r2, [r4, r3]
 2480 004a E7E7     		b	.L229
 2481              	.L234:
 2482 004c 0423     		movs	r3, #4
 2483 004e 2377     		strb	r3, [r4, #28]
 2484 0050 8369     		ldr	r3, [r0, #24]
 2485 0052 002B     		cmp	r3, #0
 2486 0054 E2D1     		bne	.L229
 2487 0056 4033     		adds	r3, r3, #64
 2488 0058 0122     		movs	r2, #1
 2489 005a E254     		strb	r2, [r4, r3]
 2490 005c DEE7     		b	.L229
 2491              	.L235:
 2492 005e 0823     		movs	r3, #8
 2493 0060 2377     		strb	r3, [r4, #28]
 2494 0062 8369     		ldr	r3, [r0, #24]
 2495 0064 002B     		cmp	r3, #0
 2496 0066 D9D1     		bne	.L229
 2497 0068 4133     		adds	r3, r3, #65
 2498 006a 0122     		movs	r2, #1
 2499 006c E254     		strb	r2, [r4, r3]
ARM GAS  C:\Users\fastr\AppData\Local\Temp\ccUGQp9j.s 			page 43


 2500 006e D5E7     		b	.L229
 2502              		.section	.text.HAL_TIM_PWM_PulseFinishedHalfCpltCallback,"ax",%progbits
 2503              		.align	1
 2504              		.weak	HAL_TIM_PWM_PulseFinishedHalfCpltCallback
 2505              		.syntax unified
 2506              		.code	16
 2507              		.thumb_func
 2509              	HAL_TIM_PWM_PulseFinishedHalfCpltCallback:
 2510              		@ args = 0, pretend = 0, frame = 0
 2511              		@ frame_needed = 0, uses_anonymous_args = 0
 2512              		@ link register save eliminated.
 2513              		@ sp needed
 2514 0000 7047     		bx	lr
 2516              		.section	.text.TIM_DMADelayPulseHalfCplt,"ax",%progbits
 2517              		.align	1
 2518              		.global	TIM_DMADelayPulseHalfCplt
 2519              		.syntax unified
 2520              		.code	16
 2521              		.thumb_func
 2523              	TIM_DMADelayPulseHalfCplt:
 2524              		@ args = 0, pretend = 0, frame = 0
 2525              		@ frame_needed = 0, uses_anonymous_args = 0
 2526 0000 10B5     		push	{r4, lr}
 2527 0002 446A     		ldr	r4, [r0, #36]
 2528 0004 636A     		ldr	r3, [r4, #36]
 2529 0006 8342     		cmp	r3, r0
 2530 0008 0BD0     		beq	.L242
 2531 000a A36A     		ldr	r3, [r4, #40]
 2532 000c 8342     		cmp	r3, r0
 2533 000e 10D0     		beq	.L243
 2534 0010 E36A     		ldr	r3, [r4, #44]
 2535 0012 8342     		cmp	r3, r0
 2536 0014 10D0     		beq	.L244
 2537 0016 236B     		ldr	r3, [r4, #48]
 2538 0018 8342     		cmp	r3, r0
 2539 001a 04D1     		bne	.L239
 2540 001c 0823     		movs	r3, #8
 2541 001e 2377     		strb	r3, [r4, #28]
 2542 0020 01E0     		b	.L239
 2543              	.L242:
 2544 0022 0123     		movs	r3, #1
 2545 0024 2377     		strb	r3, [r4, #28]
 2546              	.L239:
 2547 0026 2000     		movs	r0, r4
 2548 0028 FFF7FEFF 		bl	HAL_TIM_PWM_PulseFinishedHalfCpltCallback
 2549 002c 0023     		movs	r3, #0
 2550 002e 2377     		strb	r3, [r4, #28]
 2551              		@ sp needed
 2552 0030 10BD     		pop	{r4, pc}
 2553              	.L243:
 2554 0032 0223     		movs	r3, #2
 2555 0034 2377     		strb	r3, [r4, #28]
 2556 0036 F6E7     		b	.L239
 2557              	.L244:
 2558 0038 0423     		movs	r3, #4
 2559 003a 2377     		strb	r3, [r4, #28]
 2560 003c F3E7     		b	.L239
ARM GAS  C:\Users\fastr\AppData\Local\Temp\ccUGQp9j.s 			page 44


 2562              		.section	.text.HAL_TIM_TriggerCallback,"ax",%progbits
 2563              		.align	1
 2564              		.weak	HAL_TIM_TriggerCallback
 2565              		.syntax unified
 2566              		.code	16
 2567              		.thumb_func
 2569              	HAL_TIM_TriggerCallback:
 2570              		@ args = 0, pretend = 0, frame = 0
 2571              		@ frame_needed = 0, uses_anonymous_args = 0
 2572              		@ link register save eliminated.
 2573              		@ sp needed
 2574 0000 7047     		bx	lr
 2576              		.section	.text.HAL_TIM_IRQHandler,"ax",%progbits
 2577              		.align	1
 2578              		.global	HAL_TIM_IRQHandler
 2579              		.syntax unified
 2580              		.code	16
 2581              		.thumb_func
 2583              	HAL_TIM_IRQHandler:
 2584              		@ args = 0, pretend = 0, frame = 0
 2585              		@ frame_needed = 0, uses_anonymous_args = 0
 2586 0000 70B5     		push	{r4, r5, r6, lr}
 2587 0002 0400     		movs	r4, r0
 2588 0004 0368     		ldr	r3, [r0]
 2589 0006 DE68     		ldr	r6, [r3, #12]
 2590 0008 1D69     		ldr	r5, [r3, #16]
 2591 000a AA07     		lsls	r2, r5, #30
 2592 000c 0ED5     		bpl	.L247
 2593 000e B207     		lsls	r2, r6, #30
 2594 0010 0CD5     		bpl	.L247
 2595 0012 0322     		movs	r2, #3
 2596 0014 5242     		rsbs	r2, r2, #0
 2597 0016 1A61     		str	r2, [r3, #16]
 2598 0018 0123     		movs	r3, #1
 2599 001a 0377     		strb	r3, [r0, #28]
 2600 001c 0368     		ldr	r3, [r0]
 2601 001e 9B69     		ldr	r3, [r3, #24]
 2602 0020 9B07     		lsls	r3, r3, #30
 2603 0022 51D0     		beq	.L248
 2604 0024 FFF7FEFF 		bl	HAL_TIM_IC_CaptureCallback
 2605              	.L249:
 2606 0028 0023     		movs	r3, #0
 2607 002a 2377     		strb	r3, [r4, #28]
 2608              	.L247:
 2609 002c 6B07     		lsls	r3, r5, #29
 2610 002e 12D5     		bpl	.L250
 2611 0030 7307     		lsls	r3, r6, #29
 2612 0032 10D5     		bpl	.L250
 2613 0034 2368     		ldr	r3, [r4]
 2614 0036 0522     		movs	r2, #5
 2615 0038 5242     		rsbs	r2, r2, #0
 2616 003a 1A61     		str	r2, [r3, #16]
 2617 003c 0223     		movs	r3, #2
 2618 003e 2377     		strb	r3, [r4, #28]
 2619 0040 2368     		ldr	r3, [r4]
 2620 0042 9A69     		ldr	r2, [r3, #24]
 2621 0044 C023     		movs	r3, #192
ARM GAS  C:\Users\fastr\AppData\Local\Temp\ccUGQp9j.s 			page 45


 2622 0046 9B00     		lsls	r3, r3, #2
 2623 0048 1A42     		tst	r2, r3
 2624 004a 43D0     		beq	.L251
 2625 004c 2000     		movs	r0, r4
 2626 004e FFF7FEFF 		bl	HAL_TIM_IC_CaptureCallback
 2627              	.L252:
 2628 0052 0023     		movs	r3, #0
 2629 0054 2377     		strb	r3, [r4, #28]
 2630              	.L250:
 2631 0056 2B07     		lsls	r3, r5, #28
 2632 0058 10D5     		bpl	.L253
 2633 005a 3307     		lsls	r3, r6, #28
 2634 005c 0ED5     		bpl	.L253
 2635 005e 2368     		ldr	r3, [r4]
 2636 0060 0922     		movs	r2, #9
 2637 0062 5242     		rsbs	r2, r2, #0
 2638 0064 1A61     		str	r2, [r3, #16]
 2639 0066 0423     		movs	r3, #4
 2640 0068 2377     		strb	r3, [r4, #28]
 2641 006a 2368     		ldr	r3, [r4]
 2642 006c DB69     		ldr	r3, [r3, #28]
 2643 006e 9B07     		lsls	r3, r3, #30
 2644 0070 37D0     		beq	.L254
 2645 0072 2000     		movs	r0, r4
 2646 0074 FFF7FEFF 		bl	HAL_TIM_IC_CaptureCallback
 2647              	.L255:
 2648 0078 0023     		movs	r3, #0
 2649 007a 2377     		strb	r3, [r4, #28]
 2650              	.L253:
 2651 007c EB06     		lsls	r3, r5, #27
 2652 007e 12D5     		bpl	.L256
 2653 0080 F306     		lsls	r3, r6, #27
 2654 0082 10D5     		bpl	.L256
 2655 0084 2368     		ldr	r3, [r4]
 2656 0086 1122     		movs	r2, #17
 2657 0088 5242     		rsbs	r2, r2, #0
 2658 008a 1A61     		str	r2, [r3, #16]
 2659 008c 0823     		movs	r3, #8
 2660 008e 2377     		strb	r3, [r4, #28]
 2661 0090 2368     		ldr	r3, [r4]
 2662 0092 DA69     		ldr	r2, [r3, #28]
 2663 0094 C023     		movs	r3, #192
 2664 0096 9B00     		lsls	r3, r3, #2
 2665 0098 1A42     		tst	r2, r3
 2666 009a 29D0     		beq	.L257
 2667 009c 2000     		movs	r0, r4
 2668 009e FFF7FEFF 		bl	HAL_TIM_IC_CaptureCallback
 2669              	.L258:
 2670 00a2 0023     		movs	r3, #0
 2671 00a4 2377     		strb	r3, [r4, #28]
 2672              	.L256:
 2673 00a6 EB07     		lsls	r3, r5, #31
 2674 00a8 01D5     		bpl	.L259
 2675 00aa F307     		lsls	r3, r6, #31
 2676 00ac 27D4     		bmi	.L279
 2677              	.L259:
 2678 00ae 2B06     		lsls	r3, r5, #24
ARM GAS  C:\Users\fastr\AppData\Local\Temp\ccUGQp9j.s 			page 46


 2679 00b0 01D5     		bpl	.L260
 2680 00b2 3306     		lsls	r3, r6, #24
 2681 00b4 2BD4     		bmi	.L280
 2682              	.L260:
 2683 00b6 6B06     		lsls	r3, r5, #25
 2684 00b8 01D5     		bpl	.L261
 2685 00ba 7306     		lsls	r3, r6, #25
 2686 00bc 2FD4     		bmi	.L281
 2687              	.L261:
 2688 00be AD06     		lsls	r5, r5, #26
 2689 00c0 01D5     		bpl	.L246
 2690 00c2 B606     		lsls	r6, r6, #26
 2691 00c4 33D4     		bmi	.L282
 2692              	.L246:
 2693              		@ sp needed
 2694 00c6 70BD     		pop	{r4, r5, r6, pc}
 2695              	.L248:
 2696 00c8 FFF7FEFF 		bl	HAL_TIM_OC_DelayElapsedCallback
 2697 00cc 2000     		movs	r0, r4
 2698 00ce FFF7FEFF 		bl	HAL_TIM_PWM_PulseFinishedCallback
 2699 00d2 A9E7     		b	.L249
 2700              	.L251:
 2701 00d4 2000     		movs	r0, r4
 2702 00d6 FFF7FEFF 		bl	HAL_TIM_OC_DelayElapsedCallback
 2703 00da 2000     		movs	r0, r4
 2704 00dc FFF7FEFF 		bl	HAL_TIM_PWM_PulseFinishedCallback
 2705 00e0 B7E7     		b	.L252
 2706              	.L254:
 2707 00e2 2000     		movs	r0, r4
 2708 00e4 FFF7FEFF 		bl	HAL_TIM_OC_DelayElapsedCallback
 2709 00e8 2000     		movs	r0, r4
 2710 00ea FFF7FEFF 		bl	HAL_TIM_PWM_PulseFinishedCallback
 2711 00ee C3E7     		b	.L255
 2712              	.L257:
 2713 00f0 2000     		movs	r0, r4
 2714 00f2 FFF7FEFF 		bl	HAL_TIM_OC_DelayElapsedCallback
 2715 00f6 2000     		movs	r0, r4
 2716 00f8 FFF7FEFF 		bl	HAL_TIM_PWM_PulseFinishedCallback
 2717 00fc D1E7     		b	.L258
 2718              	.L279:
 2719 00fe 2368     		ldr	r3, [r4]
 2720 0100 0222     		movs	r2, #2
 2721 0102 5242     		rsbs	r2, r2, #0
 2722 0104 1A61     		str	r2, [r3, #16]
 2723 0106 2000     		movs	r0, r4
 2724 0108 FFF7FEFF 		bl	HAL_TIM_PeriodElapsedCallback
 2725 010c CFE7     		b	.L259
 2726              	.L280:
 2727 010e 2368     		ldr	r3, [r4]
 2728 0110 8122     		movs	r2, #129
 2729 0112 5242     		rsbs	r2, r2, #0
 2730 0114 1A61     		str	r2, [r3, #16]
 2731 0116 2000     		movs	r0, r4
 2732 0118 FFF7FEFF 		bl	HAL_TIMEx_BreakCallback
 2733 011c CBE7     		b	.L260
 2734              	.L281:
 2735 011e 2368     		ldr	r3, [r4]
ARM GAS  C:\Users\fastr\AppData\Local\Temp\ccUGQp9j.s 			page 47


 2736 0120 4122     		movs	r2, #65
 2737 0122 5242     		rsbs	r2, r2, #0
 2738 0124 1A61     		str	r2, [r3, #16]
 2739 0126 2000     		movs	r0, r4
 2740 0128 FFF7FEFF 		bl	HAL_TIM_TriggerCallback
 2741 012c C7E7     		b	.L261
 2742              	.L282:
 2743 012e 2368     		ldr	r3, [r4]
 2744 0130 2122     		movs	r2, #33
 2745 0132 5242     		rsbs	r2, r2, #0
 2746 0134 1A61     		str	r2, [r3, #16]
 2747 0136 2000     		movs	r0, r4
 2748 0138 FFF7FEFF 		bl	HAL_TIMEx_CommutCallback
 2749 013c C3E7     		b	.L246
 2751              		.section	.text.TIM_DMATriggerCplt,"ax",%progbits
 2752              		.align	1
 2753              		.syntax unified
 2754              		.code	16
 2755              		.thumb_func
 2757              	TIM_DMATriggerCplt:
 2758              		@ args = 0, pretend = 0, frame = 0
 2759              		@ frame_needed = 0, uses_anonymous_args = 0
 2760 0000 10B5     		push	{r4, lr}
 2761 0002 406A     		ldr	r0, [r0, #36]
 2762 0004 836B     		ldr	r3, [r0, #56]
 2763 0006 9B69     		ldr	r3, [r3, #24]
 2764 0008 002B     		cmp	r3, #0
 2765 000a 02D1     		bne	.L284
 2766 000c 3D33     		adds	r3, r3, #61
 2767 000e 0122     		movs	r2, #1
 2768 0010 C254     		strb	r2, [r0, r3]
 2769              	.L284:
 2770 0012 FFF7FEFF 		bl	HAL_TIM_TriggerCallback
 2771              		@ sp needed
 2772 0016 10BD     		pop	{r4, pc}
 2774              		.section	.text.HAL_TIM_TriggerHalfCpltCallback,"ax",%progbits
 2775              		.align	1
 2776              		.weak	HAL_TIM_TriggerHalfCpltCallback
 2777              		.syntax unified
 2778              		.code	16
 2779              		.thumb_func
 2781              	HAL_TIM_TriggerHalfCpltCallback:
 2782              		@ args = 0, pretend = 0, frame = 0
 2783              		@ frame_needed = 0, uses_anonymous_args = 0
 2784              		@ link register save eliminated.
 2785              		@ sp needed
 2786 0000 7047     		bx	lr
 2788              		.section	.text.TIM_DMATriggerHalfCplt,"ax",%progbits
 2789              		.align	1
 2790              		.syntax unified
 2791              		.code	16
 2792              		.thumb_func
 2794              	TIM_DMATriggerHalfCplt:
 2795              		@ args = 0, pretend = 0, frame = 0
 2796              		@ frame_needed = 0, uses_anonymous_args = 0
 2797 0000 10B5     		push	{r4, lr}
 2798 0002 406A     		ldr	r0, [r0, #36]
ARM GAS  C:\Users\fastr\AppData\Local\Temp\ccUGQp9j.s 			page 48


 2799 0004 FFF7FEFF 		bl	HAL_TIM_TriggerHalfCpltCallback
 2800              		@ sp needed
 2801 0008 10BD     		pop	{r4, pc}
 2803              		.section	.text.HAL_TIM_ErrorCallback,"ax",%progbits
 2804              		.align	1
 2805              		.weak	HAL_TIM_ErrorCallback
 2806              		.syntax unified
 2807              		.code	16
 2808              		.thumb_func
 2810              	HAL_TIM_ErrorCallback:
 2811              		@ args = 0, pretend = 0, frame = 0
 2812              		@ frame_needed = 0, uses_anonymous_args = 0
 2813              		@ link register save eliminated.
 2814              		@ sp needed
 2815 0000 7047     		bx	lr
 2817              		.section	.text.TIM_DMAError,"ax",%progbits
 2818              		.align	1
 2819              		.global	TIM_DMAError
 2820              		.syntax unified
 2821              		.code	16
 2822              		.thumb_func
 2824              	TIM_DMAError:
 2825              		@ args = 0, pretend = 0, frame = 0
 2826              		@ frame_needed = 0, uses_anonymous_args = 0
 2827 0000 10B5     		push	{r4, lr}
 2828 0002 446A     		ldr	r4, [r0, #36]
 2829 0004 636A     		ldr	r3, [r4, #36]
 2830 0006 8342     		cmp	r3, r0
 2831 0008 0CD0     		beq	.L294
 2832 000a A36A     		ldr	r3, [r4, #40]
 2833 000c 8342     		cmp	r3, r0
 2834 000e 13D0     		beq	.L295
 2835 0010 E36A     		ldr	r3, [r4, #44]
 2836 0012 8342     		cmp	r3, r0
 2837 0014 16D0     		beq	.L296
 2838 0016 236B     		ldr	r3, [r4, #48]
 2839 0018 8342     		cmp	r3, r0
 2840 001a 19D0     		beq	.L297
 2841 001c 3D23     		movs	r3, #61
 2842 001e 0122     		movs	r2, #1
 2843 0020 E254     		strb	r2, [r4, r3]
 2844 0022 03E0     		b	.L290
 2845              	.L294:
 2846 0024 0123     		movs	r3, #1
 2847 0026 2377     		strb	r3, [r4, #28]
 2848 0028 3E22     		movs	r2, #62
 2849 002a A354     		strb	r3, [r4, r2]
 2850              	.L290:
 2851 002c 2000     		movs	r0, r4
 2852 002e FFF7FEFF 		bl	HAL_TIM_ErrorCallback
 2853 0032 0023     		movs	r3, #0
 2854 0034 2377     		strb	r3, [r4, #28]
 2855              		@ sp needed
 2856 0036 10BD     		pop	{r4, pc}
 2857              	.L295:
 2858 0038 0223     		movs	r3, #2
 2859 003a 2377     		strb	r3, [r4, #28]
ARM GAS  C:\Users\fastr\AppData\Local\Temp\ccUGQp9j.s 			page 49


 2860 003c 3D33     		adds	r3, r3, #61
 2861 003e 0122     		movs	r2, #1
 2862 0040 E254     		strb	r2, [r4, r3]
 2863 0042 F3E7     		b	.L290
 2864              	.L296:
 2865 0044 0423     		movs	r3, #4
 2866 0046 2377     		strb	r3, [r4, #28]
 2867 0048 3C33     		adds	r3, r3, #60
 2868 004a 0122     		movs	r2, #1
 2869 004c E254     		strb	r2, [r4, r3]
 2870 004e EDE7     		b	.L290
 2871              	.L297:
 2872 0050 0823     		movs	r3, #8
 2873 0052 2377     		strb	r3, [r4, #28]
 2874 0054 3933     		adds	r3, r3, #57
 2875 0056 0122     		movs	r2, #1
 2876 0058 E254     		strb	r2, [r4, r3]
 2877 005a E7E7     		b	.L290
 2879              		.section	.text.HAL_TIM_Base_GetState,"ax",%progbits
 2880              		.align	1
 2881              		.global	HAL_TIM_Base_GetState
 2882              		.syntax unified
 2883              		.code	16
 2884              		.thumb_func
 2886              	HAL_TIM_Base_GetState:
 2887              		@ args = 0, pretend = 0, frame = 0
 2888              		@ frame_needed = 0, uses_anonymous_args = 0
 2889              		@ link register save eliminated.
 2890 0000 3D23     		movs	r3, #61
 2891 0002 C05C     		ldrb	r0, [r0, r3]
 2892 0004 C0B2     		uxtb	r0, r0
 2893              		@ sp needed
 2894 0006 7047     		bx	lr
 2896              		.section	.text.HAL_TIM_OC_GetState,"ax",%progbits
 2897              		.align	1
 2898              		.global	HAL_TIM_OC_GetState
 2899              		.syntax unified
 2900              		.code	16
 2901              		.thumb_func
 2903              	HAL_TIM_OC_GetState:
 2904              		@ args = 0, pretend = 0, frame = 0
 2905              		@ frame_needed = 0, uses_anonymous_args = 0
 2906              		@ link register save eliminated.
 2907 0000 3D23     		movs	r3, #61
 2908 0002 C05C     		ldrb	r0, [r0, r3]
 2909 0004 C0B2     		uxtb	r0, r0
 2910              		@ sp needed
 2911 0006 7047     		bx	lr
 2913              		.section	.text.HAL_TIM_PWM_GetState,"ax",%progbits
 2914              		.align	1
 2915              		.global	HAL_TIM_PWM_GetState
 2916              		.syntax unified
 2917              		.code	16
 2918              		.thumb_func
 2920              	HAL_TIM_PWM_GetState:
 2921              		@ args = 0, pretend = 0, frame = 0
 2922              		@ frame_needed = 0, uses_anonymous_args = 0
ARM GAS  C:\Users\fastr\AppData\Local\Temp\ccUGQp9j.s 			page 50


 2923              		@ link register save eliminated.
 2924 0000 3D23     		movs	r3, #61
 2925 0002 C05C     		ldrb	r0, [r0, r3]
 2926 0004 C0B2     		uxtb	r0, r0
 2927              		@ sp needed
 2928 0006 7047     		bx	lr
 2930              		.section	.text.HAL_TIM_IC_GetState,"ax",%progbits
 2931              		.align	1
 2932              		.global	HAL_TIM_IC_GetState
 2933              		.syntax unified
 2934              		.code	16
 2935              		.thumb_func
 2937              	HAL_TIM_IC_GetState:
 2938              		@ args = 0, pretend = 0, frame = 0
 2939              		@ frame_needed = 0, uses_anonymous_args = 0
 2940              		@ link register save eliminated.
 2941 0000 3D23     		movs	r3, #61
 2942 0002 C05C     		ldrb	r0, [r0, r3]
 2943 0004 C0B2     		uxtb	r0, r0
 2944              		@ sp needed
 2945 0006 7047     		bx	lr
 2947              		.section	.text.HAL_TIM_OnePulse_GetState,"ax",%progbits
 2948              		.align	1
 2949              		.global	HAL_TIM_OnePulse_GetState
 2950              		.syntax unified
 2951              		.code	16
 2952              		.thumb_func
 2954              	HAL_TIM_OnePulse_GetState:
 2955              		@ args = 0, pretend = 0, frame = 0
 2956              		@ frame_needed = 0, uses_anonymous_args = 0
 2957              		@ link register save eliminated.
 2958 0000 3D23     		movs	r3, #61
 2959 0002 C05C     		ldrb	r0, [r0, r3]
 2960 0004 C0B2     		uxtb	r0, r0
 2961              		@ sp needed
 2962 0006 7047     		bx	lr
 2964              		.section	.text.HAL_TIM_Encoder_GetState,"ax",%progbits
 2965              		.align	1
 2966              		.global	HAL_TIM_Encoder_GetState
 2967              		.syntax unified
 2968              		.code	16
 2969              		.thumb_func
 2971              	HAL_TIM_Encoder_GetState:
 2972              		@ args = 0, pretend = 0, frame = 0
 2973              		@ frame_needed = 0, uses_anonymous_args = 0
 2974              		@ link register save eliminated.
 2975 0000 3D23     		movs	r3, #61
 2976 0002 C05C     		ldrb	r0, [r0, r3]
 2977 0004 C0B2     		uxtb	r0, r0
 2978              		@ sp needed
 2979 0006 7047     		bx	lr
 2981              		.section	.text.HAL_TIM_GetActiveChannel,"ax",%progbits
 2982              		.align	1
 2983              		.global	HAL_TIM_GetActiveChannel
 2984              		.syntax unified
 2985              		.code	16
 2986              		.thumb_func
ARM GAS  C:\Users\fastr\AppData\Local\Temp\ccUGQp9j.s 			page 51


 2988              	HAL_TIM_GetActiveChannel:
 2989              		@ args = 0, pretend = 0, frame = 0
 2990              		@ frame_needed = 0, uses_anonymous_args = 0
 2991              		@ link register save eliminated.
 2992 0000 007F     		ldrb	r0, [r0, #28]
 2993              		@ sp needed
 2994 0002 7047     		bx	lr
 2996              		.section	.text.HAL_TIM_GetChannelState,"ax",%progbits
 2997              		.align	1
 2998              		.global	HAL_TIM_GetChannelState
 2999              		.syntax unified
 3000              		.code	16
 3001              		.thumb_func
 3003              	HAL_TIM_GetChannelState:
 3004              		@ args = 0, pretend = 0, frame = 0
 3005              		@ frame_needed = 0, uses_anonymous_args = 0
 3006              		@ link register save eliminated.
 3007 0000 0029     		cmp	r1, #0
 3008 0002 03D1     		bne	.L306
 3009 0004 3E23     		movs	r3, #62
 3010 0006 C05C     		ldrb	r0, [r0, r3]
 3011 0008 C0B2     		uxtb	r0, r0
 3012              	.L307:
 3013              		@ sp needed
 3014 000a 7047     		bx	lr
 3015              	.L306:
 3016 000c 0429     		cmp	r1, #4
 3017 000e 05D0     		beq	.L310
 3018 0010 0829     		cmp	r1, #8
 3019 0012 07D0     		beq	.L311
 3020 0014 4123     		movs	r3, #65
 3021 0016 C05C     		ldrb	r0, [r0, r3]
 3022 0018 C0B2     		uxtb	r0, r0
 3023 001a F6E7     		b	.L307
 3024              	.L310:
 3025 001c 3F23     		movs	r3, #63
 3026 001e C05C     		ldrb	r0, [r0, r3]
 3027 0020 C0B2     		uxtb	r0, r0
 3028 0022 F2E7     		b	.L307
 3029              	.L311:
 3030 0024 4023     		movs	r3, #64
 3031 0026 C05C     		ldrb	r0, [r0, r3]
 3032 0028 C0B2     		uxtb	r0, r0
 3033 002a EEE7     		b	.L307
 3035              		.section	.text.HAL_TIM_DMABurstState,"ax",%progbits
 3036              		.align	1
 3037              		.global	HAL_TIM_DMABurstState
 3038              		.syntax unified
 3039              		.code	16
 3040              		.thumb_func
 3042              	HAL_TIM_DMABurstState:
 3043              		@ args = 0, pretend = 0, frame = 0
 3044              		@ frame_needed = 0, uses_anonymous_args = 0
 3045              		@ link register save eliminated.
 3046 0000 4623     		movs	r3, #70
 3047 0002 C05C     		ldrb	r0, [r0, r3]
 3048 0004 C0B2     		uxtb	r0, r0
ARM GAS  C:\Users\fastr\AppData\Local\Temp\ccUGQp9j.s 			page 52


 3049              		@ sp needed
 3050 0006 7047     		bx	lr
 3052              		.section	.text.TIM_Base_SetConfig,"ax",%progbits
 3053              		.align	1
 3054              		.global	TIM_Base_SetConfig
 3055              		.syntax unified
 3056              		.code	16
 3057              		.thumb_func
 3059              	TIM_Base_SetConfig:
 3060              		@ args = 0, pretend = 0, frame = 0
 3061              		@ frame_needed = 0, uses_anonymous_args = 0
 3062              		@ link register save eliminated.
 3063 0000 0368     		ldr	r3, [r0]
 3064 0002 244A     		ldr	r2, .L321
 3065 0004 9042     		cmp	r0, r2
 3066 0006 06D0     		beq	.L314
 3067 0008 8022     		movs	r2, #128
 3068 000a D205     		lsls	r2, r2, #23
 3069 000c 9042     		cmp	r0, r2
 3070 000e 02D0     		beq	.L314
 3071 0010 214A     		ldr	r2, .L321+4
 3072 0012 9042     		cmp	r0, r2
 3073 0014 03D1     		bne	.L315
 3074              	.L314:
 3075 0016 7022     		movs	r2, #112
 3076 0018 9343     		bics	r3, r2
 3077 001a 4A68     		ldr	r2, [r1, #4]
 3078 001c 1343     		orrs	r3, r2
 3079              	.L315:
 3080 001e 1D4A     		ldr	r2, .L321
 3081 0020 9042     		cmp	r0, r2
 3082 0022 12D0     		beq	.L316
 3083 0024 8022     		movs	r2, #128
 3084 0026 D205     		lsls	r2, r2, #23
 3085 0028 9042     		cmp	r0, r2
 3086 002a 0ED0     		beq	.L316
 3087 002c 1A4A     		ldr	r2, .L321+4
 3088 002e 9042     		cmp	r0, r2
 3089 0030 0BD0     		beq	.L316
 3090 0032 1A4A     		ldr	r2, .L321+8
 3091 0034 9042     		cmp	r0, r2
 3092 0036 08D0     		beq	.L316
 3093 0038 194A     		ldr	r2, .L321+12
 3094 003a 9042     		cmp	r0, r2
 3095 003c 05D0     		beq	.L316
 3096 003e 194A     		ldr	r2, .L321+16
 3097 0040 9042     		cmp	r0, r2
 3098 0042 02D0     		beq	.L316
 3099 0044 184A     		ldr	r2, .L321+20
 3100 0046 9042     		cmp	r0, r2
 3101 0048 03D1     		bne	.L317
 3102              	.L316:
 3103 004a 184A     		ldr	r2, .L321+24
 3104 004c 1A40     		ands	r2, r3
 3105 004e CB68     		ldr	r3, [r1, #12]
 3106 0050 1343     		orrs	r3, r2
 3107              	.L317:
ARM GAS  C:\Users\fastr\AppData\Local\Temp\ccUGQp9j.s 			page 53


 3108 0052 8022     		movs	r2, #128
 3109 0054 9343     		bics	r3, r2
 3110 0056 4A69     		ldr	r2, [r1, #20]
 3111 0058 1343     		orrs	r3, r2
 3112 005a 0360     		str	r3, [r0]
 3113 005c 8B68     		ldr	r3, [r1, #8]
 3114 005e C362     		str	r3, [r0, #44]
 3115 0060 0B68     		ldr	r3, [r1]
 3116 0062 8362     		str	r3, [r0, #40]
 3117 0064 0B4B     		ldr	r3, .L321
 3118 0066 9842     		cmp	r0, r3
 3119 0068 08D0     		beq	.L318
 3120 006a 0D4B     		ldr	r3, .L321+12
 3121 006c 9842     		cmp	r0, r3
 3122 006e 05D0     		beq	.L318
 3123 0070 0C4B     		ldr	r3, .L321+16
 3124 0072 9842     		cmp	r0, r3
 3125 0074 02D0     		beq	.L318
 3126 0076 0C4B     		ldr	r3, .L321+20
 3127 0078 9842     		cmp	r0, r3
 3128 007a 01D1     		bne	.L319
 3129              	.L318:
 3130 007c 0B69     		ldr	r3, [r1, #16]
 3131 007e 0363     		str	r3, [r0, #48]
 3132              	.L319:
 3133 0080 0123     		movs	r3, #1
 3134 0082 4361     		str	r3, [r0, #20]
 3135 0084 0269     		ldr	r2, [r0, #16]
 3136 0086 1342     		tst	r3, r2
 3137 0088 03D0     		beq	.L313
 3138 008a 0369     		ldr	r3, [r0, #16]
 3139 008c 0122     		movs	r2, #1
 3140 008e 9343     		bics	r3, r2
 3141 0090 0361     		str	r3, [r0, #16]
 3142              	.L313:
 3143              		@ sp needed
 3144 0092 7047     		bx	lr
 3145              	.L322:
 3146              		.align	2
 3147              	.L321:
 3148 0094 002C0140 		.word	1073818624
 3149 0098 00040040 		.word	1073742848
 3150 009c 00200040 		.word	1073750016
 3151 00a0 00400140 		.word	1073823744
 3152 00a4 00440140 		.word	1073824768
 3153 00a8 00480140 		.word	1073825792
 3154 00ac FFFCFFFF 		.word	-769
 3156              		.section	.text.HAL_TIM_Base_Init,"ax",%progbits
 3157              		.align	1
 3158              		.global	HAL_TIM_Base_Init
 3159              		.syntax unified
 3160              		.code	16
 3161              		.thumb_func
 3163              	HAL_TIM_Base_Init:
 3164              		@ args = 0, pretend = 0, frame = 0
 3165              		@ frame_needed = 0, uses_anonymous_args = 0
 3166 0000 70B5     		push	{r4, r5, r6, lr}
ARM GAS  C:\Users\fastr\AppData\Local\Temp\ccUGQp9j.s 			page 54


 3167 0002 041E     		subs	r4, r0, #0
 3168 0004 26D0     		beq	.L326
 3169 0006 3D23     		movs	r3, #61
 3170 0008 C35C     		ldrb	r3, [r0, r3]
 3171 000a 002B     		cmp	r3, #0
 3172 000c 1CD0     		beq	.L327
 3173              	.L325:
 3174 000e 3D25     		movs	r5, #61
 3175 0010 0223     		movs	r3, #2
 3176 0012 6355     		strb	r3, [r4, r5]
 3177 0014 2100     		movs	r1, r4
 3178 0016 01C9     		ldmia	r1!, {r0}
 3179 0018 FFF7FEFF 		bl	TIM_Base_SetConfig
 3180 001c 0123     		movs	r3, #1
 3181 001e 4622     		movs	r2, #70
 3182 0020 A354     		strb	r3, [r4, r2]
 3183 0022 083A     		subs	r2, r2, #8
 3184 0024 A354     		strb	r3, [r4, r2]
 3185 0026 0132     		adds	r2, r2, #1
 3186 0028 A354     		strb	r3, [r4, r2]
 3187 002a 0132     		adds	r2, r2, #1
 3188 002c A354     		strb	r3, [r4, r2]
 3189 002e 0132     		adds	r2, r2, #1
 3190 0030 A354     		strb	r3, [r4, r2]
 3191 0032 0132     		adds	r2, r2, #1
 3192 0034 A354     		strb	r3, [r4, r2]
 3193 0036 0132     		adds	r2, r2, #1
 3194 0038 A354     		strb	r3, [r4, r2]
 3195 003a 0132     		adds	r2, r2, #1
 3196 003c A354     		strb	r3, [r4, r2]
 3197 003e 0132     		adds	r2, r2, #1
 3198 0040 A354     		strb	r3, [r4, r2]
 3199 0042 6355     		strb	r3, [r4, r5]
 3200 0044 0020     		movs	r0, #0
 3201              	.L324:
 3202              		@ sp needed
 3203 0046 70BD     		pop	{r4, r5, r6, pc}
 3204              	.L327:
 3205 0048 3C33     		adds	r3, r3, #60
 3206 004a 0022     		movs	r2, #0
 3207 004c C254     		strb	r2, [r0, r3]
 3208 004e FFF7FEFF 		bl	HAL_TIM_Base_MspInit
 3209 0052 DCE7     		b	.L325
 3210              	.L326:
 3211 0054 0120     		movs	r0, #1
 3212 0056 F6E7     		b	.L324
 3214              		.section	.text.HAL_TIM_OC_Init,"ax",%progbits
 3215              		.align	1
 3216              		.global	HAL_TIM_OC_Init
 3217              		.syntax unified
 3218              		.code	16
 3219              		.thumb_func
 3221              	HAL_TIM_OC_Init:
 3222              		@ args = 0, pretend = 0, frame = 0
 3223              		@ frame_needed = 0, uses_anonymous_args = 0
 3224 0000 70B5     		push	{r4, r5, r6, lr}
 3225 0002 041E     		subs	r4, r0, #0
ARM GAS  C:\Users\fastr\AppData\Local\Temp\ccUGQp9j.s 			page 55


 3226 0004 26D0     		beq	.L331
 3227 0006 3D23     		movs	r3, #61
 3228 0008 C35C     		ldrb	r3, [r0, r3]
 3229 000a 002B     		cmp	r3, #0
 3230 000c 1CD0     		beq	.L332
 3231              	.L330:
 3232 000e 3D25     		movs	r5, #61
 3233 0010 0223     		movs	r3, #2
 3234 0012 6355     		strb	r3, [r4, r5]
 3235 0014 2100     		movs	r1, r4
 3236 0016 01C9     		ldmia	r1!, {r0}
 3237 0018 FFF7FEFF 		bl	TIM_Base_SetConfig
 3238 001c 0123     		movs	r3, #1
 3239 001e 4622     		movs	r2, #70
 3240 0020 A354     		strb	r3, [r4, r2]
 3241 0022 083A     		subs	r2, r2, #8
 3242 0024 A354     		strb	r3, [r4, r2]
 3243 0026 0132     		adds	r2, r2, #1
 3244 0028 A354     		strb	r3, [r4, r2]
 3245 002a 0132     		adds	r2, r2, #1
 3246 002c A354     		strb	r3, [r4, r2]
 3247 002e 0132     		adds	r2, r2, #1
 3248 0030 A354     		strb	r3, [r4, r2]
 3249 0032 0132     		adds	r2, r2, #1
 3250 0034 A354     		strb	r3, [r4, r2]
 3251 0036 0132     		adds	r2, r2, #1
 3252 0038 A354     		strb	r3, [r4, r2]
 3253 003a 0132     		adds	r2, r2, #1
 3254 003c A354     		strb	r3, [r4, r2]
 3255 003e 0132     		adds	r2, r2, #1
 3256 0040 A354     		strb	r3, [r4, r2]
 3257 0042 6355     		strb	r3, [r4, r5]
 3258 0044 0020     		movs	r0, #0
 3259              	.L329:
 3260              		@ sp needed
 3261 0046 70BD     		pop	{r4, r5, r6, pc}
 3262              	.L332:
 3263 0048 3C33     		adds	r3, r3, #60
 3264 004a 0022     		movs	r2, #0
 3265 004c C254     		strb	r2, [r0, r3]
 3266 004e FFF7FEFF 		bl	HAL_TIM_OC_MspInit
 3267 0052 DCE7     		b	.L330
 3268              	.L331:
 3269 0054 0120     		movs	r0, #1
 3270 0056 F6E7     		b	.L329
 3272              		.section	.text.HAL_TIM_PWM_Init,"ax",%progbits
 3273              		.align	1
 3274              		.global	HAL_TIM_PWM_Init
 3275              		.syntax unified
 3276              		.code	16
 3277              		.thumb_func
 3279              	HAL_TIM_PWM_Init:
 3280              		@ args = 0, pretend = 0, frame = 0
 3281              		@ frame_needed = 0, uses_anonymous_args = 0
 3282 0000 70B5     		push	{r4, r5, r6, lr}
 3283 0002 041E     		subs	r4, r0, #0
 3284 0004 26D0     		beq	.L336
ARM GAS  C:\Users\fastr\AppData\Local\Temp\ccUGQp9j.s 			page 56


 3285 0006 3D23     		movs	r3, #61
 3286 0008 C35C     		ldrb	r3, [r0, r3]
 3287 000a 002B     		cmp	r3, #0
 3288 000c 1CD0     		beq	.L337
 3289              	.L335:
 3290 000e 3D25     		movs	r5, #61
 3291 0010 0223     		movs	r3, #2
 3292 0012 6355     		strb	r3, [r4, r5]
 3293 0014 2100     		movs	r1, r4
 3294 0016 01C9     		ldmia	r1!, {r0}
 3295 0018 FFF7FEFF 		bl	TIM_Base_SetConfig
 3296 001c 0123     		movs	r3, #1
 3297 001e 4622     		movs	r2, #70
 3298 0020 A354     		strb	r3, [r4, r2]
 3299 0022 083A     		subs	r2, r2, #8
 3300 0024 A354     		strb	r3, [r4, r2]
 3301 0026 0132     		adds	r2, r2, #1
 3302 0028 A354     		strb	r3, [r4, r2]
 3303 002a 0132     		adds	r2, r2, #1
 3304 002c A354     		strb	r3, [r4, r2]
 3305 002e 0132     		adds	r2, r2, #1
 3306 0030 A354     		strb	r3, [r4, r2]
 3307 0032 0132     		adds	r2, r2, #1
 3308 0034 A354     		strb	r3, [r4, r2]
 3309 0036 0132     		adds	r2, r2, #1
 3310 0038 A354     		strb	r3, [r4, r2]
 3311 003a 0132     		adds	r2, r2, #1
 3312 003c A354     		strb	r3, [r4, r2]
 3313 003e 0132     		adds	r2, r2, #1
 3314 0040 A354     		strb	r3, [r4, r2]
 3315 0042 6355     		strb	r3, [r4, r5]
 3316 0044 0020     		movs	r0, #0
 3317              	.L334:
 3318              		@ sp needed
 3319 0046 70BD     		pop	{r4, r5, r6, pc}
 3320              	.L337:
 3321 0048 3C33     		adds	r3, r3, #60
 3322 004a 0022     		movs	r2, #0
 3323 004c C254     		strb	r2, [r0, r3]
 3324 004e FFF7FEFF 		bl	HAL_TIM_PWM_MspInit
 3325 0052 DCE7     		b	.L335
 3326              	.L336:
 3327 0054 0120     		movs	r0, #1
 3328 0056 F6E7     		b	.L334
 3330              		.section	.text.HAL_TIM_IC_Init,"ax",%progbits
 3331              		.align	1
 3332              		.global	HAL_TIM_IC_Init
 3333              		.syntax unified
 3334              		.code	16
 3335              		.thumb_func
 3337              	HAL_TIM_IC_Init:
 3338              		@ args = 0, pretend = 0, frame = 0
 3339              		@ frame_needed = 0, uses_anonymous_args = 0
 3340 0000 70B5     		push	{r4, r5, r6, lr}
 3341 0002 041E     		subs	r4, r0, #0
 3342 0004 26D0     		beq	.L341
 3343 0006 3D23     		movs	r3, #61
ARM GAS  C:\Users\fastr\AppData\Local\Temp\ccUGQp9j.s 			page 57


 3344 0008 C35C     		ldrb	r3, [r0, r3]
 3345 000a 002B     		cmp	r3, #0
 3346 000c 1CD0     		beq	.L342
 3347              	.L340:
 3348 000e 3D25     		movs	r5, #61
 3349 0010 0223     		movs	r3, #2
 3350 0012 6355     		strb	r3, [r4, r5]
 3351 0014 2100     		movs	r1, r4
 3352 0016 01C9     		ldmia	r1!, {r0}
 3353 0018 FFF7FEFF 		bl	TIM_Base_SetConfig
 3354 001c 0123     		movs	r3, #1
 3355 001e 4622     		movs	r2, #70
 3356 0020 A354     		strb	r3, [r4, r2]
 3357 0022 083A     		subs	r2, r2, #8
 3358 0024 A354     		strb	r3, [r4, r2]
 3359 0026 0132     		adds	r2, r2, #1
 3360 0028 A354     		strb	r3, [r4, r2]
 3361 002a 0132     		adds	r2, r2, #1
 3362 002c A354     		strb	r3, [r4, r2]
 3363 002e 0132     		adds	r2, r2, #1
 3364 0030 A354     		strb	r3, [r4, r2]
 3365 0032 0132     		adds	r2, r2, #1
 3366 0034 A354     		strb	r3, [r4, r2]
 3367 0036 0132     		adds	r2, r2, #1
 3368 0038 A354     		strb	r3, [r4, r2]
 3369 003a 0132     		adds	r2, r2, #1
 3370 003c A354     		strb	r3, [r4, r2]
 3371 003e 0132     		adds	r2, r2, #1
 3372 0040 A354     		strb	r3, [r4, r2]
 3373 0042 6355     		strb	r3, [r4, r5]
 3374 0044 0020     		movs	r0, #0
 3375              	.L339:
 3376              		@ sp needed
 3377 0046 70BD     		pop	{r4, r5, r6, pc}
 3378              	.L342:
 3379 0048 3C33     		adds	r3, r3, #60
 3380 004a 0022     		movs	r2, #0
 3381 004c C254     		strb	r2, [r0, r3]
 3382 004e FFF7FEFF 		bl	HAL_TIM_IC_MspInit
 3383 0052 DCE7     		b	.L340
 3384              	.L341:
 3385 0054 0120     		movs	r0, #1
 3386 0056 F6E7     		b	.L339
 3388              		.section	.text.HAL_TIM_OnePulse_Init,"ax",%progbits
 3389              		.align	1
 3390              		.global	HAL_TIM_OnePulse_Init
 3391              		.syntax unified
 3392              		.code	16
 3393              		.thumb_func
 3395              	HAL_TIM_OnePulse_Init:
 3396              		@ args = 0, pretend = 0, frame = 0
 3397              		@ frame_needed = 0, uses_anonymous_args = 0
 3398 0000 70B5     		push	{r4, r5, r6, lr}
 3399 0002 0400     		movs	r4, r0
 3400 0004 0E00     		movs	r6, r1
 3401 0006 0028     		cmp	r0, #0
 3402 0008 27D0     		beq	.L346
ARM GAS  C:\Users\fastr\AppData\Local\Temp\ccUGQp9j.s 			page 58


 3403 000a 3D23     		movs	r3, #61
 3404 000c C35C     		ldrb	r3, [r0, r3]
 3405 000e 002B     		cmp	r3, #0
 3406 0010 1DD0     		beq	.L347
 3407              	.L345:
 3408 0012 3D25     		movs	r5, #61
 3409 0014 0223     		movs	r3, #2
 3410 0016 6355     		strb	r3, [r4, r5]
 3411 0018 2100     		movs	r1, r4
 3412 001a 01C9     		ldmia	r1!, {r0}
 3413 001c FFF7FEFF 		bl	TIM_Base_SetConfig
 3414 0020 2268     		ldr	r2, [r4]
 3415 0022 1368     		ldr	r3, [r2]
 3416 0024 0821     		movs	r1, #8
 3417 0026 8B43     		bics	r3, r1
 3418 0028 1360     		str	r3, [r2]
 3419 002a 2268     		ldr	r2, [r4]
 3420 002c 1368     		ldr	r3, [r2]
 3421 002e 3343     		orrs	r3, r6
 3422 0030 1360     		str	r3, [r2]
 3423 0032 0123     		movs	r3, #1
 3424 0034 4622     		movs	r2, #70
 3425 0036 A354     		strb	r3, [r4, r2]
 3426 0038 083A     		subs	r2, r2, #8
 3427 003a A354     		strb	r3, [r4, r2]
 3428 003c 0132     		adds	r2, r2, #1
 3429 003e A354     		strb	r3, [r4, r2]
 3430 0040 0332     		adds	r2, r2, #3
 3431 0042 A354     		strb	r3, [r4, r2]
 3432 0044 0132     		adds	r2, r2, #1
 3433 0046 A354     		strb	r3, [r4, r2]
 3434 0048 6355     		strb	r3, [r4, r5]
 3435 004a 0020     		movs	r0, #0
 3436              	.L344:
 3437              		@ sp needed
 3438 004c 70BD     		pop	{r4, r5, r6, pc}
 3439              	.L347:
 3440 004e 3C33     		adds	r3, r3, #60
 3441 0050 0022     		movs	r2, #0
 3442 0052 C254     		strb	r2, [r0, r3]
 3443 0054 FFF7FEFF 		bl	HAL_TIM_OnePulse_MspInit
 3444 0058 DBE7     		b	.L345
 3445              	.L346:
 3446 005a 0120     		movs	r0, #1
 3447 005c F6E7     		b	.L344
 3449              		.section	.text.HAL_TIM_Encoder_Init,"ax",%progbits
 3450              		.align	1
 3451              		.global	HAL_TIM_Encoder_Init
 3452              		.syntax unified
 3453              		.code	16
 3454              		.thumb_func
 3456              	HAL_TIM_Encoder_Init:
 3457              		@ args = 0, pretend = 0, frame = 0
 3458              		@ frame_needed = 0, uses_anonymous_args = 0
 3459 0000 F8B5     		push	{r3, r4, r5, r6, r7, lr}
 3460 0002 0400     		movs	r4, r0
 3461 0004 0D00     		movs	r5, r1
ARM GAS  C:\Users\fastr\AppData\Local\Temp\ccUGQp9j.s 			page 59


 3462 0006 0028     		cmp	r0, #0
 3463 0008 4BD0     		beq	.L351
 3464 000a 3D23     		movs	r3, #61
 3465 000c C35C     		ldrb	r3, [r0, r3]
 3466 000e 002B     		cmp	r3, #0
 3467 0010 41D0     		beq	.L352
 3468              	.L350:
 3469 0012 3D26     		movs	r6, #61
 3470 0014 0223     		movs	r3, #2
 3471 0016 A355     		strb	r3, [r4, r6]
 3472 0018 2268     		ldr	r2, [r4]
 3473 001a 9368     		ldr	r3, [r2, #8]
 3474 001c 2249     		ldr	r1, .L353
 3475 001e 0B40     		ands	r3, r1
 3476 0020 9360     		str	r3, [r2, #8]
 3477 0022 2100     		movs	r1, r4
 3478 0024 01C9     		ldmia	r1!, {r0}
 3479 0026 FFF7FEFF 		bl	TIM_Base_SetConfig
 3480 002a 2168     		ldr	r1, [r4]
 3481 002c 8B68     		ldr	r3, [r1, #8]
 3482 002e 8A69     		ldr	r2, [r1, #24]
 3483 0030 086A     		ldr	r0, [r1, #32]
 3484 0032 8446     		mov	ip, r0
 3485 0034 2868     		ldr	r0, [r5]
 3486 0036 1843     		orrs	r0, r3
 3487 0038 1C4B     		ldr	r3, .L353+4
 3488 003a 1A40     		ands	r2, r3
 3489 003c AB68     		ldr	r3, [r5, #8]
 3490 003e AF69     		ldr	r7, [r5, #24]
 3491 0040 3F02     		lsls	r7, r7, #8
 3492 0042 3B43     		orrs	r3, r7
 3493 0044 1343     		orrs	r3, r2
 3494 0046 1A4A     		ldr	r2, .L353+8
 3495 0048 1340     		ands	r3, r2
 3496 004a EA68     		ldr	r2, [r5, #12]
 3497 004c EF69     		ldr	r7, [r5, #28]
 3498 004e 3F02     		lsls	r7, r7, #8
 3499 0050 3A43     		orrs	r2, r7
 3500 0052 1A43     		orrs	r2, r3
 3501 0054 2B69     		ldr	r3, [r5, #16]
 3502 0056 1B01     		lsls	r3, r3, #4
 3503 0058 2F6A     		ldr	r7, [r5, #32]
 3504 005a 3F03     		lsls	r7, r7, #12
 3505 005c 3B43     		orrs	r3, r7
 3506 005e 1343     		orrs	r3, r2
 3507 0060 AA22     		movs	r2, #170
 3508 0062 6746     		mov	r7, ip
 3509 0064 9743     		bics	r7, r2
 3510 0066 6A68     		ldr	r2, [r5, #4]
 3511 0068 6D69     		ldr	r5, [r5, #20]
 3512 006a 2D01     		lsls	r5, r5, #4
 3513 006c 2A43     		orrs	r2, r5
 3514 006e 3A43     		orrs	r2, r7
 3515 0070 8860     		str	r0, [r1, #8]
 3516 0072 2168     		ldr	r1, [r4]
 3517 0074 8B61     		str	r3, [r1, #24]
 3518 0076 2368     		ldr	r3, [r4]
ARM GAS  C:\Users\fastr\AppData\Local\Temp\ccUGQp9j.s 			page 60


 3519 0078 1A62     		str	r2, [r3, #32]
 3520 007a 0123     		movs	r3, #1
 3521 007c 4622     		movs	r2, #70
 3522 007e A354     		strb	r3, [r4, r2]
 3523 0080 083A     		subs	r2, r2, #8
 3524 0082 A354     		strb	r3, [r4, r2]
 3525 0084 0132     		adds	r2, r2, #1
 3526 0086 A354     		strb	r3, [r4, r2]
 3527 0088 0332     		adds	r2, r2, #3
 3528 008a A354     		strb	r3, [r4, r2]
 3529 008c 0132     		adds	r2, r2, #1
 3530 008e A354     		strb	r3, [r4, r2]
 3531 0090 A355     		strb	r3, [r4, r6]
 3532 0092 0020     		movs	r0, #0
 3533              	.L349:
 3534              		@ sp needed
 3535 0094 F8BD     		pop	{r3, r4, r5, r6, r7, pc}
 3536              	.L352:
 3537 0096 3C33     		adds	r3, r3, #60
 3538 0098 0022     		movs	r2, #0
 3539 009a C254     		strb	r2, [r0, r3]
 3540 009c FFF7FEFF 		bl	HAL_TIM_Encoder_MspInit
 3541 00a0 B7E7     		b	.L350
 3542              	.L351:
 3543 00a2 0120     		movs	r0, #1
 3544 00a4 F6E7     		b	.L349
 3545              	.L354:
 3546 00a6 C046     		.align	2
 3547              	.L353:
 3548 00a8 F8BFFFFF 		.word	-16392
 3549 00ac FCFCFFFF 		.word	-772
 3550 00b0 0303FFFF 		.word	-64765
 3552              		.section	.text.TIM_OC2_SetConfig,"ax",%progbits
 3553              		.align	1
 3554              		.global	TIM_OC2_SetConfig
 3555              		.syntax unified
 3556              		.code	16
 3557              		.thumb_func
 3559              	TIM_OC2_SetConfig:
 3560              		@ args = 0, pretend = 0, frame = 0
 3561              		@ frame_needed = 0, uses_anonymous_args = 0
 3562 0000 30B5     		push	{r4, r5, lr}
 3563 0002 026A     		ldr	r2, [r0, #32]
 3564 0004 036A     		ldr	r3, [r0, #32]
 3565 0006 1024     		movs	r4, #16
 3566 0008 A343     		bics	r3, r4
 3567 000a 0362     		str	r3, [r0, #32]
 3568 000c 4368     		ldr	r3, [r0, #4]
 3569 000e 9C46     		mov	ip, r3
 3570 0010 8369     		ldr	r3, [r0, #24]
 3571 0012 194C     		ldr	r4, .L360
 3572 0014 2340     		ands	r3, r4
 3573 0016 0C68     		ldr	r4, [r1]
 3574 0018 2402     		lsls	r4, r4, #8
 3575 001a 1C43     		orrs	r4, r3
 3576 001c 2023     		movs	r3, #32
 3577 001e 9A43     		bics	r2, r3
ARM GAS  C:\Users\fastr\AppData\Local\Temp\ccUGQp9j.s 			page 61


 3578 0020 8B68     		ldr	r3, [r1, #8]
 3579 0022 1B01     		lsls	r3, r3, #4
 3580 0024 1343     		orrs	r3, r2
 3581 0026 154A     		ldr	r2, .L360+4
 3582 0028 9042     		cmp	r0, r2
 3583 002a 1CD0     		beq	.L359
 3584              	.L356:
 3585 002c 134A     		ldr	r2, .L360+4
 3586 002e 9042     		cmp	r0, r2
 3587 0030 08D0     		beq	.L357
 3588 0032 134A     		ldr	r2, .L360+8
 3589 0034 9042     		cmp	r0, r2
 3590 0036 05D0     		beq	.L357
 3591 0038 124A     		ldr	r2, .L360+12
 3592 003a 9042     		cmp	r0, r2
 3593 003c 02D0     		beq	.L357
 3594 003e 124A     		ldr	r2, .L360+16
 3595 0040 9042     		cmp	r0, r2
 3596 0042 09D1     		bne	.L358
 3597              	.L357:
 3598 0044 114A     		ldr	r2, .L360+20
 3599 0046 6546     		mov	r5, ip
 3600 0048 1540     		ands	r5, r2
 3601 004a 4A69     		ldr	r2, [r1, #20]
 3602 004c 9200     		lsls	r2, r2, #2
 3603 004e 2A43     		orrs	r2, r5
 3604 0050 8D69     		ldr	r5, [r1, #24]
 3605 0052 AD00     		lsls	r5, r5, #2
 3606 0054 1543     		orrs	r5, r2
 3607 0056 AC46     		mov	ip, r5
 3608              	.L358:
 3609 0058 6246     		mov	r2, ip
 3610 005a 4260     		str	r2, [r0, #4]
 3611 005c 8461     		str	r4, [r0, #24]
 3612 005e 4A68     		ldr	r2, [r1, #4]
 3613 0060 8263     		str	r2, [r0, #56]
 3614 0062 0362     		str	r3, [r0, #32]
 3615              		@ sp needed
 3616 0064 30BD     		pop	{r4, r5, pc}
 3617              	.L359:
 3618 0066 8022     		movs	r2, #128
 3619 0068 9343     		bics	r3, r2
 3620 006a CA68     		ldr	r2, [r1, #12]
 3621 006c 1201     		lsls	r2, r2, #4
 3622 006e 1343     		orrs	r3, r2
 3623 0070 4022     		movs	r2, #64
 3624 0072 9343     		bics	r3, r2
 3625 0074 DAE7     		b	.L356
 3626              	.L361:
 3627 0076 C046     		.align	2
 3628              	.L360:
 3629 0078 FF8CFFFF 		.word	-29441
 3630 007c 002C0140 		.word	1073818624
 3631 0080 00400140 		.word	1073823744
 3632 0084 00440140 		.word	1073824768
 3633 0088 00480140 		.word	1073825792
 3634 008c FFF3FFFF 		.word	-3073
ARM GAS  C:\Users\fastr\AppData\Local\Temp\ccUGQp9j.s 			page 62


 3636              		.section	.text.HAL_TIM_OC_ConfigChannel,"ax",%progbits
 3637              		.align	1
 3638              		.global	HAL_TIM_OC_ConfigChannel
 3639              		.syntax unified
 3640              		.code	16
 3641              		.thumb_func
 3643              	HAL_TIM_OC_ConfigChannel:
 3644              		@ args = 0, pretend = 0, frame = 0
 3645              		@ frame_needed = 0, uses_anonymous_args = 0
 3646 0000 10B5     		push	{r4, lr}
 3647 0002 0400     		movs	r4, r0
 3648 0004 3C23     		movs	r3, #60
 3649 0006 C35C     		ldrb	r3, [r0, r3]
 3650 0008 012B     		cmp	r3, #1
 3651 000a 24D0     		beq	.L370
 3652 000c 3C23     		movs	r3, #60
 3653 000e 0120     		movs	r0, #1
 3654 0010 E054     		strb	r0, [r4, r3]
 3655 0012 082A     		cmp	r2, #8
 3656 0014 1AD0     		beq	.L364
 3657 0016 08D8     		bhi	.L365
 3658 0018 002A     		cmp	r2, #0
 3659 001a 0FD0     		beq	.L366
 3660 001c 042A     		cmp	r2, #4
 3661 001e 11D1     		bne	.L368
 3662 0020 2068     		ldr	r0, [r4]
 3663 0022 FFF7FEFF 		bl	TIM_OC2_SetConfig
 3664 0026 0020     		movs	r0, #0
 3665 0028 0CE0     		b	.L368
 3666              	.L365:
 3667 002a 0C2A     		cmp	r2, #12
 3668 002c 04D1     		bne	.L371
 3669 002e 2068     		ldr	r0, [r4]
 3670 0030 FFF7FEFF 		bl	TIM_OC4_SetConfig
 3671 0034 0020     		movs	r0, #0
 3672 0036 05E0     		b	.L368
 3673              	.L371:
 3674 0038 0120     		movs	r0, #1
 3675 003a 03E0     		b	.L368
 3676              	.L366:
 3677 003c 2068     		ldr	r0, [r4]
 3678 003e FFF7FEFF 		bl	TIM_OC1_SetConfig
 3679 0042 0020     		movs	r0, #0
 3680              	.L368:
 3681 0044 3C23     		movs	r3, #60
 3682 0046 0022     		movs	r2, #0
 3683 0048 E254     		strb	r2, [r4, r3]
 3684              	.L363:
 3685              		@ sp needed
 3686 004a 10BD     		pop	{r4, pc}
 3687              	.L364:
 3688 004c 2068     		ldr	r0, [r4]
 3689 004e FFF7FEFF 		bl	TIM_OC3_SetConfig
 3690 0052 0020     		movs	r0, #0
 3691 0054 F6E7     		b	.L368
 3692              	.L370:
 3693 0056 0220     		movs	r0, #2
ARM GAS  C:\Users\fastr\AppData\Local\Temp\ccUGQp9j.s 			page 63


 3694 0058 F7E7     		b	.L363
 3696              		.section	.text.HAL_TIM_PWM_ConfigChannel,"ax",%progbits
 3697              		.align	1
 3698              		.global	HAL_TIM_PWM_ConfigChannel
 3699              		.syntax unified
 3700              		.code	16
 3701              		.thumb_func
 3703              	HAL_TIM_PWM_ConfigChannel:
 3704              		@ args = 0, pretend = 0, frame = 0
 3705              		@ frame_needed = 0, uses_anonymous_args = 0
 3706 0000 70B5     		push	{r4, r5, r6, lr}
 3707 0002 0400     		movs	r4, r0
 3708 0004 0D00     		movs	r5, r1
 3709 0006 3C23     		movs	r3, #60
 3710 0008 C35C     		ldrb	r3, [r0, r3]
 3711 000a 012B     		cmp	r3, #1
 3712 000c 00D1     		bne	.LCB3913
 3713 000e 6AE0     		b	.L380	@long jump
 3714              	.LCB3913:
 3715 0010 3C23     		movs	r3, #60
 3716 0012 0121     		movs	r1, #1
 3717 0014 C154     		strb	r1, [r0, r3]
 3718 0016 082A     		cmp	r2, #8
 3719 0018 50D0     		beq	.L374
 3720 001a 1CD8     		bhi	.L375
 3721 001c 002A     		cmp	r2, #0
 3722 001e 35D0     		beq	.L376
 3723 0020 042A     		cmp	r2, #4
 3724 0022 16D1     		bne	.L381
 3725 0024 0068     		ldr	r0, [r0]
 3726 0026 2900     		movs	r1, r5
 3727 0028 FFF7FEFF 		bl	TIM_OC2_SetConfig
 3728 002c 2268     		ldr	r2, [r4]
 3729 002e 9169     		ldr	r1, [r2, #24]
 3730 0030 8023     		movs	r3, #128
 3731 0032 1B01     		lsls	r3, r3, #4
 3732 0034 0B43     		orrs	r3, r1
 3733 0036 9361     		str	r3, [r2, #24]
 3734 0038 2268     		ldr	r2, [r4]
 3735 003a 9369     		ldr	r3, [r2, #24]
 3736 003c 2B49     		ldr	r1, .L383
 3737 003e 0B40     		ands	r3, r1
 3738 0040 9361     		str	r3, [r2, #24]
 3739 0042 2168     		ldr	r1, [r4]
 3740 0044 8B69     		ldr	r3, [r1, #24]
 3741 0046 2A69     		ldr	r2, [r5, #16]
 3742 0048 1202     		lsls	r2, r2, #8
 3743 004a 1343     		orrs	r3, r2
 3744 004c 8B61     		str	r3, [r1, #24]
 3745 004e 0020     		movs	r0, #0
 3746 0050 30E0     		b	.L378
 3747              	.L381:
 3748 0052 0120     		movs	r0, #1
 3749 0054 2EE0     		b	.L378
 3750              	.L375:
 3751 0056 0C2A     		cmp	r2, #12
 3752 0058 16D1     		bne	.L382
ARM GAS  C:\Users\fastr\AppData\Local\Temp\ccUGQp9j.s 			page 64


 3753 005a 0068     		ldr	r0, [r0]
 3754 005c 2900     		movs	r1, r5
 3755 005e FFF7FEFF 		bl	TIM_OC4_SetConfig
 3756 0062 2268     		ldr	r2, [r4]
 3757 0064 D169     		ldr	r1, [r2, #28]
 3758 0066 8023     		movs	r3, #128
 3759 0068 1B01     		lsls	r3, r3, #4
 3760 006a 0B43     		orrs	r3, r1
 3761 006c D361     		str	r3, [r2, #28]
 3762 006e 2268     		ldr	r2, [r4]
 3763 0070 D369     		ldr	r3, [r2, #28]
 3764 0072 1E49     		ldr	r1, .L383
 3765 0074 0B40     		ands	r3, r1
 3766 0076 D361     		str	r3, [r2, #28]
 3767 0078 2168     		ldr	r1, [r4]
 3768 007a CB69     		ldr	r3, [r1, #28]
 3769 007c 2A69     		ldr	r2, [r5, #16]
 3770 007e 1202     		lsls	r2, r2, #8
 3771 0080 1343     		orrs	r3, r2
 3772 0082 CB61     		str	r3, [r1, #28]
 3773 0084 0020     		movs	r0, #0
 3774 0086 15E0     		b	.L378
 3775              	.L382:
 3776 0088 0120     		movs	r0, #1
 3777 008a 13E0     		b	.L378
 3778              	.L376:
 3779 008c 0068     		ldr	r0, [r0]
 3780 008e 2900     		movs	r1, r5
 3781 0090 FFF7FEFF 		bl	TIM_OC1_SetConfig
 3782 0094 2268     		ldr	r2, [r4]
 3783 0096 9369     		ldr	r3, [r2, #24]
 3784 0098 0821     		movs	r1, #8
 3785 009a 0B43     		orrs	r3, r1
 3786 009c 9361     		str	r3, [r2, #24]
 3787 009e 2268     		ldr	r2, [r4]
 3788 00a0 9369     		ldr	r3, [r2, #24]
 3789 00a2 0439     		subs	r1, r1, #4
 3790 00a4 8B43     		bics	r3, r1
 3791 00a6 9361     		str	r3, [r2, #24]
 3792 00a8 2268     		ldr	r2, [r4]
 3793 00aa 9369     		ldr	r3, [r2, #24]
 3794 00ac 2969     		ldr	r1, [r5, #16]
 3795 00ae 0B43     		orrs	r3, r1
 3796 00b0 9361     		str	r3, [r2, #24]
 3797 00b2 0020     		movs	r0, #0
 3798              	.L378:
 3799 00b4 3C23     		movs	r3, #60
 3800 00b6 0022     		movs	r2, #0
 3801 00b8 E254     		strb	r2, [r4, r3]
 3802              	.L373:
 3803              		@ sp needed
 3804 00ba 70BD     		pop	{r4, r5, r6, pc}
 3805              	.L374:
 3806 00bc 0068     		ldr	r0, [r0]
 3807 00be 2900     		movs	r1, r5
 3808 00c0 FFF7FEFF 		bl	TIM_OC3_SetConfig
 3809 00c4 2268     		ldr	r2, [r4]
ARM GAS  C:\Users\fastr\AppData\Local\Temp\ccUGQp9j.s 			page 65


 3810 00c6 D369     		ldr	r3, [r2, #28]
 3811 00c8 0821     		movs	r1, #8
 3812 00ca 0B43     		orrs	r3, r1
 3813 00cc D361     		str	r3, [r2, #28]
 3814 00ce 2268     		ldr	r2, [r4]
 3815 00d0 D369     		ldr	r3, [r2, #28]
 3816 00d2 0439     		subs	r1, r1, #4
 3817 00d4 8B43     		bics	r3, r1
 3818 00d6 D361     		str	r3, [r2, #28]
 3819 00d8 2268     		ldr	r2, [r4]
 3820 00da D369     		ldr	r3, [r2, #28]
 3821 00dc 2969     		ldr	r1, [r5, #16]
 3822 00de 0B43     		orrs	r3, r1
 3823 00e0 D361     		str	r3, [r2, #28]
 3824 00e2 0020     		movs	r0, #0
 3825 00e4 E6E7     		b	.L378
 3826              	.L380:
 3827 00e6 0220     		movs	r0, #2
 3828 00e8 E7E7     		b	.L373
 3829              	.L384:
 3830 00ea C046     		.align	2
 3831              	.L383:
 3832 00ec FFFBFFFF 		.word	-1025
 3834              		.section	.text.TIM_TI1_SetConfig,"ax",%progbits
 3835              		.align	1
 3836              		.global	TIM_TI1_SetConfig
 3837              		.syntax unified
 3838              		.code	16
 3839              		.thumb_func
 3841              	TIM_TI1_SetConfig:
 3842              		@ args = 0, pretend = 0, frame = 0
 3843              		@ frame_needed = 0, uses_anonymous_args = 0
 3844 0000 30B5     		push	{r4, r5, lr}
 3845 0002 8C46     		mov	ip, r1
 3846 0004 1500     		movs	r5, r2
 3847 0006 046A     		ldr	r4, [r0, #32]
 3848 0008 016A     		ldr	r1, [r0, #32]
 3849 000a 0122     		movs	r2, #1
 3850 000c 9143     		bics	r1, r2
 3851 000e 0162     		str	r1, [r0, #32]
 3852 0010 8269     		ldr	r2, [r0, #24]
 3853 0012 1049     		ldr	r1, .L388
 3854 0014 8842     		cmp	r0, r1
 3855 0016 0CD0     		beq	.L386
 3856 0018 8021     		movs	r1, #128
 3857 001a C905     		lsls	r1, r1, #23
 3858 001c 8842     		cmp	r0, r1
 3859 001e 08D0     		beq	.L386
 3860 0020 0D49     		ldr	r1, .L388+4
 3861 0022 8842     		cmp	r0, r1
 3862 0024 05D0     		beq	.L386
 3863 0026 0D49     		ldr	r1, .L388+8
 3864 0028 8842     		cmp	r0, r1
 3865 002a 02D0     		beq	.L386
 3866 002c 0121     		movs	r1, #1
 3867 002e 0A43     		orrs	r2, r1
 3868 0030 02E0     		b	.L387
ARM GAS  C:\Users\fastr\AppData\Local\Temp\ccUGQp9j.s 			page 66


 3869              	.L386:
 3870 0032 0321     		movs	r1, #3
 3871 0034 8A43     		bics	r2, r1
 3872 0036 2A43     		orrs	r2, r5
 3873              	.L387:
 3874 0038 F021     		movs	r1, #240
 3875 003a 8A43     		bics	r2, r1
 3876 003c 1901     		lsls	r1, r3, #4
 3877 003e FF23     		movs	r3, #255
 3878 0040 0B40     		ands	r3, r1
 3879 0042 1343     		orrs	r3, r2
 3880 0044 0A22     		movs	r2, #10
 3881 0046 9443     		bics	r4, r2
 3882 0048 6146     		mov	r1, ip
 3883 004a 0A40     		ands	r2, r1
 3884 004c 2243     		orrs	r2, r4
 3885 004e 8361     		str	r3, [r0, #24]
 3886 0050 0262     		str	r2, [r0, #32]
 3887              		@ sp needed
 3888 0052 30BD     		pop	{r4, r5, pc}
 3889              	.L389:
 3890              		.align	2
 3891              	.L388:
 3892 0054 002C0140 		.word	1073818624
 3893 0058 00040040 		.word	1073742848
 3894 005c 00400140 		.word	1073823744
 3896              		.section	.text.HAL_TIM_IC_ConfigChannel,"ax",%progbits
 3897              		.align	1
 3898              		.global	HAL_TIM_IC_ConfigChannel
 3899              		.syntax unified
 3900              		.code	16
 3901              		.thumb_func
 3903              	HAL_TIM_IC_ConfigChannel:
 3904              		@ args = 0, pretend = 0, frame = 0
 3905              		@ frame_needed = 0, uses_anonymous_args = 0
 3906 0000 70B5     		push	{r4, r5, r6, lr}
 3907 0002 0400     		movs	r4, r0
 3908 0004 0D00     		movs	r5, r1
 3909 0006 3C23     		movs	r3, #60
 3910 0008 C35C     		ldrb	r3, [r0, r3]
 3911 000a 012B     		cmp	r3, #1
 3912 000c 59D0     		beq	.L396
 3913 000e 3C23     		movs	r3, #60
 3914 0010 0121     		movs	r1, #1
 3915 0012 C154     		strb	r1, [r0, r3]
 3916 0014 002A     		cmp	r2, #0
 3917 0016 0AD0     		beq	.L398
 3918 0018 042A     		cmp	r2, #4
 3919 001a 1AD0     		beq	.L399
 3920 001c 082A     		cmp	r2, #8
 3921 001e 2BD0     		beq	.L400
 3922 0020 0C2A     		cmp	r2, #12
 3923 0022 3BD0     		beq	.L401
 3924 0024 0120     		movs	r0, #1
 3925              	.L393:
 3926 0026 3C23     		movs	r3, #60
 3927 0028 0022     		movs	r2, #0
ARM GAS  C:\Users\fastr\AppData\Local\Temp\ccUGQp9j.s 			page 67


 3928 002a E254     		strb	r2, [r4, r3]
 3929              	.L391:
 3930              		@ sp needed
 3931 002c 70BD     		pop	{r4, r5, r6, pc}
 3932              	.L398:
 3933 002e 2968     		ldr	r1, [r5]
 3934 0030 6A68     		ldr	r2, [r5, #4]
 3935 0032 EB68     		ldr	r3, [r5, #12]
 3936 0034 0068     		ldr	r0, [r0]
 3937 0036 FFF7FEFF 		bl	TIM_TI1_SetConfig
 3938 003a 2268     		ldr	r2, [r4]
 3939 003c 9369     		ldr	r3, [r2, #24]
 3940 003e 0C21     		movs	r1, #12
 3941 0040 8B43     		bics	r3, r1
 3942 0042 9361     		str	r3, [r2, #24]
 3943 0044 2268     		ldr	r2, [r4]
 3944 0046 9369     		ldr	r3, [r2, #24]
 3945 0048 A968     		ldr	r1, [r5, #8]
 3946 004a 0B43     		orrs	r3, r1
 3947 004c 9361     		str	r3, [r2, #24]
 3948 004e 0020     		movs	r0, #0
 3949 0050 E9E7     		b	.L393
 3950              	.L399:
 3951 0052 2968     		ldr	r1, [r5]
 3952 0054 6A68     		ldr	r2, [r5, #4]
 3953 0056 EB68     		ldr	r3, [r5, #12]
 3954 0058 0068     		ldr	r0, [r0]
 3955 005a FFF7FEFF 		bl	TIM_TI2_SetConfig
 3956 005e 2268     		ldr	r2, [r4]
 3957 0060 9369     		ldr	r3, [r2, #24]
 3958 0062 1949     		ldr	r1, .L402
 3959 0064 0B40     		ands	r3, r1
 3960 0066 9361     		str	r3, [r2, #24]
 3961 0068 2168     		ldr	r1, [r4]
 3962 006a 8B69     		ldr	r3, [r1, #24]
 3963 006c AA68     		ldr	r2, [r5, #8]
 3964 006e 1202     		lsls	r2, r2, #8
 3965 0070 1343     		orrs	r3, r2
 3966 0072 8B61     		str	r3, [r1, #24]
 3967 0074 0020     		movs	r0, #0
 3968 0076 D6E7     		b	.L393
 3969              	.L400:
 3970 0078 2968     		ldr	r1, [r5]
 3971 007a 6A68     		ldr	r2, [r5, #4]
 3972 007c EB68     		ldr	r3, [r5, #12]
 3973 007e 0068     		ldr	r0, [r0]
 3974 0080 FFF7FEFF 		bl	TIM_TI3_SetConfig
 3975 0084 2268     		ldr	r2, [r4]
 3976 0086 D369     		ldr	r3, [r2, #28]
 3977 0088 0C21     		movs	r1, #12
 3978 008a 8B43     		bics	r3, r1
 3979 008c D361     		str	r3, [r2, #28]
 3980 008e 2268     		ldr	r2, [r4]
 3981 0090 D369     		ldr	r3, [r2, #28]
 3982 0092 A968     		ldr	r1, [r5, #8]
 3983 0094 0B43     		orrs	r3, r1
 3984 0096 D361     		str	r3, [r2, #28]
ARM GAS  C:\Users\fastr\AppData\Local\Temp\ccUGQp9j.s 			page 68


 3985 0098 0020     		movs	r0, #0
 3986 009a C4E7     		b	.L393
 3987              	.L401:
 3988 009c 2968     		ldr	r1, [r5]
 3989 009e 6A68     		ldr	r2, [r5, #4]
 3990 00a0 EB68     		ldr	r3, [r5, #12]
 3991 00a2 0068     		ldr	r0, [r0]
 3992 00a4 FFF7FEFF 		bl	TIM_TI4_SetConfig
 3993 00a8 2268     		ldr	r2, [r4]
 3994 00aa D369     		ldr	r3, [r2, #28]
 3995 00ac 0649     		ldr	r1, .L402
 3996 00ae 0B40     		ands	r3, r1
 3997 00b0 D361     		str	r3, [r2, #28]
 3998 00b2 2168     		ldr	r1, [r4]
 3999 00b4 CB69     		ldr	r3, [r1, #28]
 4000 00b6 AA68     		ldr	r2, [r5, #8]
 4001 00b8 1202     		lsls	r2, r2, #8
 4002 00ba 1343     		orrs	r3, r2
 4003 00bc CB61     		str	r3, [r1, #28]
 4004 00be 0020     		movs	r0, #0
 4005 00c0 B1E7     		b	.L393
 4006              	.L396:
 4007 00c2 0220     		movs	r0, #2
 4008 00c4 B2E7     		b	.L391
 4009              	.L403:
 4010 00c6 C046     		.align	2
 4011              	.L402:
 4012 00c8 FFF3FFFF 		.word	-3073
 4014              		.section	.text.HAL_TIM_OnePulse_ConfigChannel,"ax",%progbits
 4015              		.align	1
 4016              		.global	HAL_TIM_OnePulse_ConfigChannel
 4017              		.syntax unified
 4018              		.code	16
 4019              		.thumb_func
 4021              	HAL_TIM_OnePulse_ConfigChannel:
 4022              		@ args = 0, pretend = 0, frame = 32
 4023              		@ frame_needed = 0, uses_anonymous_args = 0
 4024 0000 70B5     		push	{r4, r5, r6, lr}
 4025 0002 88B0     		sub	sp, sp, #32
 4026 0004 0400     		movs	r4, r0
 4027 0006 0D00     		movs	r5, r1
 4028 0008 1E00     		movs	r6, r3
 4029 000a 9A42     		cmp	r2, r3
 4030 000c 00D1     		bne	.LCB4262
 4031 000e 74E0     		b	.L412	@long jump
 4032              	.LCB4262:
 4033 0010 3C23     		movs	r3, #60
 4034 0012 C35C     		ldrb	r3, [r0, r3]
 4035 0014 012B     		cmp	r3, #1
 4036 0016 00D1     		bne	.LCB4266
 4037 0018 71E0     		b	.L413	@long jump
 4038              	.LCB4266:
 4039 001a 3C23     		movs	r3, #60
 4040 001c 0121     		movs	r1, #1
 4041 001e C154     		strb	r1, [r0, r3]
 4042 0020 0133     		adds	r3, r3, #1
 4043 0022 0131     		adds	r1, r1, #1
ARM GAS  C:\Users\fastr\AppData\Local\Temp\ccUGQp9j.s 			page 69


 4044 0024 C154     		strb	r1, [r0, r3]
 4045 0026 2B68     		ldr	r3, [r5]
 4046 0028 0193     		str	r3, [sp, #4]
 4047 002a 6B68     		ldr	r3, [r5, #4]
 4048 002c 0293     		str	r3, [sp, #8]
 4049 002e AB68     		ldr	r3, [r5, #8]
 4050 0030 0393     		str	r3, [sp, #12]
 4051 0032 EB68     		ldr	r3, [r5, #12]
 4052 0034 0493     		str	r3, [sp, #16]
 4053 0036 2B69     		ldr	r3, [r5, #16]
 4054 0038 0693     		str	r3, [sp, #24]
 4055 003a 6B69     		ldr	r3, [r5, #20]
 4056 003c 0793     		str	r3, [sp, #28]
 4057 003e 002A     		cmp	r2, #0
 4058 0040 0AD0     		beq	.L406
 4059 0042 042A     		cmp	r2, #4
 4060 0044 12D0     		beq	.L407
 4061 0046 0120     		movs	r0, #1
 4062              	.L408:
 4063 0048 3D23     		movs	r3, #61
 4064 004a 0122     		movs	r2, #1
 4065 004c E254     		strb	r2, [r4, r3]
 4066 004e 013B     		subs	r3, r3, #1
 4067 0050 0022     		movs	r2, #0
 4068 0052 E254     		strb	r2, [r4, r3]
 4069              	.L405:
 4070 0054 08B0     		add	sp, sp, #32
 4071              		@ sp needed
 4072 0056 70BD     		pop	{r4, r5, r6, pc}
 4073              	.L406:
 4074 0058 0068     		ldr	r0, [r0]
 4075 005a 01A9     		add	r1, sp, #4
 4076 005c FFF7FEFF 		bl	TIM_OC1_SetConfig
 4077              	.L409:
 4078 0060 002E     		cmp	r6, #0
 4079 0062 08D0     		beq	.L410
 4080 0064 042E     		cmp	r6, #4
 4081 0066 27D0     		beq	.L411
 4082 0068 0120     		movs	r0, #1
 4083 006a EDE7     		b	.L408
 4084              	.L407:
 4085 006c 0068     		ldr	r0, [r0]
 4086 006e 01A9     		add	r1, sp, #4
 4087 0070 FFF7FEFF 		bl	TIM_OC2_SetConfig
 4088 0074 F4E7     		b	.L409
 4089              	.L410:
 4090 0076 2B6A     		ldr	r3, [r5, #32]
 4091 0078 EA69     		ldr	r2, [r5, #28]
 4092 007a A969     		ldr	r1, [r5, #24]
 4093 007c 2068     		ldr	r0, [r4]
 4094 007e FFF7FEFF 		bl	TIM_TI1_SetConfig
 4095 0082 2268     		ldr	r2, [r4]
 4096 0084 9369     		ldr	r3, [r2, #24]
 4097 0086 0C21     		movs	r1, #12
 4098 0088 8B43     		bics	r3, r1
 4099 008a 9361     		str	r3, [r2, #24]
 4100 008c 2268     		ldr	r2, [r4]
ARM GAS  C:\Users\fastr\AppData\Local\Temp\ccUGQp9j.s 			page 70


 4101 008e 9368     		ldr	r3, [r2, #8]
 4102 0090 6431     		adds	r1, r1, #100
 4103 0092 8B43     		bics	r3, r1
 4104 0094 9360     		str	r3, [r2, #8]
 4105 0096 2268     		ldr	r2, [r4]
 4106 0098 9368     		ldr	r3, [r2, #8]
 4107 009a 2039     		subs	r1, r1, #32
 4108 009c 0B43     		orrs	r3, r1
 4109 009e 9360     		str	r3, [r2, #8]
 4110 00a0 2268     		ldr	r2, [r4]
 4111 00a2 9368     		ldr	r3, [r2, #8]
 4112 00a4 4939     		subs	r1, r1, #73
 4113 00a6 8B43     		bics	r3, r1
 4114 00a8 9360     		str	r3, [r2, #8]
 4115 00aa 2268     		ldr	r2, [r4]
 4116 00ac 9368     		ldr	r3, [r2, #8]
 4117 00ae 0139     		subs	r1, r1, #1
 4118 00b0 0B43     		orrs	r3, r1
 4119 00b2 9360     		str	r3, [r2, #8]
 4120 00b4 0020     		movs	r0, #0
 4121 00b6 C7E7     		b	.L408
 4122              	.L411:
 4123 00b8 2B6A     		ldr	r3, [r5, #32]
 4124 00ba EA69     		ldr	r2, [r5, #28]
 4125 00bc A969     		ldr	r1, [r5, #24]
 4126 00be 2068     		ldr	r0, [r4]
 4127 00c0 FFF7FEFF 		bl	TIM_TI2_SetConfig
 4128 00c4 2268     		ldr	r2, [r4]
 4129 00c6 9369     		ldr	r3, [r2, #24]
 4130 00c8 0E49     		ldr	r1, .L414
 4131 00ca 0B40     		ands	r3, r1
 4132 00cc 9361     		str	r3, [r2, #24]
 4133 00ce 2268     		ldr	r2, [r4]
 4134 00d0 9368     		ldr	r3, [r2, #8]
 4135 00d2 7021     		movs	r1, #112
 4136 00d4 8B43     		bics	r3, r1
 4137 00d6 9360     		str	r3, [r2, #8]
 4138 00d8 2268     		ldr	r2, [r4]
 4139 00da 9368     		ldr	r3, [r2, #8]
 4140 00dc 1039     		subs	r1, r1, #16
 4141 00de 0B43     		orrs	r3, r1
 4142 00e0 9360     		str	r3, [r2, #8]
 4143 00e2 2268     		ldr	r2, [r4]
 4144 00e4 9368     		ldr	r3, [r2, #8]
 4145 00e6 5939     		subs	r1, r1, #89
 4146 00e8 8B43     		bics	r3, r1
 4147 00ea 9360     		str	r3, [r2, #8]
 4148 00ec 2268     		ldr	r2, [r4]
 4149 00ee 9368     		ldr	r3, [r2, #8]
 4150 00f0 0139     		subs	r1, r1, #1
 4151 00f2 0B43     		orrs	r3, r1
 4152 00f4 9360     		str	r3, [r2, #8]
 4153 00f6 0020     		movs	r0, #0
 4154 00f8 A6E7     		b	.L408
 4155              	.L412:
 4156 00fa 0120     		movs	r0, #1
 4157 00fc AAE7     		b	.L405
ARM GAS  C:\Users\fastr\AppData\Local\Temp\ccUGQp9j.s 			page 71


 4158              	.L413:
 4159 00fe 0220     		movs	r0, #2
 4160 0100 A8E7     		b	.L405
 4161              	.L415:
 4162 0102 C046     		.align	2
 4163              	.L414:
 4164 0104 FFF3FFFF 		.word	-3073
 4166              		.section	.text.TIM_ETR_SetConfig,"ax",%progbits
 4167              		.align	1
 4168              		.global	TIM_ETR_SetConfig
 4169              		.syntax unified
 4170              		.code	16
 4171              		.thumb_func
 4173              	TIM_ETR_SetConfig:
 4174              		@ args = 0, pretend = 0, frame = 0
 4175              		@ frame_needed = 0, uses_anonymous_args = 0
 4176 0000 10B5     		push	{r4, lr}
 4177 0002 9446     		mov	ip, r2
 4178 0004 8268     		ldr	r2, [r0, #8]
 4179 0006 044C     		ldr	r4, .L417
 4180 0008 2240     		ands	r2, r4
 4181 000a 1B02     		lsls	r3, r3, #8
 4182 000c 6446     		mov	r4, ip
 4183 000e 2343     		orrs	r3, r4
 4184 0010 0B43     		orrs	r3, r1
 4185 0012 1343     		orrs	r3, r2
 4186 0014 8360     		str	r3, [r0, #8]
 4187              		@ sp needed
 4188 0016 10BD     		pop	{r4, pc}
 4189              	.L418:
 4190              		.align	2
 4191              	.L417:
 4192 0018 FF00FFFF 		.word	-65281
 4194              		.section	.text.HAL_TIM_ConfigOCrefClear,"ax",%progbits
 4195              		.align	1
 4196              		.global	HAL_TIM_ConfigOCrefClear
 4197              		.syntax unified
 4198              		.code	16
 4199              		.thumb_func
 4201              	HAL_TIM_ConfigOCrefClear:
 4202              		@ args = 0, pretend = 0, frame = 0
 4203              		@ frame_needed = 0, uses_anonymous_args = 0
 4204 0000 70B5     		push	{r4, r5, r6, lr}
 4205 0002 0400     		movs	r4, r0
 4206 0004 0D00     		movs	r5, r1
 4207 0006 1600     		movs	r6, r2
 4208 0008 3C23     		movs	r3, #60
 4209 000a C35C     		ldrb	r3, [r0, r3]
 4210 000c 012B     		cmp	r3, #1
 4211 000e 00D1     		bne	.LCB4461
 4212 0010 88E0     		b	.L435	@long jump
 4213              	.LCB4461:
 4214 0012 3C23     		movs	r3, #60
 4215 0014 0122     		movs	r2, #1
 4216 0016 C254     		strb	r2, [r0, r3]
 4217 0018 0133     		adds	r3, r3, #1
 4218 001a 0132     		adds	r2, r2, #1
ARM GAS  C:\Users\fastr\AppData\Local\Temp\ccUGQp9j.s 			page 72


 4219 001c C254     		strb	r2, [r0, r3]
 4220 001e 4B68     		ldr	r3, [r1, #4]
 4221 0020 012B     		cmp	r3, #1
 4222 0022 20D0     		beq	.L421
 4223 0024 022B     		cmp	r3, #2
 4224 0026 18D0     		beq	.L422
 4225 0028 002B     		cmp	r3, #0
 4226 002a 73D1     		bne	.L436
 4227 002c 0268     		ldr	r2, [r0]
 4228 002e 9368     		ldr	r3, [r2, #8]
 4229 0030 3D49     		ldr	r1, .L439
 4230 0032 0B40     		ands	r3, r1
 4231 0034 9360     		str	r3, [r2, #8]
 4232              	.L424:
 4233 0036 082E     		cmp	r6, #8
 4234 0038 54D0     		beq	.L426
 4235 003a 2CD8     		bhi	.L427
 4236 003c 002E     		cmp	r6, #0
 4237 003e 39D0     		beq	.L428
 4238 0040 042E     		cmp	r6, #4
 4239 0042 26D1     		bne	.L437
 4240 0044 2B68     		ldr	r3, [r5]
 4241 0046 002B     		cmp	r3, #0
 4242 0048 45D0     		beq	.L432
 4243 004a 2268     		ldr	r2, [r4]
 4244 004c 9169     		ldr	r1, [r2, #24]
 4245 004e 8023     		movs	r3, #128
 4246 0050 1B02     		lsls	r3, r3, #8
 4247 0052 0B43     		orrs	r3, r1
 4248 0054 9361     		str	r3, [r2, #24]
 4249 0056 0020     		movs	r0, #0
 4250 0058 5DE0     		b	.L423
 4251              	.L422:
 4252 005a 0268     		ldr	r2, [r0]
 4253 005c 9368     		ldr	r3, [r2, #8]
 4254 005e 0821     		movs	r1, #8
 4255 0060 8B43     		bics	r3, r1
 4256 0062 9360     		str	r3, [r2, #8]
 4257 0064 E7E7     		b	.L424
 4258              	.L421:
 4259 0066 C968     		ldr	r1, [r1, #12]
 4260 0068 0029     		cmp	r1, #0
 4261 006a 07D0     		beq	.L425
 4262 006c 3D23     		movs	r3, #61
 4263 006e 0122     		movs	r2, #1
 4264 0070 C254     		strb	r2, [r0, r3]
 4265 0072 013B     		subs	r3, r3, #1
 4266 0074 0022     		movs	r2, #0
 4267 0076 C254     		strb	r2, [r0, r3]
 4268 0078 0120     		movs	r0, #1
 4269 007a 52E0     		b	.L420
 4270              	.L425:
 4271 007c AA68     		ldr	r2, [r5, #8]
 4272 007e 2B69     		ldr	r3, [r5, #16]
 4273 0080 0068     		ldr	r0, [r0]
 4274 0082 FFF7FEFF 		bl	TIM_ETR_SetConfig
 4275 0086 2268     		ldr	r2, [r4]
ARM GAS  C:\Users\fastr\AppData\Local\Temp\ccUGQp9j.s 			page 73


 4276 0088 9368     		ldr	r3, [r2, #8]
 4277 008a 0821     		movs	r1, #8
 4278 008c 0B43     		orrs	r3, r1
 4279 008e 9360     		str	r3, [r2, #8]
 4280 0090 D1E7     		b	.L424
 4281              	.L437:
 4282 0092 0020     		movs	r0, #0
 4283 0094 3FE0     		b	.L423
 4284              	.L427:
 4285 0096 0C2E     		cmp	r6, #12
 4286 0098 0AD1     		bne	.L438
 4287 009a 2B68     		ldr	r3, [r5]
 4288 009c 002B     		cmp	r3, #0
 4289 009e 32D0     		beq	.L434
 4290 00a0 2268     		ldr	r2, [r4]
 4291 00a2 D169     		ldr	r1, [r2, #28]
 4292 00a4 8023     		movs	r3, #128
 4293 00a6 1B02     		lsls	r3, r3, #8
 4294 00a8 0B43     		orrs	r3, r1
 4295 00aa D361     		str	r3, [r2, #28]
 4296 00ac 0020     		movs	r0, #0
 4297 00ae 32E0     		b	.L423
 4298              	.L438:
 4299 00b0 0020     		movs	r0, #0
 4300 00b2 30E0     		b	.L423
 4301              	.L428:
 4302 00b4 2B68     		ldr	r3, [r5]
 4303 00b6 002B     		cmp	r3, #0
 4304 00b8 06D0     		beq	.L431
 4305 00ba 2268     		ldr	r2, [r4]
 4306 00bc 9369     		ldr	r3, [r2, #24]
 4307 00be 8021     		movs	r1, #128
 4308 00c0 0B43     		orrs	r3, r1
 4309 00c2 9361     		str	r3, [r2, #24]
 4310 00c4 0020     		movs	r0, #0
 4311 00c6 26E0     		b	.L423
 4312              	.L431:
 4313 00c8 2268     		ldr	r2, [r4]
 4314 00ca 9369     		ldr	r3, [r2, #24]
 4315 00cc 8021     		movs	r1, #128
 4316 00ce 8B43     		bics	r3, r1
 4317 00d0 9361     		str	r3, [r2, #24]
 4318 00d2 0020     		movs	r0, #0
 4319 00d4 1FE0     		b	.L423
 4320              	.L432:
 4321 00d6 2268     		ldr	r2, [r4]
 4322 00d8 9369     		ldr	r3, [r2, #24]
 4323 00da 1449     		ldr	r1, .L439+4
 4324 00dc 0B40     		ands	r3, r1
 4325 00de 9361     		str	r3, [r2, #24]
 4326 00e0 0020     		movs	r0, #0
 4327 00e2 18E0     		b	.L423
 4328              	.L426:
 4329 00e4 2B68     		ldr	r3, [r5]
 4330 00e6 002B     		cmp	r3, #0
 4331 00e8 06D0     		beq	.L433
 4332 00ea 2268     		ldr	r2, [r4]
ARM GAS  C:\Users\fastr\AppData\Local\Temp\ccUGQp9j.s 			page 74


 4333 00ec D369     		ldr	r3, [r2, #28]
 4334 00ee 8021     		movs	r1, #128
 4335 00f0 0B43     		orrs	r3, r1
 4336 00f2 D361     		str	r3, [r2, #28]
 4337 00f4 0020     		movs	r0, #0
 4338 00f6 0EE0     		b	.L423
 4339              	.L433:
 4340 00f8 2268     		ldr	r2, [r4]
 4341 00fa D369     		ldr	r3, [r2, #28]
 4342 00fc 8021     		movs	r1, #128
 4343 00fe 8B43     		bics	r3, r1
 4344 0100 D361     		str	r3, [r2, #28]
 4345 0102 0020     		movs	r0, #0
 4346 0104 07E0     		b	.L423
 4347              	.L434:
 4348 0106 2268     		ldr	r2, [r4]
 4349 0108 D369     		ldr	r3, [r2, #28]
 4350 010a 0849     		ldr	r1, .L439+4
 4351 010c 0B40     		ands	r3, r1
 4352 010e D361     		str	r3, [r2, #28]
 4353 0110 0020     		movs	r0, #0
 4354 0112 00E0     		b	.L423
 4355              	.L436:
 4356 0114 0120     		movs	r0, #1
 4357              	.L423:
 4358 0116 3D23     		movs	r3, #61
 4359 0118 0122     		movs	r2, #1
 4360 011a E254     		strb	r2, [r4, r3]
 4361 011c 013B     		subs	r3, r3, #1
 4362 011e 0022     		movs	r2, #0
 4363 0120 E254     		strb	r2, [r4, r3]
 4364              	.L420:
 4365              		@ sp needed
 4366 0122 70BD     		pop	{r4, r5, r6, pc}
 4367              	.L435:
 4368 0124 0220     		movs	r0, #2
 4369 0126 FCE7     		b	.L420
 4370              	.L440:
 4371              		.align	2
 4372              	.L439:
 4373 0128 F700FFFF 		.word	-65289
 4374 012c FF7FFFFF 		.word	-32769
 4376              		.section	.text.HAL_TIM_ConfigClockSource,"ax",%progbits
 4377              		.align	1
 4378              		.global	HAL_TIM_ConfigClockSource
 4379              		.syntax unified
 4380              		.code	16
 4381              		.thumb_func
 4383              	HAL_TIM_ConfigClockSource:
 4384              		@ args = 0, pretend = 0, frame = 0
 4385              		@ frame_needed = 0, uses_anonymous_args = 0
 4386 0000 10B5     		push	{r4, lr}
 4387 0002 0400     		movs	r4, r0
 4388 0004 0B00     		movs	r3, r1
 4389 0006 3C22     		movs	r2, #60
 4390 0008 825C     		ldrb	r2, [r0, r2]
 4391 000a 012A     		cmp	r2, #1
ARM GAS  C:\Users\fastr\AppData\Local\Temp\ccUGQp9j.s 			page 75


 4392 000c 00D1     		bne	.LCB4674
 4393 000e 77E0     		b	.L452	@long jump
 4394              	.LCB4674:
 4395 0010 3C22     		movs	r2, #60
 4396 0012 0121     		movs	r1, #1
 4397 0014 8154     		strb	r1, [r0, r2]
 4398 0016 0132     		adds	r2, r2, #1
 4399 0018 0131     		adds	r1, r1, #1
 4400 001a 8154     		strb	r1, [r0, r2]
 4401 001c 0168     		ldr	r1, [r0]
 4402 001e 8A68     		ldr	r2, [r1, #8]
 4403 0020 3848     		ldr	r0, .L457
 4404 0022 0240     		ands	r2, r0
 4405 0024 8A60     		str	r2, [r1, #8]
 4406 0026 1968     		ldr	r1, [r3]
 4407 0028 6029     		cmp	r1, #96
 4408 002a 4FD0     		beq	.L443
 4409 002c 23D8     		bhi	.L444
 4410 002e 4029     		cmp	r1, #64
 4411 0030 57D0     		beq	.L445
 4412 0032 11D8     		bhi	.L446
 4413 0034 2029     		cmp	r1, #32
 4414 0036 04D0     		beq	.L447
 4415 0038 0AD8     		bhi	.L448
 4416 003a 0029     		cmp	r1, #0
 4417 003c 01D0     		beq	.L447
 4418 003e 1029     		cmp	r1, #16
 4419 0040 04D1     		bne	.L455
 4420              	.L447:
 4421 0042 2068     		ldr	r0, [r4]
 4422 0044 FFF7FEFF 		bl	TIM_ITRx_SetConfig
 4423 0048 0020     		movs	r0, #0
 4424 004a 2AE0     		b	.L449
 4425              	.L455:
 4426 004c 0120     		movs	r0, #1
 4427 004e 28E0     		b	.L449
 4428              	.L448:
 4429 0050 3029     		cmp	r1, #48
 4430 0052 F6D0     		beq	.L447
 4431 0054 0120     		movs	r0, #1
 4432 0056 24E0     		b	.L449
 4433              	.L446:
 4434 0058 5029     		cmp	r1, #80
 4435 005a 0AD1     		bne	.L456
 4436 005c 5968     		ldr	r1, [r3, #4]
 4437 005e DA68     		ldr	r2, [r3, #12]
 4438 0060 2068     		ldr	r0, [r4]
 4439 0062 FFF7FEFF 		bl	TIM_TI1_ConfigInputStage
 4440 0066 2068     		ldr	r0, [r4]
 4441 0068 5021     		movs	r1, #80
 4442 006a FFF7FEFF 		bl	TIM_ITRx_SetConfig
 4443 006e 0020     		movs	r0, #0
 4444 0070 17E0     		b	.L449
 4445              	.L456:
 4446 0072 0120     		movs	r0, #1
 4447 0074 15E0     		b	.L449
 4448              	.L444:
ARM GAS  C:\Users\fastr\AppData\Local\Temp\ccUGQp9j.s 			page 76


 4449 0076 8022     		movs	r2, #128
 4450 0078 5201     		lsls	r2, r2, #5
 4451 007a 9142     		cmp	r1, r2
 4452 007c 3CD0     		beq	.L453
 4453 007e 8022     		movs	r2, #128
 4454 0080 9201     		lsls	r2, r2, #6
 4455 0082 9142     		cmp	r1, r2
 4456 0084 14D0     		beq	.L451
 4457 0086 7029     		cmp	r1, #112
 4458 0088 38D1     		bne	.L454
 4459 008a 9968     		ldr	r1, [r3, #8]
 4460 008c 5A68     		ldr	r2, [r3, #4]
 4461 008e DB68     		ldr	r3, [r3, #12]
 4462 0090 2068     		ldr	r0, [r4]
 4463 0092 FFF7FEFF 		bl	TIM_ETR_SetConfig
 4464 0096 2268     		ldr	r2, [r4]
 4465 0098 9368     		ldr	r3, [r2, #8]
 4466 009a 7721     		movs	r1, #119
 4467 009c 0B43     		orrs	r3, r1
 4468 009e 9360     		str	r3, [r2, #8]
 4469 00a0 0020     		movs	r0, #0
 4470              	.L449:
 4471 00a2 3D23     		movs	r3, #61
 4472 00a4 0122     		movs	r2, #1
 4473 00a6 E254     		strb	r2, [r4, r3]
 4474 00a8 013B     		subs	r3, r3, #1
 4475 00aa 0022     		movs	r2, #0
 4476 00ac E254     		strb	r2, [r4, r3]
 4477              	.L442:
 4478              		@ sp needed
 4479 00ae 10BD     		pop	{r4, pc}
 4480              	.L451:
 4481 00b0 9968     		ldr	r1, [r3, #8]
 4482 00b2 5A68     		ldr	r2, [r3, #4]
 4483 00b4 DB68     		ldr	r3, [r3, #12]
 4484 00b6 2068     		ldr	r0, [r4]
 4485 00b8 FFF7FEFF 		bl	TIM_ETR_SetConfig
 4486 00bc 2268     		ldr	r2, [r4]
 4487 00be 9168     		ldr	r1, [r2, #8]
 4488 00c0 8023     		movs	r3, #128
 4489 00c2 DB01     		lsls	r3, r3, #7
 4490 00c4 0B43     		orrs	r3, r1
 4491 00c6 9360     		str	r3, [r2, #8]
 4492 00c8 0020     		movs	r0, #0
 4493 00ca EAE7     		b	.L449
 4494              	.L443:
 4495 00cc 5968     		ldr	r1, [r3, #4]
 4496 00ce DA68     		ldr	r2, [r3, #12]
 4497 00d0 2068     		ldr	r0, [r4]
 4498 00d2 FFF7FEFF 		bl	TIM_TI2_ConfigInputStage
 4499 00d6 2068     		ldr	r0, [r4]
 4500 00d8 6021     		movs	r1, #96
 4501 00da FFF7FEFF 		bl	TIM_ITRx_SetConfig
 4502 00de 0020     		movs	r0, #0
 4503 00e0 DFE7     		b	.L449
 4504              	.L445:
 4505 00e2 5968     		ldr	r1, [r3, #4]
ARM GAS  C:\Users\fastr\AppData\Local\Temp\ccUGQp9j.s 			page 77


 4506 00e4 DA68     		ldr	r2, [r3, #12]
 4507 00e6 2068     		ldr	r0, [r4]
 4508 00e8 FFF7FEFF 		bl	TIM_TI1_ConfigInputStage
 4509 00ec 2068     		ldr	r0, [r4]
 4510 00ee 4021     		movs	r1, #64
 4511 00f0 FFF7FEFF 		bl	TIM_ITRx_SetConfig
 4512 00f4 0020     		movs	r0, #0
 4513 00f6 D4E7     		b	.L449
 4514              	.L453:
 4515 00f8 0020     		movs	r0, #0
 4516 00fa D2E7     		b	.L449
 4517              	.L454:
 4518 00fc 0120     		movs	r0, #1
 4519 00fe D0E7     		b	.L449
 4520              	.L452:
 4521 0100 0220     		movs	r0, #2
 4522 0102 D4E7     		b	.L442
 4523              	.L458:
 4524              		.align	2
 4525              	.L457:
 4526 0104 8800FFFF 		.word	-65400
 4528              		.section	.text.TIM_SlaveTimer_SetConfig,"ax",%progbits
 4529              		.align	1
 4530              		.syntax unified
 4531              		.code	16
 4532              		.thumb_func
 4534              	TIM_SlaveTimer_SetConfig:
 4535              		@ args = 0, pretend = 0, frame = 0
 4536              		@ frame_needed = 0, uses_anonymous_args = 0
 4537 0000 10B5     		push	{r4, lr}
 4538 0002 0B00     		movs	r3, r1
 4539 0004 0268     		ldr	r2, [r0]
 4540 0006 9446     		mov	ip, r2
 4541 0008 9168     		ldr	r1, [r2, #8]
 4542 000a 7022     		movs	r2, #112
 4543 000c 9143     		bics	r1, r2
 4544 000e 5A68     		ldr	r2, [r3, #4]
 4545 0010 0A43     		orrs	r2, r1
 4546 0012 0721     		movs	r1, #7
 4547 0014 8A43     		bics	r2, r1
 4548 0016 1968     		ldr	r1, [r3]
 4549 0018 0A43     		orrs	r2, r1
 4550 001a 6146     		mov	r1, ip
 4551 001c 8A60     		str	r2, [r1, #8]
 4552 001e 5A68     		ldr	r2, [r3, #4]
 4553 0020 502A     		cmp	r2, #80
 4554 0022 33D0     		beq	.L460
 4555 0024 0BD9     		bls	.L473
 4556 0026 602A     		cmp	r2, #96
 4557 0028 37D0     		beq	.L465
 4558 002a 702A     		cmp	r2, #112
 4559 002c 46D1     		bne	.L471
 4560 002e D968     		ldr	r1, [r3, #12]
 4561 0030 9A68     		ldr	r2, [r3, #8]
 4562 0032 1B69     		ldr	r3, [r3, #16]
 4563 0034 0068     		ldr	r0, [r0]
 4564 0036 FFF7FEFF 		bl	TIM_ETR_SetConfig
ARM GAS  C:\Users\fastr\AppData\Local\Temp\ccUGQp9j.s 			page 78


 4565 003a 0020     		movs	r0, #0
 4566              	.L463:
 4567              		@ sp needed
 4568 003c 10BD     		pop	{r4, pc}
 4569              	.L473:
 4570 003e 402A     		cmp	r2, #64
 4571 0040 0DD0     		beq	.L462
 4572 0042 31D8     		bhi	.L466
 4573 0044 202A     		cmp	r2, #32
 4574 0046 31D0     		beq	.L467
 4575 0048 05D8     		bhi	.L464
 4576 004a 002A     		cmp	r2, #0
 4577 004c 30D0     		beq	.L468
 4578 004e 102A     		cmp	r2, #16
 4579 0050 30D1     		bne	.L469
 4580 0052 0020     		movs	r0, #0
 4581 0054 F2E7     		b	.L463
 4582              	.L464:
 4583 0056 302A     		cmp	r2, #48
 4584 0058 2ED1     		bne	.L470
 4585 005a 0020     		movs	r0, #0
 4586 005c EEE7     		b	.L463
 4587              	.L462:
 4588 005e 1A68     		ldr	r2, [r3]
 4589 0060 052A     		cmp	r2, #5
 4590 0062 2DD0     		beq	.L472
 4591 0064 0268     		ldr	r2, [r0]
 4592 0066 116A     		ldr	r1, [r2, #32]
 4593 0068 8C46     		mov	ip, r1
 4594 006a 116A     		ldr	r1, [r2, #32]
 4595 006c 0124     		movs	r4, #1
 4596 006e A143     		bics	r1, r4
 4597 0070 1162     		str	r1, [r2, #32]
 4598 0072 0168     		ldr	r1, [r0]
 4599 0074 8A69     		ldr	r2, [r1, #24]
 4600 0076 EF34     		adds	r4, r4, #239
 4601 0078 A243     		bics	r2, r4
 4602 007a 1B69     		ldr	r3, [r3, #16]
 4603 007c 1B01     		lsls	r3, r3, #4
 4604 007e 1343     		orrs	r3, r2
 4605 0080 8B61     		str	r3, [r1, #24]
 4606 0082 0368     		ldr	r3, [r0]
 4607 0084 6246     		mov	r2, ip
 4608 0086 1A62     		str	r2, [r3, #32]
 4609 0088 0020     		movs	r0, #0
 4610 008a D7E7     		b	.L463
 4611              	.L460:
 4612 008c 9968     		ldr	r1, [r3, #8]
 4613 008e 1A69     		ldr	r2, [r3, #16]
 4614 0090 0068     		ldr	r0, [r0]
 4615 0092 FFF7FEFF 		bl	TIM_TI1_ConfigInputStage
 4616 0096 0020     		movs	r0, #0
 4617 0098 D0E7     		b	.L463
 4618              	.L465:
 4619 009a 9968     		ldr	r1, [r3, #8]
 4620 009c 1A69     		ldr	r2, [r3, #16]
 4621 009e 0068     		ldr	r0, [r0]
ARM GAS  C:\Users\fastr\AppData\Local\Temp\ccUGQp9j.s 			page 79


 4622 00a0 FFF7FEFF 		bl	TIM_TI2_ConfigInputStage
 4623 00a4 0020     		movs	r0, #0
 4624 00a6 C9E7     		b	.L463
 4625              	.L466:
 4626 00a8 0120     		movs	r0, #1
 4627 00aa C7E7     		b	.L463
 4628              	.L467:
 4629 00ac 0020     		movs	r0, #0
 4630 00ae C5E7     		b	.L463
 4631              	.L468:
 4632 00b0 0020     		movs	r0, #0
 4633 00b2 C3E7     		b	.L463
 4634              	.L469:
 4635 00b4 0120     		movs	r0, #1
 4636 00b6 C1E7     		b	.L463
 4637              	.L470:
 4638 00b8 0120     		movs	r0, #1
 4639 00ba BFE7     		b	.L463
 4640              	.L471:
 4641 00bc 0120     		movs	r0, #1
 4642 00be BDE7     		b	.L463
 4643              	.L472:
 4644 00c0 0120     		movs	r0, #1
 4645 00c2 BBE7     		b	.L463
 4647              		.section	.text.HAL_TIM_SlaveConfigSynchro,"ax",%progbits
 4648              		.align	1
 4649              		.global	HAL_TIM_SlaveConfigSynchro
 4650              		.syntax unified
 4651              		.code	16
 4652              		.thumb_func
 4654              	HAL_TIM_SlaveConfigSynchro:
 4655              		@ args = 0, pretend = 0, frame = 0
 4656              		@ frame_needed = 0, uses_anonymous_args = 0
 4657 0000 10B5     		push	{r4, lr}
 4658 0002 0400     		movs	r4, r0
 4659 0004 3C23     		movs	r3, #60
 4660 0006 C35C     		ldrb	r3, [r0, r3]
 4661 0008 012B     		cmp	r3, #1
 4662 000a 22D0     		beq	.L477
 4663 000c 3C23     		movs	r3, #60
 4664 000e 0122     		movs	r2, #1
 4665 0010 C254     		strb	r2, [r0, r3]
 4666 0012 0133     		adds	r3, r3, #1
 4667 0014 0132     		adds	r2, r2, #1
 4668 0016 C254     		strb	r2, [r0, r3]
 4669 0018 FFF7FEFF 		bl	TIM_SlaveTimer_SetConfig
 4670 001c 0028     		cmp	r0, #0
 4671 001e 10D1     		bne	.L478
 4672 0020 2268     		ldr	r2, [r4]
 4673 0022 D368     		ldr	r3, [r2, #12]
 4674 0024 4021     		movs	r1, #64
 4675 0026 8B43     		bics	r3, r1
 4676 0028 D360     		str	r3, [r2, #12]
 4677 002a 2268     		ldr	r2, [r4]
 4678 002c D368     		ldr	r3, [r2, #12]
 4679 002e 0A49     		ldr	r1, .L479
 4680 0030 0B40     		ands	r3, r1
ARM GAS  C:\Users\fastr\AppData\Local\Temp\ccUGQp9j.s 			page 80


 4681 0032 D360     		str	r3, [r2, #12]
 4682 0034 3D23     		movs	r3, #61
 4683 0036 0122     		movs	r2, #1
 4684 0038 E254     		strb	r2, [r4, r3]
 4685 003a 013B     		subs	r3, r3, #1
 4686 003c 0022     		movs	r2, #0
 4687 003e E254     		strb	r2, [r4, r3]
 4688              	.L475:
 4689              		@ sp needed
 4690 0040 10BD     		pop	{r4, pc}
 4691              	.L478:
 4692 0042 3D23     		movs	r3, #61
 4693 0044 0122     		movs	r2, #1
 4694 0046 E254     		strb	r2, [r4, r3]
 4695 0048 013B     		subs	r3, r3, #1
 4696 004a 0022     		movs	r2, #0
 4697 004c E254     		strb	r2, [r4, r3]
 4698 004e 0120     		movs	r0, #1
 4699 0050 F6E7     		b	.L475
 4700              	.L477:
 4701 0052 0220     		movs	r0, #2
 4702 0054 F4E7     		b	.L475
 4703              	.L480:
 4704 0056 C046     		.align	2
 4705              	.L479:
 4706 0058 FFBFFFFF 		.word	-16385
 4708              		.section	.text.HAL_TIM_SlaveConfigSynchro_IT,"ax",%progbits
 4709              		.align	1
 4710              		.global	HAL_TIM_SlaveConfigSynchro_IT
 4711              		.syntax unified
 4712              		.code	16
 4713              		.thumb_func
 4715              	HAL_TIM_SlaveConfigSynchro_IT:
 4716              		@ args = 0, pretend = 0, frame = 0
 4717              		@ frame_needed = 0, uses_anonymous_args = 0
 4718 0000 10B5     		push	{r4, lr}
 4719 0002 0400     		movs	r4, r0
 4720 0004 3C23     		movs	r3, #60
 4721 0006 C35C     		ldrb	r3, [r0, r3]
 4722 0008 012B     		cmp	r3, #1
 4723 000a 22D0     		beq	.L484
 4724 000c 3C23     		movs	r3, #60
 4725 000e 0122     		movs	r2, #1
 4726 0010 C254     		strb	r2, [r0, r3]
 4727 0012 0133     		adds	r3, r3, #1
 4728 0014 0132     		adds	r2, r2, #1
 4729 0016 C254     		strb	r2, [r0, r3]
 4730 0018 FFF7FEFF 		bl	TIM_SlaveTimer_SetConfig
 4731 001c 0028     		cmp	r0, #0
 4732 001e 10D1     		bne	.L485
 4733 0020 2268     		ldr	r2, [r4]
 4734 0022 D368     		ldr	r3, [r2, #12]
 4735 0024 4021     		movs	r1, #64
 4736 0026 0B43     		orrs	r3, r1
 4737 0028 D360     		str	r3, [r2, #12]
 4738 002a 2268     		ldr	r2, [r4]
 4739 002c D368     		ldr	r3, [r2, #12]
ARM GAS  C:\Users\fastr\AppData\Local\Temp\ccUGQp9j.s 			page 81


 4740 002e 0A49     		ldr	r1, .L486
 4741 0030 0B40     		ands	r3, r1
 4742 0032 D360     		str	r3, [r2, #12]
 4743 0034 3D23     		movs	r3, #61
 4744 0036 0122     		movs	r2, #1
 4745 0038 E254     		strb	r2, [r4, r3]
 4746 003a 013B     		subs	r3, r3, #1
 4747 003c 0022     		movs	r2, #0
 4748 003e E254     		strb	r2, [r4, r3]
 4749              	.L482:
 4750              		@ sp needed
 4751 0040 10BD     		pop	{r4, pc}
 4752              	.L485:
 4753 0042 3D23     		movs	r3, #61
 4754 0044 0122     		movs	r2, #1
 4755 0046 E254     		strb	r2, [r4, r3]
 4756 0048 013B     		subs	r3, r3, #1
 4757 004a 0022     		movs	r2, #0
 4758 004c E254     		strb	r2, [r4, r3]
 4759 004e 0120     		movs	r0, #1
 4760 0050 F6E7     		b	.L482
 4761              	.L484:
 4762 0052 0220     		movs	r0, #2
 4763 0054 F4E7     		b	.L482
 4764              	.L487:
 4765 0056 C046     		.align	2
 4766              	.L486:
 4767 0058 FFBFFFFF 		.word	-16385
 4769              		.section	.text.TIM_CCxChannelCmd,"ax",%progbits
 4770              		.align	1
 4771              		.global	TIM_CCxChannelCmd
 4772              		.syntax unified
 4773              		.code	16
 4774              		.thumb_func
 4776              	TIM_CCxChannelCmd:
 4777              		@ args = 0, pretend = 0, frame = 0
 4778              		@ frame_needed = 0, uses_anonymous_args = 0
 4779 0000 10B5     		push	{r4, lr}
 4780 0002 1F23     		movs	r3, #31
 4781 0004 1940     		ands	r1, r3
 4782 0006 1E3B     		subs	r3, r3, #30
 4783 0008 8B40     		lsls	r3, r3, r1
 4784 000a 9C46     		mov	ip, r3
 4785 000c 036A     		ldr	r3, [r0, #32]
 4786 000e 6446     		mov	r4, ip
 4787 0010 A343     		bics	r3, r4
 4788 0012 0362     		str	r3, [r0, #32]
 4789 0014 036A     		ldr	r3, [r0, #32]
 4790 0016 8A40     		lsls	r2, r2, r1
 4791 0018 1343     		orrs	r3, r2
 4792 001a 0362     		str	r3, [r0, #32]
 4793              		@ sp needed
 4794 001c 10BD     		pop	{r4, pc}
 4796              		.section	.text.HAL_TIM_OC_Start,"ax",%progbits
 4797              		.align	1
 4798              		.global	HAL_TIM_OC_Start
 4799              		.syntax unified
ARM GAS  C:\Users\fastr\AppData\Local\Temp\ccUGQp9j.s 			page 82


 4800              		.code	16
 4801              		.thumb_func
 4803              	HAL_TIM_OC_Start:
 4804              		@ args = 0, pretend = 0, frame = 0
 4805              		@ frame_needed = 0, uses_anonymous_args = 0
 4806 0000 10B5     		push	{r4, lr}
 4807 0002 0400     		movs	r4, r0
 4808 0004 0029     		cmp	r1, #0
 4809 0006 36D1     		bne	.L490
 4810 0008 3E23     		movs	r3, #62
 4811 000a C35C     		ldrb	r3, [r0, r3]
 4812 000c 013B     		subs	r3, r3, #1
 4813 000e 5A1E     		subs	r2, r3, #1
 4814 0010 9341     		sbcs	r3, r3, r2
 4815 0012 DBB2     		uxtb	r3, r3
 4816              	.L491:
 4817 0014 002B     		cmp	r3, #0
 4818 0016 62D1     		bne	.L503
 4819 0018 0029     		cmp	r1, #0
 4820 001a 45D1     		bne	.L495
 4821 001c 3E33     		adds	r3, r3, #62
 4822 001e 0222     		movs	r2, #2
 4823 0020 E254     		strb	r2, [r4, r3]
 4824              	.L496:
 4825 0022 2068     		ldr	r0, [r4]
 4826 0024 0122     		movs	r2, #1
 4827 0026 FFF7FEFF 		bl	TIM_CCxChannelCmd
 4828 002a 2368     		ldr	r3, [r4]
 4829 002c 2E4A     		ldr	r2, .L509
 4830 002e 9342     		cmp	r3, r2
 4831 0030 08D0     		beq	.L499
 4832 0032 2E4A     		ldr	r2, .L509+4
 4833 0034 9342     		cmp	r3, r2
 4834 0036 05D0     		beq	.L499
 4835 0038 2D4A     		ldr	r2, .L509+8
 4836 003a 9342     		cmp	r3, r2
 4837 003c 02D0     		beq	.L499
 4838 003e 2D4A     		ldr	r2, .L509+12
 4839 0040 9342     		cmp	r3, r2
 4840 0042 04D1     		bne	.L500
 4841              	.L499:
 4842 0044 596C     		ldr	r1, [r3, #68]
 4843 0046 8022     		movs	r2, #128
 4844 0048 1202     		lsls	r2, r2, #8
 4845 004a 0A43     		orrs	r2, r1
 4846 004c 5A64     		str	r2, [r3, #68]
 4847              	.L500:
 4848 004e 2368     		ldr	r3, [r4]
 4849 0050 254A     		ldr	r2, .L509
 4850 0052 9342     		cmp	r3, r2
 4851 0054 38D0     		beq	.L501
 4852 0056 8022     		movs	r2, #128
 4853 0058 D205     		lsls	r2, r2, #23
 4854 005a 9342     		cmp	r3, r2
 4855 005c 34D0     		beq	.L501
 4856 005e 264A     		ldr	r2, .L509+16
 4857 0060 9342     		cmp	r3, r2
ARM GAS  C:\Users\fastr\AppData\Local\Temp\ccUGQp9j.s 			page 83


 4858 0062 31D0     		beq	.L501
 4859 0064 214A     		ldr	r2, .L509+4
 4860 0066 9342     		cmp	r3, r2
 4861 0068 2ED0     		beq	.L501
 4862 006a 1A68     		ldr	r2, [r3]
 4863 006c 0121     		movs	r1, #1
 4864 006e 0A43     		orrs	r2, r1
 4865 0070 1A60     		str	r2, [r3]
 4866 0072 0020     		movs	r0, #0
 4867 0074 34E0     		b	.L494
 4868              	.L490:
 4869 0076 0429     		cmp	r1, #4
 4870 0078 08D0     		beq	.L505
 4871 007a 0829     		cmp	r1, #8
 4872 007c 0DD0     		beq	.L506
 4873 007e 4123     		movs	r3, #65
 4874 0080 C35C     		ldrb	r3, [r0, r3]
 4875 0082 013B     		subs	r3, r3, #1
 4876 0084 5A1E     		subs	r2, r3, #1
 4877 0086 9341     		sbcs	r3, r3, r2
 4878 0088 DBB2     		uxtb	r3, r3
 4879 008a C3E7     		b	.L491
 4880              	.L505:
 4881 008c 3F23     		movs	r3, #63
 4882 008e C35C     		ldrb	r3, [r0, r3]
 4883 0090 013B     		subs	r3, r3, #1
 4884 0092 5A1E     		subs	r2, r3, #1
 4885 0094 9341     		sbcs	r3, r3, r2
 4886 0096 DBB2     		uxtb	r3, r3
 4887 0098 BCE7     		b	.L491
 4888              	.L506:
 4889 009a 4023     		movs	r3, #64
 4890 009c C35C     		ldrb	r3, [r0, r3]
 4891 009e 013B     		subs	r3, r3, #1
 4892 00a0 5A1E     		subs	r2, r3, #1
 4893 00a2 9341     		sbcs	r3, r3, r2
 4894 00a4 DBB2     		uxtb	r3, r3
 4895 00a6 B5E7     		b	.L491
 4896              	.L495:
 4897 00a8 0429     		cmp	r1, #4
 4898 00aa 05D0     		beq	.L507
 4899 00ac 0829     		cmp	r1, #8
 4900 00ae 07D0     		beq	.L508
 4901 00b0 4123     		movs	r3, #65
 4902 00b2 0222     		movs	r2, #2
 4903 00b4 E254     		strb	r2, [r4, r3]
 4904 00b6 B4E7     		b	.L496
 4905              	.L507:
 4906 00b8 3F23     		movs	r3, #63
 4907 00ba 0222     		movs	r2, #2
 4908 00bc E254     		strb	r2, [r4, r3]
 4909 00be B0E7     		b	.L496
 4910              	.L508:
 4911 00c0 4023     		movs	r3, #64
 4912 00c2 0222     		movs	r2, #2
 4913 00c4 E254     		strb	r2, [r4, r3]
 4914 00c6 ACE7     		b	.L496
ARM GAS  C:\Users\fastr\AppData\Local\Temp\ccUGQp9j.s 			page 84


 4915              	.L501:
 4916 00c8 9968     		ldr	r1, [r3, #8]
 4917 00ca 0722     		movs	r2, #7
 4918 00cc 0A40     		ands	r2, r1
 4919 00ce 062A     		cmp	r2, #6
 4920 00d0 07D0     		beq	.L504
 4921 00d2 1A68     		ldr	r2, [r3]
 4922 00d4 0121     		movs	r1, #1
 4923 00d6 0A43     		orrs	r2, r1
 4924 00d8 1A60     		str	r2, [r3]
 4925 00da 0020     		movs	r0, #0
 4926 00dc 00E0     		b	.L494
 4927              	.L503:
 4928 00de 0120     		movs	r0, #1
 4929              	.L494:
 4930              		@ sp needed
 4931 00e0 10BD     		pop	{r4, pc}
 4932              	.L504:
 4933 00e2 0020     		movs	r0, #0
 4934 00e4 FCE7     		b	.L494
 4935              	.L510:
 4936 00e6 C046     		.align	2
 4937              	.L509:
 4938 00e8 002C0140 		.word	1073818624
 4939 00ec 00400140 		.word	1073823744
 4940 00f0 00440140 		.word	1073824768
 4941 00f4 00480140 		.word	1073825792
 4942 00f8 00040040 		.word	1073742848
 4944              		.section	.text.HAL_TIM_OC_Stop,"ax",%progbits
 4945              		.align	1
 4946              		.global	HAL_TIM_OC_Stop
 4947              		.syntax unified
 4948              		.code	16
 4949              		.thumb_func
 4951              	HAL_TIM_OC_Stop:
 4952              		@ args = 0, pretend = 0, frame = 0
 4953              		@ frame_needed = 0, uses_anonymous_args = 0
 4954 0000 70B5     		push	{r4, r5, r6, lr}
 4955 0002 0400     		movs	r4, r0
 4956 0004 0D00     		movs	r5, r1
 4957 0006 0068     		ldr	r0, [r0]
 4958 0008 0022     		movs	r2, #0
 4959 000a FFF7FEFF 		bl	TIM_CCxChannelCmd
 4960 000e 2368     		ldr	r3, [r4]
 4961 0010 1E4A     		ldr	r2, .L521
 4962 0012 9342     		cmp	r3, r2
 4963 0014 1CD0     		beq	.L512
 4964 0016 1E4A     		ldr	r2, .L521+4
 4965 0018 9342     		cmp	r3, r2
 4966 001a 19D0     		beq	.L512
 4967 001c 1D4A     		ldr	r2, .L521+8
 4968 001e 9342     		cmp	r3, r2
 4969 0020 16D0     		beq	.L512
 4970 0022 1D4A     		ldr	r2, .L521+12
 4971 0024 9342     		cmp	r3, r2
 4972 0026 13D0     		beq	.L512
 4973              	.L513:
ARM GAS  C:\Users\fastr\AppData\Local\Temp\ccUGQp9j.s 			page 85


 4974 0028 2368     		ldr	r3, [r4]
 4975 002a 196A     		ldr	r1, [r3, #32]
 4976 002c 1B4A     		ldr	r2, .L521+16
 4977 002e 1142     		tst	r1, r2
 4978 0030 07D1     		bne	.L514
 4979 0032 196A     		ldr	r1, [r3, #32]
 4980 0034 1A4A     		ldr	r2, .L521+20
 4981 0036 1142     		tst	r1, r2
 4982 0038 03D1     		bne	.L514
 4983 003a 1A68     		ldr	r2, [r3]
 4984 003c 0121     		movs	r1, #1
 4985 003e 8A43     		bics	r2, r1
 4986 0040 1A60     		str	r2, [r3]
 4987              	.L514:
 4988 0042 002D     		cmp	r5, #0
 4989 0044 11D1     		bne	.L515
 4990 0046 3E23     		movs	r3, #62
 4991 0048 0122     		movs	r2, #1
 4992 004a E254     		strb	r2, [r4, r3]
 4993              	.L516:
 4994 004c 0020     		movs	r0, #0
 4995              		@ sp needed
 4996 004e 70BD     		pop	{r4, r5, r6, pc}
 4997              	.L512:
 4998 0050 196A     		ldr	r1, [r3, #32]
 4999 0052 124A     		ldr	r2, .L521+16
 5000 0054 1142     		tst	r1, r2
 5001 0056 E7D1     		bne	.L513
 5002 0058 196A     		ldr	r1, [r3, #32]
 5003 005a 114A     		ldr	r2, .L521+20
 5004 005c 1142     		tst	r1, r2
 5005 005e E3D1     		bne	.L513
 5006 0060 5A6C     		ldr	r2, [r3, #68]
 5007 0062 1049     		ldr	r1, .L521+24
 5008 0064 0A40     		ands	r2, r1
 5009 0066 5A64     		str	r2, [r3, #68]
 5010 0068 DEE7     		b	.L513
 5011              	.L515:
 5012 006a 042D     		cmp	r5, #4
 5013 006c 05D0     		beq	.L519
 5014 006e 082D     		cmp	r5, #8
 5015 0070 07D0     		beq	.L520
 5016 0072 4123     		movs	r3, #65
 5017 0074 0122     		movs	r2, #1
 5018 0076 E254     		strb	r2, [r4, r3]
 5019 0078 E8E7     		b	.L516
 5020              	.L519:
 5021 007a 3F23     		movs	r3, #63
 5022 007c 0122     		movs	r2, #1
 5023 007e E254     		strb	r2, [r4, r3]
 5024 0080 E4E7     		b	.L516
 5025              	.L520:
 5026 0082 4023     		movs	r3, #64
 5027 0084 0122     		movs	r2, #1
 5028 0086 E254     		strb	r2, [r4, r3]
 5029 0088 E0E7     		b	.L516
 5030              	.L522:
ARM GAS  C:\Users\fastr\AppData\Local\Temp\ccUGQp9j.s 			page 86


 5031 008a C046     		.align	2
 5032              	.L521:
 5033 008c 002C0140 		.word	1073818624
 5034 0090 00400140 		.word	1073823744
 5035 0094 00440140 		.word	1073824768
 5036 0098 00480140 		.word	1073825792
 5037 009c 11110000 		.word	4369
 5038 00a0 44040000 		.word	1092
 5039 00a4 FF7FFFFF 		.word	-32769
 5041              		.section	.text.HAL_TIM_OC_Start_IT,"ax",%progbits
 5042              		.align	1
 5043              		.global	HAL_TIM_OC_Start_IT
 5044              		.syntax unified
 5045              		.code	16
 5046              		.thumb_func
 5048              	HAL_TIM_OC_Start_IT:
 5049              		@ args = 0, pretend = 0, frame = 0
 5050              		@ frame_needed = 0, uses_anonymous_args = 0
 5051 0000 10B5     		push	{r4, lr}
 5052 0002 0400     		movs	r4, r0
 5053 0004 0029     		cmp	r1, #0
 5054 0006 3CD1     		bne	.L524
 5055 0008 3E23     		movs	r3, #62
 5056 000a C35C     		ldrb	r3, [r0, r3]
 5057 000c 013B     		subs	r3, r3, #1
 5058 000e 5A1E     		subs	r2, r3, #1
 5059 0010 9341     		sbcs	r3, r3, r2
 5060 0012 DBB2     		uxtb	r3, r3
 5061              	.L525:
 5062 0014 002B     		cmp	r3, #0
 5063 0016 00D0     		beq	.LCB5450
 5064 0018 83E0     		b	.L542	@long jump
 5065              	.LCB5450:
 5066 001a 0029     		cmp	r1, #0
 5067 001c 4AD1     		bne	.L529
 5068 001e 3E33     		adds	r3, r3, #62
 5069 0020 0222     		movs	r2, #2
 5070 0022 E254     		strb	r2, [r4, r3]
 5071              	.L530:
 5072 0024 2268     		ldr	r2, [r4]
 5073 0026 D368     		ldr	r3, [r2, #12]
 5074 0028 0220     		movs	r0, #2
 5075 002a 0343     		orrs	r3, r0
 5076 002c D360     		str	r3, [r2, #12]
 5077              	.L537:
 5078 002e 2068     		ldr	r0, [r4]
 5079 0030 0122     		movs	r2, #1
 5080 0032 FFF7FEFF 		bl	TIM_CCxChannelCmd
 5081 0036 2368     		ldr	r3, [r4]
 5082 0038 3C4A     		ldr	r2, .L549
 5083 003a 9342     		cmp	r3, r2
 5084 003c 08D0     		beq	.L538
 5085 003e 3C4A     		ldr	r2, .L549+4
 5086 0040 9342     		cmp	r3, r2
 5087 0042 05D0     		beq	.L538
 5088 0044 3B4A     		ldr	r2, .L549+8
 5089 0046 9342     		cmp	r3, r2
ARM GAS  C:\Users\fastr\AppData\Local\Temp\ccUGQp9j.s 			page 87


 5090 0048 02D0     		beq	.L538
 5091 004a 3B4A     		ldr	r2, .L549+12
 5092 004c 9342     		cmp	r3, r2
 5093 004e 04D1     		bne	.L539
 5094              	.L538:
 5095 0050 596C     		ldr	r1, [r3, #68]
 5096 0052 8022     		movs	r2, #128
 5097 0054 1202     		lsls	r2, r2, #8
 5098 0056 0A43     		orrs	r2, r1
 5099 0058 5A64     		str	r2, [r3, #68]
 5100              	.L539:
 5101 005a 2368     		ldr	r3, [r4]
 5102 005c 334A     		ldr	r2, .L549
 5103 005e 9342     		cmp	r3, r2
 5104 0060 54D0     		beq	.L540
 5105 0062 8022     		movs	r2, #128
 5106 0064 D205     		lsls	r2, r2, #23
 5107 0066 9342     		cmp	r3, r2
 5108 0068 50D0     		beq	.L540
 5109 006a 344A     		ldr	r2, .L549+16
 5110 006c 9342     		cmp	r3, r2
 5111 006e 4DD0     		beq	.L540
 5112 0070 2F4A     		ldr	r2, .L549+4
 5113 0072 9342     		cmp	r3, r2
 5114 0074 4AD0     		beq	.L540
 5115 0076 1A68     		ldr	r2, [r3]
 5116 0078 0121     		movs	r1, #1
 5117 007a 0A43     		orrs	r2, r1
 5118 007c 1A60     		str	r2, [r3]
 5119 007e 0020     		movs	r0, #0
 5120 0080 50E0     		b	.L528
 5121              	.L524:
 5122 0082 0429     		cmp	r1, #4
 5123 0084 08D0     		beq	.L544
 5124 0086 0829     		cmp	r1, #8
 5125 0088 0DD0     		beq	.L545
 5126 008a 4123     		movs	r3, #65
 5127 008c C35C     		ldrb	r3, [r0, r3]
 5128 008e 013B     		subs	r3, r3, #1
 5129 0090 5A1E     		subs	r2, r3, #1
 5130 0092 9341     		sbcs	r3, r3, r2
 5131 0094 DBB2     		uxtb	r3, r3
 5132 0096 BDE7     		b	.L525
 5133              	.L544:
 5134 0098 3F23     		movs	r3, #63
 5135 009a C35C     		ldrb	r3, [r0, r3]
 5136 009c 013B     		subs	r3, r3, #1
 5137 009e 5A1E     		subs	r2, r3, #1
 5138 00a0 9341     		sbcs	r3, r3, r2
 5139 00a2 DBB2     		uxtb	r3, r3
 5140 00a4 B6E7     		b	.L525
 5141              	.L545:
 5142 00a6 4023     		movs	r3, #64
 5143 00a8 C35C     		ldrb	r3, [r0, r3]
 5144 00aa 013B     		subs	r3, r3, #1
 5145 00ac 5A1E     		subs	r2, r3, #1
 5146 00ae 9341     		sbcs	r3, r3, r2
ARM GAS  C:\Users\fastr\AppData\Local\Temp\ccUGQp9j.s 			page 88


 5147 00b0 DBB2     		uxtb	r3, r3
 5148 00b2 AFE7     		b	.L525
 5149              	.L529:
 5150 00b4 0429     		cmp	r1, #4
 5151 00b6 0DD0     		beq	.L546
 5152 00b8 0829     		cmp	r1, #8
 5153 00ba 14D0     		beq	.L547
 5154 00bc 4123     		movs	r3, #65
 5155 00be 0222     		movs	r2, #2
 5156 00c0 E254     		strb	r2, [r4, r3]
 5157 00c2 0829     		cmp	r1, #8
 5158 00c4 12D0     		beq	.L534
 5159 00c6 17D8     		bhi	.L535
 5160 00c8 0029     		cmp	r1, #0
 5161 00ca ABD0     		beq	.L530
 5162 00cc 0429     		cmp	r1, #4
 5163 00ce 04D0     		beq	.L532
 5164 00d0 0120     		movs	r0, #1
 5165 00d2 27E0     		b	.L528
 5166              	.L546:
 5167 00d4 3F23     		movs	r3, #63
 5168 00d6 0222     		movs	r2, #2
 5169 00d8 E254     		strb	r2, [r4, r3]
 5170              	.L532:
 5171 00da 2268     		ldr	r2, [r4]
 5172 00dc D368     		ldr	r3, [r2, #12]
 5173 00de 0420     		movs	r0, #4
 5174 00e0 0343     		orrs	r3, r0
 5175 00e2 D360     		str	r3, [r2, #12]
 5176 00e4 A3E7     		b	.L537
 5177              	.L547:
 5178 00e6 4023     		movs	r3, #64
 5179 00e8 0222     		movs	r2, #2
 5180 00ea E254     		strb	r2, [r4, r3]
 5181              	.L534:
 5182 00ec 2268     		ldr	r2, [r4]
 5183 00ee D368     		ldr	r3, [r2, #12]
 5184 00f0 0820     		movs	r0, #8
 5185 00f2 0343     		orrs	r3, r0
 5186 00f4 D360     		str	r3, [r2, #12]
 5187 00f6 9AE7     		b	.L537
 5188              	.L535:
 5189 00f8 0C29     		cmp	r1, #12
 5190 00fa 05D1     		bne	.L548
 5191 00fc 2268     		ldr	r2, [r4]
 5192 00fe D368     		ldr	r3, [r2, #12]
 5193 0100 1020     		movs	r0, #16
 5194 0102 0343     		orrs	r3, r0
 5195 0104 D360     		str	r3, [r2, #12]
 5196 0106 92E7     		b	.L537
 5197              	.L548:
 5198 0108 0120     		movs	r0, #1
 5199 010a 0BE0     		b	.L528
 5200              	.L540:
 5201 010c 9968     		ldr	r1, [r3, #8]
 5202 010e 0722     		movs	r2, #7
 5203 0110 0A40     		ands	r2, r1
ARM GAS  C:\Users\fastr\AppData\Local\Temp\ccUGQp9j.s 			page 89


 5204 0112 062A     		cmp	r2, #6
 5205 0114 07D0     		beq	.L543
 5206 0116 1A68     		ldr	r2, [r3]
 5207 0118 0121     		movs	r1, #1
 5208 011a 0A43     		orrs	r2, r1
 5209 011c 1A60     		str	r2, [r3]
 5210 011e 0020     		movs	r0, #0
 5211 0120 00E0     		b	.L528
 5212              	.L542:
 5213 0122 0120     		movs	r0, #1
 5214              	.L528:
 5215              		@ sp needed
 5216 0124 10BD     		pop	{r4, pc}
 5217              	.L543:
 5218 0126 0020     		movs	r0, #0
 5219 0128 FCE7     		b	.L528
 5220              	.L550:
 5221 012a C046     		.align	2
 5222              	.L549:
 5223 012c 002C0140 		.word	1073818624
 5224 0130 00400140 		.word	1073823744
 5225 0134 00440140 		.word	1073824768
 5226 0138 00480140 		.word	1073825792
 5227 013c 00040040 		.word	1073742848
 5229              		.section	.text.HAL_TIM_OC_Stop_IT,"ax",%progbits
 5230              		.align	1
 5231              		.global	HAL_TIM_OC_Stop_IT
 5232              		.syntax unified
 5233              		.code	16
 5234              		.thumb_func
 5236              	HAL_TIM_OC_Stop_IT:
 5237              		@ args = 0, pretend = 0, frame = 0
 5238              		@ frame_needed = 0, uses_anonymous_args = 0
 5239 0000 70B5     		push	{r4, r5, r6, lr}
 5240 0002 0500     		movs	r5, r0
 5241 0004 0C00     		movs	r4, r1
 5242 0006 0829     		cmp	r1, #8
 5243 0008 41D0     		beq	.L552
 5244 000a 0BD8     		bhi	.L553
 5245 000c 0029     		cmp	r1, #0
 5246 000e 13D0     		beq	.L554
 5247 0010 0429     		cmp	r1, #4
 5248 0012 05D1     		bne	.L565
 5249 0014 0268     		ldr	r2, [r0]
 5250 0016 D368     		ldr	r3, [r2, #12]
 5251 0018 0421     		movs	r1, #4
 5252 001a 8B43     		bics	r3, r1
 5253 001c D360     		str	r3, [r2, #12]
 5254 001e 10E0     		b	.L558
 5255              	.L565:
 5256 0020 0120     		movs	r0, #1
 5257 0022 33E0     		b	.L556
 5258              	.L553:
 5259 0024 0C29     		cmp	r1, #12
 5260 0026 05D1     		bne	.L566
 5261 0028 0268     		ldr	r2, [r0]
 5262 002a D368     		ldr	r3, [r2, #12]
ARM GAS  C:\Users\fastr\AppData\Local\Temp\ccUGQp9j.s 			page 90


 5263 002c 1021     		movs	r1, #16
 5264 002e 8B43     		bics	r3, r1
 5265 0030 D360     		str	r3, [r2, #12]
 5266 0032 06E0     		b	.L558
 5267              	.L566:
 5268 0034 0120     		movs	r0, #1
 5269 0036 29E0     		b	.L556
 5270              	.L554:
 5271 0038 0268     		ldr	r2, [r0]
 5272 003a D368     		ldr	r3, [r2, #12]
 5273 003c 0221     		movs	r1, #2
 5274 003e 8B43     		bics	r3, r1
 5275 0040 D360     		str	r3, [r2, #12]
 5276              	.L558:
 5277 0042 2868     		ldr	r0, [r5]
 5278 0044 0022     		movs	r2, #0
 5279 0046 2100     		movs	r1, r4
 5280 0048 FFF7FEFF 		bl	TIM_CCxChannelCmd
 5281 004c 2B68     		ldr	r3, [r5]
 5282 004e 234A     		ldr	r2, .L569
 5283 0050 9342     		cmp	r3, r2
 5284 0052 22D0     		beq	.L559
 5285 0054 224A     		ldr	r2, .L569+4
 5286 0056 9342     		cmp	r3, r2
 5287 0058 1FD0     		beq	.L559
 5288 005a 224A     		ldr	r2, .L569+8
 5289 005c 9342     		cmp	r3, r2
 5290 005e 1CD0     		beq	.L559
 5291 0060 214A     		ldr	r2, .L569+12
 5292 0062 9342     		cmp	r3, r2
 5293 0064 19D0     		beq	.L559
 5294              	.L560:
 5295 0066 2B68     		ldr	r3, [r5]
 5296 0068 196A     		ldr	r1, [r3, #32]
 5297 006a 204A     		ldr	r2, .L569+16
 5298 006c 1142     		tst	r1, r2
 5299 006e 07D1     		bne	.L561
 5300 0070 196A     		ldr	r1, [r3, #32]
 5301 0072 1F4A     		ldr	r2, .L569+20
 5302 0074 1142     		tst	r1, r2
 5303 0076 03D1     		bne	.L561
 5304 0078 1A68     		ldr	r2, [r3]
 5305 007a 0121     		movs	r1, #1
 5306 007c 8A43     		bics	r2, r1
 5307 007e 1A60     		str	r2, [r3]
 5308              	.L561:
 5309 0080 002C     		cmp	r4, #0
 5310 0082 17D1     		bne	.L562
 5311 0084 3E23     		movs	r3, #62
 5312 0086 0122     		movs	r2, #1
 5313 0088 EA54     		strb	r2, [r5, r3]
 5314 008a 0020     		movs	r0, #0
 5315              	.L556:
 5316              		@ sp needed
 5317 008c 70BD     		pop	{r4, r5, r6, pc}
 5318              	.L552:
 5319 008e 0268     		ldr	r2, [r0]
ARM GAS  C:\Users\fastr\AppData\Local\Temp\ccUGQp9j.s 			page 91


 5320 0090 D368     		ldr	r3, [r2, #12]
 5321 0092 0821     		movs	r1, #8
 5322 0094 8B43     		bics	r3, r1
 5323 0096 D360     		str	r3, [r2, #12]
 5324 0098 D3E7     		b	.L558
 5325              	.L559:
 5326 009a 196A     		ldr	r1, [r3, #32]
 5327 009c 134A     		ldr	r2, .L569+16
 5328 009e 1142     		tst	r1, r2
 5329 00a0 E1D1     		bne	.L560
 5330 00a2 196A     		ldr	r1, [r3, #32]
 5331 00a4 124A     		ldr	r2, .L569+20
 5332 00a6 1142     		tst	r1, r2
 5333 00a8 DDD1     		bne	.L560
 5334 00aa 5A6C     		ldr	r2, [r3, #68]
 5335 00ac 1149     		ldr	r1, .L569+24
 5336 00ae 0A40     		ands	r2, r1
 5337 00b0 5A64     		str	r2, [r3, #68]
 5338 00b2 D8E7     		b	.L560
 5339              	.L562:
 5340 00b4 042C     		cmp	r4, #4
 5341 00b6 06D0     		beq	.L567
 5342 00b8 082C     		cmp	r4, #8
 5343 00ba 09D0     		beq	.L568
 5344 00bc 4123     		movs	r3, #65
 5345 00be 0122     		movs	r2, #1
 5346 00c0 EA54     		strb	r2, [r5, r3]
 5347 00c2 0020     		movs	r0, #0
 5348 00c4 E2E7     		b	.L556
 5349              	.L567:
 5350 00c6 3F23     		movs	r3, #63
 5351 00c8 0122     		movs	r2, #1
 5352 00ca EA54     		strb	r2, [r5, r3]
 5353 00cc 0020     		movs	r0, #0
 5354 00ce DDE7     		b	.L556
 5355              	.L568:
 5356 00d0 4023     		movs	r3, #64
 5357 00d2 0122     		movs	r2, #1
 5358 00d4 EA54     		strb	r2, [r5, r3]
 5359 00d6 0020     		movs	r0, #0
 5360 00d8 D8E7     		b	.L556
 5361              	.L570:
 5362 00da C046     		.align	2
 5363              	.L569:
 5364 00dc 002C0140 		.word	1073818624
 5365 00e0 00400140 		.word	1073823744
 5366 00e4 00440140 		.word	1073824768
 5367 00e8 00480140 		.word	1073825792
 5368 00ec 11110000 		.word	4369
 5369 00f0 44040000 		.word	1092
 5370 00f4 FF7FFFFF 		.word	-32769
 5372              		.section	.text.HAL_TIM_OC_Start_DMA,"ax",%progbits
 5373              		.align	1
 5374              		.global	HAL_TIM_OC_Start_DMA
 5375              		.syntax unified
 5376              		.code	16
 5377              		.thumb_func
ARM GAS  C:\Users\fastr\AppData\Local\Temp\ccUGQp9j.s 			page 92


 5379              	HAL_TIM_OC_Start_DMA:
 5380              		@ args = 0, pretend = 0, frame = 0
 5381              		@ frame_needed = 0, uses_anonymous_args = 0
 5382 0000 70B5     		push	{r4, r5, r6, lr}
 5383 0002 0500     		movs	r5, r0
 5384 0004 0C00     		movs	r4, r1
 5385 0006 1100     		movs	r1, r2
 5386 0008 002C     		cmp	r4, #0
 5387 000a 64D1     		bne	.L572
 5388 000c 3E22     		movs	r2, #62
 5389 000e 825C     		ldrb	r2, [r0, r2]
 5390 0010 023A     		subs	r2, r2, #2
 5391 0012 5042     		rsbs	r0, r2, #0
 5392 0014 4241     		adcs	r2, r2, r0
 5393 0016 D2B2     		uxtb	r2, r2
 5394              	.L573:
 5395 0018 002A     		cmp	r2, #0
 5396 001a 00D0     		beq	.LCB5838
 5397 001c F8E0     		b	.L594	@long jump
 5398              	.LCB5838:
 5399 001e 002C     		cmp	r4, #0
 5400 0020 72D1     		bne	.L577
 5401 0022 3E32     		adds	r2, r2, #62
 5402 0024 AA5C     		ldrb	r2, [r5, r2]
 5403 0026 013A     		subs	r2, r2, #1
 5404 0028 5042     		rsbs	r0, r2, #0
 5405 002a 4241     		adcs	r2, r2, r0
 5406 002c D2B2     		uxtb	r2, r2
 5407              	.L578:
 5408 002e 002A     		cmp	r2, #0
 5409 0030 00D1     		bne	.LCB5850
 5410 0032 EFE0     		b	.L595	@long jump
 5411              	.LCB5850:
 5412 0034 0029     		cmp	r1, #0
 5413 0036 00D1     		bne	.LCB5852
 5414 0038 EEE0     		b	.L596	@long jump
 5415              	.LCB5852:
 5416 003a 002B     		cmp	r3, #0
 5417 003c 00D1     		bne	.LCB5854
 5418 003e EDE0     		b	.L597	@long jump
 5419              	.LCB5854:
 5420 0040 002C     		cmp	r4, #0
 5421 0042 7AD1     		bne	.L581
 5422 0044 3E22     		movs	r2, #62
 5423 0046 0220     		movs	r0, #2
 5424 0048 A854     		strb	r0, [r5, r2]
 5425              	.L582:
 5426 004a 6A6A     		ldr	r2, [r5, #36]
 5427 004c 7948     		ldr	r0, .L610
 5428 004e 9062     		str	r0, [r2, #40]
 5429 0050 6A6A     		ldr	r2, [r5, #36]
 5430 0052 7948     		ldr	r0, .L610+4
 5431 0054 D062     		str	r0, [r2, #44]
 5432 0056 6A6A     		ldr	r2, [r5, #36]
 5433 0058 7848     		ldr	r0, .L610+8
 5434 005a 1063     		str	r0, [r2, #48]
 5435 005c 2A68     		ldr	r2, [r5]
ARM GAS  C:\Users\fastr\AppData\Local\Temp\ccUGQp9j.s 			page 93


 5436 005e 3432     		adds	r2, r2, #52
 5437 0060 686A     		ldr	r0, [r5, #36]
 5438 0062 FFF7FEFF 		bl	HAL_DMA_Start_IT
 5439 0066 0028     		cmp	r0, #0
 5440 0068 00D0     		beq	.LCB5877
 5441 006a D9E0     		b	.L598	@long jump
 5442              	.LCB5877:
 5443 006c 2A68     		ldr	r2, [r5]
 5444 006e D168     		ldr	r1, [r2, #12]
 5445 0070 8023     		movs	r3, #128
 5446 0072 9B00     		lsls	r3, r3, #2
 5447 0074 0B43     		orrs	r3, r1
 5448 0076 D360     		str	r3, [r2, #12]
 5449              	.L589:
 5450 0078 2868     		ldr	r0, [r5]
 5451 007a 0122     		movs	r2, #1
 5452 007c 2100     		movs	r1, r4
 5453 007e FFF7FEFF 		bl	TIM_CCxChannelCmd
 5454 0082 2B68     		ldr	r3, [r5]
 5455 0084 6E4A     		ldr	r2, .L610+12
 5456 0086 9342     		cmp	r3, r2
 5457 0088 08D0     		beq	.L590
 5458 008a 6E4A     		ldr	r2, .L610+16
 5459 008c 9342     		cmp	r3, r2
 5460 008e 05D0     		beq	.L590
 5461 0090 6D4A     		ldr	r2, .L610+20
 5462 0092 9342     		cmp	r3, r2
 5463 0094 02D0     		beq	.L590
 5464 0096 6D4A     		ldr	r2, .L610+24
 5465 0098 9342     		cmp	r3, r2
 5466 009a 04D1     		bne	.L591
 5467              	.L590:
 5468 009c 596C     		ldr	r1, [r3, #68]
 5469 009e 8022     		movs	r2, #128
 5470 00a0 1202     		lsls	r2, r2, #8
 5471 00a2 0A43     		orrs	r2, r1
 5472 00a4 5A64     		str	r2, [r3, #68]
 5473              	.L591:
 5474 00a6 2B68     		ldr	r3, [r5]
 5475 00a8 654A     		ldr	r2, .L610+12
 5476 00aa 9342     		cmp	r3, r2
 5477 00ac 00D1     		bne	.LCB5914
 5478 00ae A4E0     		b	.L592	@long jump
 5479              	.LCB5914:
 5480 00b0 8022     		movs	r2, #128
 5481 00b2 D205     		lsls	r2, r2, #23
 5482 00b4 9342     		cmp	r3, r2
 5483 00b6 00D1     		bne	.LCB5918
 5484 00b8 9FE0     		b	.L592	@long jump
 5485              	.LCB5918:
 5486 00ba 654A     		ldr	r2, .L610+28
 5487 00bc 9342     		cmp	r3, r2
 5488 00be 00D1     		bne	.LCB5921
 5489 00c0 9BE0     		b	.L592	@long jump
 5490              	.LCB5921:
 5491 00c2 604A     		ldr	r2, .L610+16
 5492 00c4 9342     		cmp	r3, r2
ARM GAS  C:\Users\fastr\AppData\Local\Temp\ccUGQp9j.s 			page 94


 5493 00c6 00D1     		bne	.LCB5924
 5494 00c8 97E0     		b	.L592	@long jump
 5495              	.LCB5924:
 5496 00ca 1A68     		ldr	r2, [r3]
 5497 00cc 0121     		movs	r1, #1
 5498 00ce 0A43     		orrs	r2, r1
 5499 00d0 1A60     		str	r2, [r3]
 5500 00d2 0020     		movs	r0, #0
 5501 00d4 9FE0     		b	.L576
 5502              	.L572:
 5503 00d6 042C     		cmp	r4, #4
 5504 00d8 08D0     		beq	.L603
 5505 00da 082C     		cmp	r4, #8
 5506 00dc 0DD0     		beq	.L604
 5507 00de 4122     		movs	r2, #65
 5508 00e0 825C     		ldrb	r2, [r0, r2]
 5509 00e2 023A     		subs	r2, r2, #2
 5510 00e4 5042     		rsbs	r0, r2, #0
 5511 00e6 4241     		adcs	r2, r2, r0
 5512 00e8 D2B2     		uxtb	r2, r2
 5513 00ea 95E7     		b	.L573
 5514              	.L603:
 5515 00ec 3F22     		movs	r2, #63
 5516 00ee 825C     		ldrb	r2, [r0, r2]
 5517 00f0 023A     		subs	r2, r2, #2
 5518 00f2 5042     		rsbs	r0, r2, #0
 5519 00f4 4241     		adcs	r2, r2, r0
 5520 00f6 D2B2     		uxtb	r2, r2
 5521 00f8 8EE7     		b	.L573
 5522              	.L604:
 5523 00fa 4022     		movs	r2, #64
 5524 00fc 825C     		ldrb	r2, [r0, r2]
 5525 00fe 023A     		subs	r2, r2, #2
 5526 0100 5042     		rsbs	r0, r2, #0
 5527 0102 4241     		adcs	r2, r2, r0
 5528 0104 D2B2     		uxtb	r2, r2
 5529 0106 87E7     		b	.L573
 5530              	.L577:
 5531 0108 042C     		cmp	r4, #4
 5532 010a 08D0     		beq	.L605
 5533 010c 082C     		cmp	r4, #8
 5534 010e 0DD0     		beq	.L606
 5535 0110 4122     		movs	r2, #65
 5536 0112 AA5C     		ldrb	r2, [r5, r2]
 5537 0114 013A     		subs	r2, r2, #1
 5538 0116 5042     		rsbs	r0, r2, #0
 5539 0118 4241     		adcs	r2, r2, r0
 5540 011a D2B2     		uxtb	r2, r2
 5541 011c 87E7     		b	.L578
 5542              	.L605:
 5543 011e 3F22     		movs	r2, #63
 5544 0120 AA5C     		ldrb	r2, [r5, r2]
 5545 0122 013A     		subs	r2, r2, #1
 5546 0124 5042     		rsbs	r0, r2, #0
 5547 0126 4241     		adcs	r2, r2, r0
 5548 0128 D2B2     		uxtb	r2, r2
 5549 012a 80E7     		b	.L578
ARM GAS  C:\Users\fastr\AppData\Local\Temp\ccUGQp9j.s 			page 95


 5550              	.L606:
 5551 012c 4022     		movs	r2, #64
 5552 012e AA5C     		ldrb	r2, [r5, r2]
 5553 0130 013A     		subs	r2, r2, #1
 5554 0132 5042     		rsbs	r0, r2, #0
 5555 0134 4241     		adcs	r2, r2, r0
 5556 0136 D2B2     		uxtb	r2, r2
 5557 0138 79E7     		b	.L578
 5558              	.L581:
 5559 013a 042C     		cmp	r4, #4
 5560 013c 0ED0     		beq	.L607
 5561 013e 082C     		cmp	r4, #8
 5562 0140 26D0     		beq	.L608
 5563 0142 4122     		movs	r2, #65
 5564 0144 0220     		movs	r0, #2
 5565 0146 A854     		strb	r0, [r5, r2]
 5566 0148 082C     		cmp	r4, #8
 5567 014a 24D0     		beq	.L586
 5568 014c 3AD8     		bhi	.L587
 5569 014e 002C     		cmp	r4, #0
 5570 0150 00D1     		bne	.LCB6014
 5571 0152 7AE7     		b	.L582	@long jump
 5572              	.LCB6014:
 5573 0154 042C     		cmp	r4, #4
 5574 0156 04D0     		beq	.L584
 5575 0158 0138     		subs	r0, r0, #1
 5576 015a 5CE0     		b	.L576
 5577              	.L607:
 5578 015c 3F22     		movs	r2, #63
 5579 015e 0220     		movs	r0, #2
 5580 0160 A854     		strb	r0, [r5, r2]
 5581              	.L584:
 5582 0162 AA6A     		ldr	r2, [r5, #40]
 5583 0164 3348     		ldr	r0, .L610
 5584 0166 9062     		str	r0, [r2, #40]
 5585 0168 AA6A     		ldr	r2, [r5, #40]
 5586 016a 3348     		ldr	r0, .L610+4
 5587 016c D062     		str	r0, [r2, #44]
 5588 016e AA6A     		ldr	r2, [r5, #40]
 5589 0170 3248     		ldr	r0, .L610+8
 5590 0172 1063     		str	r0, [r2, #48]
 5591 0174 2A68     		ldr	r2, [r5]
 5592 0176 3832     		adds	r2, r2, #56
 5593 0178 A86A     		ldr	r0, [r5, #40]
 5594 017a FFF7FEFF 		bl	HAL_DMA_Start_IT
 5595 017e 0028     		cmp	r0, #0
 5596 0180 50D1     		bne	.L599
 5597 0182 2A68     		ldr	r2, [r5]
 5598 0184 D168     		ldr	r1, [r2, #12]
 5599 0186 8023     		movs	r3, #128
 5600 0188 DB00     		lsls	r3, r3, #3
 5601 018a 0B43     		orrs	r3, r1
 5602 018c D360     		str	r3, [r2, #12]
 5603 018e 73E7     		b	.L589
 5604              	.L608:
 5605 0190 4022     		movs	r2, #64
 5606 0192 0220     		movs	r0, #2
ARM GAS  C:\Users\fastr\AppData\Local\Temp\ccUGQp9j.s 			page 96


 5607 0194 A854     		strb	r0, [r5, r2]
 5608              	.L586:
 5609 0196 EA6A     		ldr	r2, [r5, #44]
 5610 0198 2648     		ldr	r0, .L610
 5611 019a 9062     		str	r0, [r2, #40]
 5612 019c EA6A     		ldr	r2, [r5, #44]
 5613 019e 2648     		ldr	r0, .L610+4
 5614 01a0 D062     		str	r0, [r2, #44]
 5615 01a2 EA6A     		ldr	r2, [r5, #44]
 5616 01a4 2548     		ldr	r0, .L610+8
 5617 01a6 1063     		str	r0, [r2, #48]
 5618 01a8 2A68     		ldr	r2, [r5]
 5619 01aa 3C32     		adds	r2, r2, #60
 5620 01ac E86A     		ldr	r0, [r5, #44]
 5621 01ae FFF7FEFF 		bl	HAL_DMA_Start_IT
 5622 01b2 0028     		cmp	r0, #0
 5623 01b4 38D1     		bne	.L600
 5624 01b6 2A68     		ldr	r2, [r5]
 5625 01b8 D168     		ldr	r1, [r2, #12]
 5626 01ba 8023     		movs	r3, #128
 5627 01bc 1B01     		lsls	r3, r3, #4
 5628 01be 0B43     		orrs	r3, r1
 5629 01c0 D360     		str	r3, [r2, #12]
 5630 01c2 59E7     		b	.L589
 5631              	.L587:
 5632 01c4 0C2C     		cmp	r4, #12
 5633 01c6 16D1     		bne	.L609
 5634 01c8 2A6B     		ldr	r2, [r5, #48]
 5635 01ca 1A48     		ldr	r0, .L610
 5636 01cc 9062     		str	r0, [r2, #40]
 5637 01ce 2A6B     		ldr	r2, [r5, #48]
 5638 01d0 1948     		ldr	r0, .L610+4
 5639 01d2 D062     		str	r0, [r2, #44]
 5640 01d4 2A6B     		ldr	r2, [r5, #48]
 5641 01d6 1948     		ldr	r0, .L610+8
 5642 01d8 1063     		str	r0, [r2, #48]
 5643 01da 2A68     		ldr	r2, [r5]
 5644 01dc 4032     		adds	r2, r2, #64
 5645 01de 286B     		ldr	r0, [r5, #48]
 5646 01e0 FFF7FEFF 		bl	HAL_DMA_Start_IT
 5647 01e4 0028     		cmp	r0, #0
 5648 01e6 21D1     		bne	.L601
 5649 01e8 2A68     		ldr	r2, [r5]
 5650 01ea D168     		ldr	r1, [r2, #12]
 5651 01ec 8023     		movs	r3, #128
 5652 01ee 5B01     		lsls	r3, r3, #5
 5653 01f0 0B43     		orrs	r3, r1
 5654 01f2 D360     		str	r3, [r2, #12]
 5655 01f4 40E7     		b	.L589
 5656              	.L609:
 5657 01f6 0120     		movs	r0, #1
 5658 01f8 0DE0     		b	.L576
 5659              	.L592:
 5660 01fa 9968     		ldr	r1, [r3, #8]
 5661 01fc 0722     		movs	r2, #7
 5662 01fe 0A40     		ands	r2, r1
 5663 0200 062A     		cmp	r2, #6
ARM GAS  C:\Users\fastr\AppData\Local\Temp\ccUGQp9j.s 			page 97


 5664 0202 15D0     		beq	.L602
 5665 0204 1A68     		ldr	r2, [r3]
 5666 0206 0121     		movs	r1, #1
 5667 0208 0A43     		orrs	r2, r1
 5668 020a 1A60     		str	r2, [r3]
 5669 020c 0020     		movs	r0, #0
 5670 020e 02E0     		b	.L576
 5671              	.L594:
 5672 0210 0220     		movs	r0, #2
 5673 0212 00E0     		b	.L576
 5674              	.L595:
 5675 0214 0120     		movs	r0, #1
 5676              	.L576:
 5677              		@ sp needed
 5678 0216 70BD     		pop	{r4, r5, r6, pc}
 5679              	.L596:
 5680 0218 0120     		movs	r0, #1
 5681 021a FCE7     		b	.L576
 5682              	.L597:
 5683 021c 0120     		movs	r0, #1
 5684 021e FAE7     		b	.L576
 5685              	.L598:
 5686 0220 0120     		movs	r0, #1
 5687 0222 F8E7     		b	.L576
 5688              	.L599:
 5689 0224 0120     		movs	r0, #1
 5690 0226 F6E7     		b	.L576
 5691              	.L600:
 5692 0228 0120     		movs	r0, #1
 5693 022a F4E7     		b	.L576
 5694              	.L601:
 5695 022c 0120     		movs	r0, #1
 5696 022e F2E7     		b	.L576
 5697              	.L602:
 5698 0230 0020     		movs	r0, #0
 5699 0232 F0E7     		b	.L576
 5700              	.L611:
 5701              		.align	2
 5702              	.L610:
 5703 0234 00000000 		.word	TIM_DMADelayPulseCplt
 5704 0238 00000000 		.word	TIM_DMADelayPulseHalfCplt
 5705 023c 00000000 		.word	TIM_DMAError
 5706 0240 002C0140 		.word	1073818624
 5707 0244 00400140 		.word	1073823744
 5708 0248 00440140 		.word	1073824768
 5709 024c 00480140 		.word	1073825792
 5710 0250 00040040 		.word	1073742848
 5712              		.section	.text.HAL_TIM_OC_Stop_DMA,"ax",%progbits
 5713              		.align	1
 5714              		.global	HAL_TIM_OC_Stop_DMA
 5715              		.syntax unified
 5716              		.code	16
 5717              		.thumb_func
 5719              	HAL_TIM_OC_Stop_DMA:
 5720              		@ args = 0, pretend = 0, frame = 0
 5721              		@ frame_needed = 0, uses_anonymous_args = 0
 5722 0000 70B5     		push	{r4, r5, r6, lr}
ARM GAS  C:\Users\fastr\AppData\Local\Temp\ccUGQp9j.s 			page 98


 5723 0002 0500     		movs	r5, r0
 5724 0004 0C00     		movs	r4, r1
 5725 0006 0829     		cmp	r1, #8
 5726 0008 4AD0     		beq	.L613
 5727 000a 0ED8     		bhi	.L614
 5728 000c 0029     		cmp	r1, #0
 5729 000e 19D0     		beq	.L615
 5730 0010 0429     		cmp	r1, #4
 5731 0012 08D1     		bne	.L626
 5732 0014 0268     		ldr	r2, [r0]
 5733 0016 D368     		ldr	r3, [r2, #12]
 5734 0018 3649     		ldr	r1, .L630
 5735 001a 0B40     		ands	r3, r1
 5736 001c D360     		str	r3, [r2, #12]
 5737 001e 806A     		ldr	r0, [r0, #40]
 5738 0020 FFF7FEFF 		bl	HAL_DMA_Abort_IT
 5739 0024 16E0     		b	.L619
 5740              	.L626:
 5741 0026 0120     		movs	r0, #1
 5742 0028 39E0     		b	.L617
 5743              	.L614:
 5744 002a 0C29     		cmp	r1, #12
 5745 002c 08D1     		bne	.L627
 5746 002e 0268     		ldr	r2, [r0]
 5747 0030 D368     		ldr	r3, [r2, #12]
 5748 0032 3149     		ldr	r1, .L630+4
 5749 0034 0B40     		ands	r3, r1
 5750 0036 D360     		str	r3, [r2, #12]
 5751 0038 006B     		ldr	r0, [r0, #48]
 5752 003a FFF7FEFF 		bl	HAL_DMA_Abort_IT
 5753 003e 09E0     		b	.L619
 5754              	.L627:
 5755 0040 0120     		movs	r0, #1
 5756 0042 2CE0     		b	.L617
 5757              	.L615:
 5758 0044 0268     		ldr	r2, [r0]
 5759 0046 D368     		ldr	r3, [r2, #12]
 5760 0048 2C49     		ldr	r1, .L630+8
 5761 004a 0B40     		ands	r3, r1
 5762 004c D360     		str	r3, [r2, #12]
 5763 004e 406A     		ldr	r0, [r0, #36]
 5764 0050 FFF7FEFF 		bl	HAL_DMA_Abort_IT
 5765              	.L619:
 5766 0054 2868     		ldr	r0, [r5]
 5767 0056 0022     		movs	r2, #0
 5768 0058 2100     		movs	r1, r4
 5769 005a FFF7FEFF 		bl	TIM_CCxChannelCmd
 5770 005e 2B68     		ldr	r3, [r5]
 5771 0060 274A     		ldr	r2, .L630+12
 5772 0062 9342     		cmp	r3, r2
 5773 0064 25D0     		beq	.L620
 5774 0066 274A     		ldr	r2, .L630+16
 5775 0068 9342     		cmp	r3, r2
 5776 006a 22D0     		beq	.L620
 5777 006c 264A     		ldr	r2, .L630+20
 5778 006e 9342     		cmp	r3, r2
 5779 0070 1FD0     		beq	.L620
ARM GAS  C:\Users\fastr\AppData\Local\Temp\ccUGQp9j.s 			page 99


 5780 0072 264A     		ldr	r2, .L630+24
 5781 0074 9342     		cmp	r3, r2
 5782 0076 1CD0     		beq	.L620
 5783              	.L621:
 5784 0078 2B68     		ldr	r3, [r5]
 5785 007a 196A     		ldr	r1, [r3, #32]
 5786 007c 244A     		ldr	r2, .L630+28
 5787 007e 1142     		tst	r1, r2
 5788 0080 07D1     		bne	.L622
 5789 0082 196A     		ldr	r1, [r3, #32]
 5790 0084 234A     		ldr	r2, .L630+32
 5791 0086 1142     		tst	r1, r2
 5792 0088 03D1     		bne	.L622
 5793 008a 1A68     		ldr	r2, [r3]
 5794 008c 0121     		movs	r1, #1
 5795 008e 8A43     		bics	r2, r1
 5796 0090 1A60     		str	r2, [r3]
 5797              	.L622:
 5798 0092 002C     		cmp	r4, #0
 5799 0094 1AD1     		bne	.L623
 5800 0096 3E23     		movs	r3, #62
 5801 0098 0122     		movs	r2, #1
 5802 009a EA54     		strb	r2, [r5, r3]
 5803 009c 0020     		movs	r0, #0
 5804              	.L617:
 5805              		@ sp needed
 5806 009e 70BD     		pop	{r4, r5, r6, pc}
 5807              	.L613:
 5808 00a0 0268     		ldr	r2, [r0]
 5809 00a2 D368     		ldr	r3, [r2, #12]
 5810 00a4 1C49     		ldr	r1, .L630+36
 5811 00a6 0B40     		ands	r3, r1
 5812 00a8 D360     		str	r3, [r2, #12]
 5813 00aa C06A     		ldr	r0, [r0, #44]
 5814 00ac FFF7FEFF 		bl	HAL_DMA_Abort_IT
 5815 00b0 D0E7     		b	.L619
 5816              	.L620:
 5817 00b2 196A     		ldr	r1, [r3, #32]
 5818 00b4 164A     		ldr	r2, .L630+28
 5819 00b6 1142     		tst	r1, r2
 5820 00b8 DED1     		bne	.L621
 5821 00ba 196A     		ldr	r1, [r3, #32]
 5822 00bc 154A     		ldr	r2, .L630+32
 5823 00be 1142     		tst	r1, r2
 5824 00c0 DAD1     		bne	.L621
 5825 00c2 5A6C     		ldr	r2, [r3, #68]
 5826 00c4 1549     		ldr	r1, .L630+40
 5827 00c6 0A40     		ands	r2, r1
 5828 00c8 5A64     		str	r2, [r3, #68]
 5829 00ca D5E7     		b	.L621
 5830              	.L623:
 5831 00cc 042C     		cmp	r4, #4
 5832 00ce 06D0     		beq	.L628
 5833 00d0 082C     		cmp	r4, #8
 5834 00d2 09D0     		beq	.L629
 5835 00d4 4123     		movs	r3, #65
 5836 00d6 0122     		movs	r2, #1
ARM GAS  C:\Users\fastr\AppData\Local\Temp\ccUGQp9j.s 			page 100


 5837 00d8 EA54     		strb	r2, [r5, r3]
 5838 00da 0020     		movs	r0, #0
 5839 00dc DFE7     		b	.L617
 5840              	.L628:
 5841 00de 3F23     		movs	r3, #63
 5842 00e0 0122     		movs	r2, #1
 5843 00e2 EA54     		strb	r2, [r5, r3]
 5844 00e4 0020     		movs	r0, #0
 5845 00e6 DAE7     		b	.L617
 5846              	.L629:
 5847 00e8 4023     		movs	r3, #64
 5848 00ea 0122     		movs	r2, #1
 5849 00ec EA54     		strb	r2, [r5, r3]
 5850 00ee 0020     		movs	r0, #0
 5851 00f0 D5E7     		b	.L617
 5852              	.L631:
 5853 00f2 C046     		.align	2
 5854              	.L630:
 5855 00f4 FFFBFFFF 		.word	-1025
 5856 00f8 FFEFFFFF 		.word	-4097
 5857 00fc FFFDFFFF 		.word	-513
 5858 0100 002C0140 		.word	1073818624
 5859 0104 00400140 		.word	1073823744
 5860 0108 00440140 		.word	1073824768
 5861 010c 00480140 		.word	1073825792
 5862 0110 11110000 		.word	4369
 5863 0114 44040000 		.word	1092
 5864 0118 FFF7FFFF 		.word	-2049
 5865 011c FF7FFFFF 		.word	-32769
 5867              		.section	.text.HAL_TIM_PWM_Start,"ax",%progbits
 5868              		.align	1
 5869              		.global	HAL_TIM_PWM_Start
 5870              		.syntax unified
 5871              		.code	16
 5872              		.thumb_func
 5874              	HAL_TIM_PWM_Start:
 5875              		@ args = 0, pretend = 0, frame = 0
 5876              		@ frame_needed = 0, uses_anonymous_args = 0
 5877 0000 10B5     		push	{r4, lr}
 5878 0002 0400     		movs	r4, r0
 5879 0004 0029     		cmp	r1, #0
 5880 0006 36D1     		bne	.L633
 5881 0008 3E23     		movs	r3, #62
 5882 000a C35C     		ldrb	r3, [r0, r3]
 5883 000c 013B     		subs	r3, r3, #1
 5884 000e 5A1E     		subs	r2, r3, #1
 5885 0010 9341     		sbcs	r3, r3, r2
 5886 0012 DBB2     		uxtb	r3, r3
 5887              	.L634:
 5888 0014 002B     		cmp	r3, #0
 5889 0016 62D1     		bne	.L646
 5890 0018 0029     		cmp	r1, #0
 5891 001a 45D1     		bne	.L638
 5892 001c 3E33     		adds	r3, r3, #62
 5893 001e 0222     		movs	r2, #2
 5894 0020 E254     		strb	r2, [r4, r3]
 5895              	.L639:
ARM GAS  C:\Users\fastr\AppData\Local\Temp\ccUGQp9j.s 			page 101


 5896 0022 2068     		ldr	r0, [r4]
 5897 0024 0122     		movs	r2, #1
 5898 0026 FFF7FEFF 		bl	TIM_CCxChannelCmd
 5899 002a 2368     		ldr	r3, [r4]
 5900 002c 2E4A     		ldr	r2, .L652
 5901 002e 9342     		cmp	r3, r2
 5902 0030 08D0     		beq	.L642
 5903 0032 2E4A     		ldr	r2, .L652+4
 5904 0034 9342     		cmp	r3, r2
 5905 0036 05D0     		beq	.L642
 5906 0038 2D4A     		ldr	r2, .L652+8
 5907 003a 9342     		cmp	r3, r2
 5908 003c 02D0     		beq	.L642
 5909 003e 2D4A     		ldr	r2, .L652+12
 5910 0040 9342     		cmp	r3, r2
 5911 0042 04D1     		bne	.L643
 5912              	.L642:
 5913 0044 596C     		ldr	r1, [r3, #68]
 5914 0046 8022     		movs	r2, #128
 5915 0048 1202     		lsls	r2, r2, #8
 5916 004a 0A43     		orrs	r2, r1
 5917 004c 5A64     		str	r2, [r3, #68]
 5918              	.L643:
 5919 004e 2368     		ldr	r3, [r4]
 5920 0050 254A     		ldr	r2, .L652
 5921 0052 9342     		cmp	r3, r2
 5922 0054 38D0     		beq	.L644
 5923 0056 8022     		movs	r2, #128
 5924 0058 D205     		lsls	r2, r2, #23
 5925 005a 9342     		cmp	r3, r2
 5926 005c 34D0     		beq	.L644
 5927 005e 264A     		ldr	r2, .L652+16
 5928 0060 9342     		cmp	r3, r2
 5929 0062 31D0     		beq	.L644
 5930 0064 214A     		ldr	r2, .L652+4
 5931 0066 9342     		cmp	r3, r2
 5932 0068 2ED0     		beq	.L644
 5933 006a 1A68     		ldr	r2, [r3]
 5934 006c 0121     		movs	r1, #1
 5935 006e 0A43     		orrs	r2, r1
 5936 0070 1A60     		str	r2, [r3]
 5937 0072 0020     		movs	r0, #0
 5938 0074 34E0     		b	.L637
 5939              	.L633:
 5940 0076 0429     		cmp	r1, #4
 5941 0078 08D0     		beq	.L648
 5942 007a 0829     		cmp	r1, #8
 5943 007c 0DD0     		beq	.L649
 5944 007e 4123     		movs	r3, #65
 5945 0080 C35C     		ldrb	r3, [r0, r3]
 5946 0082 013B     		subs	r3, r3, #1
 5947 0084 5A1E     		subs	r2, r3, #1
 5948 0086 9341     		sbcs	r3, r3, r2
 5949 0088 DBB2     		uxtb	r3, r3
 5950 008a C3E7     		b	.L634
 5951              	.L648:
 5952 008c 3F23     		movs	r3, #63
ARM GAS  C:\Users\fastr\AppData\Local\Temp\ccUGQp9j.s 			page 102


 5953 008e C35C     		ldrb	r3, [r0, r3]
 5954 0090 013B     		subs	r3, r3, #1
 5955 0092 5A1E     		subs	r2, r3, #1
 5956 0094 9341     		sbcs	r3, r3, r2
 5957 0096 DBB2     		uxtb	r3, r3
 5958 0098 BCE7     		b	.L634
 5959              	.L649:
 5960 009a 4023     		movs	r3, #64
 5961 009c C35C     		ldrb	r3, [r0, r3]
 5962 009e 013B     		subs	r3, r3, #1
 5963 00a0 5A1E     		subs	r2, r3, #1
 5964 00a2 9341     		sbcs	r3, r3, r2
 5965 00a4 DBB2     		uxtb	r3, r3
 5966 00a6 B5E7     		b	.L634
 5967              	.L638:
 5968 00a8 0429     		cmp	r1, #4
 5969 00aa 05D0     		beq	.L650
 5970 00ac 0829     		cmp	r1, #8
 5971 00ae 07D0     		beq	.L651
 5972 00b0 4123     		movs	r3, #65
 5973 00b2 0222     		movs	r2, #2
 5974 00b4 E254     		strb	r2, [r4, r3]
 5975 00b6 B4E7     		b	.L639
 5976              	.L650:
 5977 00b8 3F23     		movs	r3, #63
 5978 00ba 0222     		movs	r2, #2
 5979 00bc E254     		strb	r2, [r4, r3]
 5980 00be B0E7     		b	.L639
 5981              	.L651:
 5982 00c0 4023     		movs	r3, #64
 5983 00c2 0222     		movs	r2, #2
 5984 00c4 E254     		strb	r2, [r4, r3]
 5985 00c6 ACE7     		b	.L639
 5986              	.L644:
 5987 00c8 9968     		ldr	r1, [r3, #8]
 5988 00ca 0722     		movs	r2, #7
 5989 00cc 0A40     		ands	r2, r1
 5990 00ce 062A     		cmp	r2, #6
 5991 00d0 07D0     		beq	.L647
 5992 00d2 1A68     		ldr	r2, [r3]
 5993 00d4 0121     		movs	r1, #1
 5994 00d6 0A43     		orrs	r2, r1
 5995 00d8 1A60     		str	r2, [r3]
 5996 00da 0020     		movs	r0, #0
 5997 00dc 00E0     		b	.L637
 5998              	.L646:
 5999 00de 0120     		movs	r0, #1
 6000              	.L637:
 6001              		@ sp needed
 6002 00e0 10BD     		pop	{r4, pc}
 6003              	.L647:
 6004 00e2 0020     		movs	r0, #0
 6005 00e4 FCE7     		b	.L637
 6006              	.L653:
 6007 00e6 C046     		.align	2
 6008              	.L652:
 6009 00e8 002C0140 		.word	1073818624
ARM GAS  C:\Users\fastr\AppData\Local\Temp\ccUGQp9j.s 			page 103


 6010 00ec 00400140 		.word	1073823744
 6011 00f0 00440140 		.word	1073824768
 6012 00f4 00480140 		.word	1073825792
 6013 00f8 00040040 		.word	1073742848
 6015              		.section	.text.HAL_TIM_PWM_Stop,"ax",%progbits
 6016              		.align	1
 6017              		.global	HAL_TIM_PWM_Stop
 6018              		.syntax unified
 6019              		.code	16
 6020              		.thumb_func
 6022              	HAL_TIM_PWM_Stop:
 6023              		@ args = 0, pretend = 0, frame = 0
 6024              		@ frame_needed = 0, uses_anonymous_args = 0
 6025 0000 70B5     		push	{r4, r5, r6, lr}
 6026 0002 0400     		movs	r4, r0
 6027 0004 0D00     		movs	r5, r1
 6028 0006 0068     		ldr	r0, [r0]
 6029 0008 0022     		movs	r2, #0
 6030 000a FFF7FEFF 		bl	TIM_CCxChannelCmd
 6031 000e 2368     		ldr	r3, [r4]
 6032 0010 1E4A     		ldr	r2, .L664
 6033 0012 9342     		cmp	r3, r2
 6034 0014 1CD0     		beq	.L655
 6035 0016 1E4A     		ldr	r2, .L664+4
 6036 0018 9342     		cmp	r3, r2
 6037 001a 19D0     		beq	.L655
 6038 001c 1D4A     		ldr	r2, .L664+8
 6039 001e 9342     		cmp	r3, r2
 6040 0020 16D0     		beq	.L655
 6041 0022 1D4A     		ldr	r2, .L664+12
 6042 0024 9342     		cmp	r3, r2
 6043 0026 13D0     		beq	.L655
 6044              	.L656:
 6045 0028 2368     		ldr	r3, [r4]
 6046 002a 196A     		ldr	r1, [r3, #32]
 6047 002c 1B4A     		ldr	r2, .L664+16
 6048 002e 1142     		tst	r1, r2
 6049 0030 07D1     		bne	.L657
 6050 0032 196A     		ldr	r1, [r3, #32]
 6051 0034 1A4A     		ldr	r2, .L664+20
 6052 0036 1142     		tst	r1, r2
 6053 0038 03D1     		bne	.L657
 6054 003a 1A68     		ldr	r2, [r3]
 6055 003c 0121     		movs	r1, #1
 6056 003e 8A43     		bics	r2, r1
 6057 0040 1A60     		str	r2, [r3]
 6058              	.L657:
 6059 0042 002D     		cmp	r5, #0
 6060 0044 11D1     		bne	.L658
 6061 0046 3E23     		movs	r3, #62
 6062 0048 0122     		movs	r2, #1
 6063 004a E254     		strb	r2, [r4, r3]
 6064              	.L659:
 6065 004c 0020     		movs	r0, #0
 6066              		@ sp needed
 6067 004e 70BD     		pop	{r4, r5, r6, pc}
 6068              	.L655:
ARM GAS  C:\Users\fastr\AppData\Local\Temp\ccUGQp9j.s 			page 104


 6069 0050 196A     		ldr	r1, [r3, #32]
 6070 0052 124A     		ldr	r2, .L664+16
 6071 0054 1142     		tst	r1, r2
 6072 0056 E7D1     		bne	.L656
 6073 0058 196A     		ldr	r1, [r3, #32]
 6074 005a 114A     		ldr	r2, .L664+20
 6075 005c 1142     		tst	r1, r2
 6076 005e E3D1     		bne	.L656
 6077 0060 5A6C     		ldr	r2, [r3, #68]
 6078 0062 1049     		ldr	r1, .L664+24
 6079 0064 0A40     		ands	r2, r1
 6080 0066 5A64     		str	r2, [r3, #68]
 6081 0068 DEE7     		b	.L656
 6082              	.L658:
 6083 006a 042D     		cmp	r5, #4
 6084 006c 05D0     		beq	.L662
 6085 006e 082D     		cmp	r5, #8
 6086 0070 07D0     		beq	.L663
 6087 0072 4123     		movs	r3, #65
 6088 0074 0122     		movs	r2, #1
 6089 0076 E254     		strb	r2, [r4, r3]
 6090 0078 E8E7     		b	.L659
 6091              	.L662:
 6092 007a 3F23     		movs	r3, #63
 6093 007c 0122     		movs	r2, #1
 6094 007e E254     		strb	r2, [r4, r3]
 6095 0080 E4E7     		b	.L659
 6096              	.L663:
 6097 0082 4023     		movs	r3, #64
 6098 0084 0122     		movs	r2, #1
 6099 0086 E254     		strb	r2, [r4, r3]
 6100 0088 E0E7     		b	.L659
 6101              	.L665:
 6102 008a C046     		.align	2
 6103              	.L664:
 6104 008c 002C0140 		.word	1073818624
 6105 0090 00400140 		.word	1073823744
 6106 0094 00440140 		.word	1073824768
 6107 0098 00480140 		.word	1073825792
 6108 009c 11110000 		.word	4369
 6109 00a0 44040000 		.word	1092
 6110 00a4 FF7FFFFF 		.word	-32769
 6112              		.section	.text.HAL_TIM_PWM_Start_IT,"ax",%progbits
 6113              		.align	1
 6114              		.global	HAL_TIM_PWM_Start_IT
 6115              		.syntax unified
 6116              		.code	16
 6117              		.thumb_func
 6119              	HAL_TIM_PWM_Start_IT:
 6120              		@ args = 0, pretend = 0, frame = 0
 6121              		@ frame_needed = 0, uses_anonymous_args = 0
 6122 0000 10B5     		push	{r4, lr}
 6123 0002 0400     		movs	r4, r0
 6124 0004 0029     		cmp	r1, #0
 6125 0006 3CD1     		bne	.L667
 6126 0008 3E23     		movs	r3, #62
 6127 000a C35C     		ldrb	r3, [r0, r3]
ARM GAS  C:\Users\fastr\AppData\Local\Temp\ccUGQp9j.s 			page 105


 6128 000c 013B     		subs	r3, r3, #1
 6129 000e 5A1E     		subs	r2, r3, #1
 6130 0010 9341     		sbcs	r3, r3, r2
 6131 0012 DBB2     		uxtb	r3, r3
 6132              	.L668:
 6133 0014 002B     		cmp	r3, #0
 6134 0016 00D0     		beq	.LCB6676
 6135 0018 83E0     		b	.L685	@long jump
 6136              	.LCB6676:
 6137 001a 0029     		cmp	r1, #0
 6138 001c 4AD1     		bne	.L672
 6139 001e 3E33     		adds	r3, r3, #62
 6140 0020 0222     		movs	r2, #2
 6141 0022 E254     		strb	r2, [r4, r3]
 6142              	.L673:
 6143 0024 2268     		ldr	r2, [r4]
 6144 0026 D368     		ldr	r3, [r2, #12]
 6145 0028 0220     		movs	r0, #2
 6146 002a 0343     		orrs	r3, r0
 6147 002c D360     		str	r3, [r2, #12]
 6148              	.L680:
 6149 002e 2068     		ldr	r0, [r4]
 6150 0030 0122     		movs	r2, #1
 6151 0032 FFF7FEFF 		bl	TIM_CCxChannelCmd
 6152 0036 2368     		ldr	r3, [r4]
 6153 0038 3C4A     		ldr	r2, .L692
 6154 003a 9342     		cmp	r3, r2
 6155 003c 08D0     		beq	.L681
 6156 003e 3C4A     		ldr	r2, .L692+4
 6157 0040 9342     		cmp	r3, r2
 6158 0042 05D0     		beq	.L681
 6159 0044 3B4A     		ldr	r2, .L692+8
 6160 0046 9342     		cmp	r3, r2
 6161 0048 02D0     		beq	.L681
 6162 004a 3B4A     		ldr	r2, .L692+12
 6163 004c 9342     		cmp	r3, r2
 6164 004e 04D1     		bne	.L682
 6165              	.L681:
 6166 0050 596C     		ldr	r1, [r3, #68]
 6167 0052 8022     		movs	r2, #128
 6168 0054 1202     		lsls	r2, r2, #8
 6169 0056 0A43     		orrs	r2, r1
 6170 0058 5A64     		str	r2, [r3, #68]
 6171              	.L682:
 6172 005a 2368     		ldr	r3, [r4]
 6173 005c 334A     		ldr	r2, .L692
 6174 005e 9342     		cmp	r3, r2
 6175 0060 54D0     		beq	.L683
 6176 0062 8022     		movs	r2, #128
 6177 0064 D205     		lsls	r2, r2, #23
 6178 0066 9342     		cmp	r3, r2
 6179 0068 50D0     		beq	.L683
 6180 006a 344A     		ldr	r2, .L692+16
 6181 006c 9342     		cmp	r3, r2
 6182 006e 4DD0     		beq	.L683
 6183 0070 2F4A     		ldr	r2, .L692+4
 6184 0072 9342     		cmp	r3, r2
ARM GAS  C:\Users\fastr\AppData\Local\Temp\ccUGQp9j.s 			page 106


 6185 0074 4AD0     		beq	.L683
 6186 0076 1A68     		ldr	r2, [r3]
 6187 0078 0121     		movs	r1, #1
 6188 007a 0A43     		orrs	r2, r1
 6189 007c 1A60     		str	r2, [r3]
 6190 007e 0020     		movs	r0, #0
 6191 0080 50E0     		b	.L671
 6192              	.L667:
 6193 0082 0429     		cmp	r1, #4
 6194 0084 08D0     		beq	.L687
 6195 0086 0829     		cmp	r1, #8
 6196 0088 0DD0     		beq	.L688
 6197 008a 4123     		movs	r3, #65
 6198 008c C35C     		ldrb	r3, [r0, r3]
 6199 008e 013B     		subs	r3, r3, #1
 6200 0090 5A1E     		subs	r2, r3, #1
 6201 0092 9341     		sbcs	r3, r3, r2
 6202 0094 DBB2     		uxtb	r3, r3
 6203 0096 BDE7     		b	.L668
 6204              	.L687:
 6205 0098 3F23     		movs	r3, #63
 6206 009a C35C     		ldrb	r3, [r0, r3]
 6207 009c 013B     		subs	r3, r3, #1
 6208 009e 5A1E     		subs	r2, r3, #1
 6209 00a0 9341     		sbcs	r3, r3, r2
 6210 00a2 DBB2     		uxtb	r3, r3
 6211 00a4 B6E7     		b	.L668
 6212              	.L688:
 6213 00a6 4023     		movs	r3, #64
 6214 00a8 C35C     		ldrb	r3, [r0, r3]
 6215 00aa 013B     		subs	r3, r3, #1
 6216 00ac 5A1E     		subs	r2, r3, #1
 6217 00ae 9341     		sbcs	r3, r3, r2
 6218 00b0 DBB2     		uxtb	r3, r3
 6219 00b2 AFE7     		b	.L668
 6220              	.L672:
 6221 00b4 0429     		cmp	r1, #4
 6222 00b6 0DD0     		beq	.L689
 6223 00b8 0829     		cmp	r1, #8
 6224 00ba 14D0     		beq	.L690
 6225 00bc 4123     		movs	r3, #65
 6226 00be 0222     		movs	r2, #2
 6227 00c0 E254     		strb	r2, [r4, r3]
 6228 00c2 0829     		cmp	r1, #8
 6229 00c4 12D0     		beq	.L677
 6230 00c6 17D8     		bhi	.L678
 6231 00c8 0029     		cmp	r1, #0
 6232 00ca ABD0     		beq	.L673
 6233 00cc 0429     		cmp	r1, #4
 6234 00ce 04D0     		beq	.L675
 6235 00d0 0120     		movs	r0, #1
 6236 00d2 27E0     		b	.L671
 6237              	.L689:
 6238 00d4 3F23     		movs	r3, #63
 6239 00d6 0222     		movs	r2, #2
 6240 00d8 E254     		strb	r2, [r4, r3]
 6241              	.L675:
ARM GAS  C:\Users\fastr\AppData\Local\Temp\ccUGQp9j.s 			page 107


 6242 00da 2268     		ldr	r2, [r4]
 6243 00dc D368     		ldr	r3, [r2, #12]
 6244 00de 0420     		movs	r0, #4
 6245 00e0 0343     		orrs	r3, r0
 6246 00e2 D360     		str	r3, [r2, #12]
 6247 00e4 A3E7     		b	.L680
 6248              	.L690:
 6249 00e6 4023     		movs	r3, #64
 6250 00e8 0222     		movs	r2, #2
 6251 00ea E254     		strb	r2, [r4, r3]
 6252              	.L677:
 6253 00ec 2268     		ldr	r2, [r4]
 6254 00ee D368     		ldr	r3, [r2, #12]
 6255 00f0 0820     		movs	r0, #8
 6256 00f2 0343     		orrs	r3, r0
 6257 00f4 D360     		str	r3, [r2, #12]
 6258 00f6 9AE7     		b	.L680
 6259              	.L678:
 6260 00f8 0C29     		cmp	r1, #12
 6261 00fa 05D1     		bne	.L691
 6262 00fc 2268     		ldr	r2, [r4]
 6263 00fe D368     		ldr	r3, [r2, #12]
 6264 0100 1020     		movs	r0, #16
 6265 0102 0343     		orrs	r3, r0
 6266 0104 D360     		str	r3, [r2, #12]
 6267 0106 92E7     		b	.L680
 6268              	.L691:
 6269 0108 0120     		movs	r0, #1
 6270 010a 0BE0     		b	.L671
 6271              	.L683:
 6272 010c 9968     		ldr	r1, [r3, #8]
 6273 010e 0722     		movs	r2, #7
 6274 0110 0A40     		ands	r2, r1
 6275 0112 062A     		cmp	r2, #6
 6276 0114 07D0     		beq	.L686
 6277 0116 1A68     		ldr	r2, [r3]
 6278 0118 0121     		movs	r1, #1
 6279 011a 0A43     		orrs	r2, r1
 6280 011c 1A60     		str	r2, [r3]
 6281 011e 0020     		movs	r0, #0
 6282 0120 00E0     		b	.L671
 6283              	.L685:
 6284 0122 0120     		movs	r0, #1
 6285              	.L671:
 6286              		@ sp needed
 6287 0124 10BD     		pop	{r4, pc}
 6288              	.L686:
 6289 0126 0020     		movs	r0, #0
 6290 0128 FCE7     		b	.L671
 6291              	.L693:
 6292 012a C046     		.align	2
 6293              	.L692:
 6294 012c 002C0140 		.word	1073818624
 6295 0130 00400140 		.word	1073823744
 6296 0134 00440140 		.word	1073824768
 6297 0138 00480140 		.word	1073825792
 6298 013c 00040040 		.word	1073742848
ARM GAS  C:\Users\fastr\AppData\Local\Temp\ccUGQp9j.s 			page 108


 6300              		.section	.text.HAL_TIM_PWM_Stop_IT,"ax",%progbits
 6301              		.align	1
 6302              		.global	HAL_TIM_PWM_Stop_IT
 6303              		.syntax unified
 6304              		.code	16
 6305              		.thumb_func
 6307              	HAL_TIM_PWM_Stop_IT:
 6308              		@ args = 0, pretend = 0, frame = 0
 6309              		@ frame_needed = 0, uses_anonymous_args = 0
 6310 0000 70B5     		push	{r4, r5, r6, lr}
 6311 0002 0500     		movs	r5, r0
 6312 0004 0C00     		movs	r4, r1
 6313 0006 0829     		cmp	r1, #8
 6314 0008 41D0     		beq	.L695
 6315 000a 0BD8     		bhi	.L696
 6316 000c 0029     		cmp	r1, #0
 6317 000e 13D0     		beq	.L697
 6318 0010 0429     		cmp	r1, #4
 6319 0012 05D1     		bne	.L708
 6320 0014 0268     		ldr	r2, [r0]
 6321 0016 D368     		ldr	r3, [r2, #12]
 6322 0018 0421     		movs	r1, #4
 6323 001a 8B43     		bics	r3, r1
 6324 001c D360     		str	r3, [r2, #12]
 6325 001e 10E0     		b	.L701
 6326              	.L708:
 6327 0020 0120     		movs	r0, #1
 6328 0022 33E0     		b	.L699
 6329              	.L696:
 6330 0024 0C29     		cmp	r1, #12
 6331 0026 05D1     		bne	.L709
 6332 0028 0268     		ldr	r2, [r0]
 6333 002a D368     		ldr	r3, [r2, #12]
 6334 002c 1021     		movs	r1, #16
 6335 002e 8B43     		bics	r3, r1
 6336 0030 D360     		str	r3, [r2, #12]
 6337 0032 06E0     		b	.L701
 6338              	.L709:
 6339 0034 0120     		movs	r0, #1
 6340 0036 29E0     		b	.L699
 6341              	.L697:
 6342 0038 0268     		ldr	r2, [r0]
 6343 003a D368     		ldr	r3, [r2, #12]
 6344 003c 0221     		movs	r1, #2
 6345 003e 8B43     		bics	r3, r1
 6346 0040 D360     		str	r3, [r2, #12]
 6347              	.L701:
 6348 0042 2868     		ldr	r0, [r5]
 6349 0044 0022     		movs	r2, #0
 6350 0046 2100     		movs	r1, r4
 6351 0048 FFF7FEFF 		bl	TIM_CCxChannelCmd
 6352 004c 2B68     		ldr	r3, [r5]
 6353 004e 234A     		ldr	r2, .L712
 6354 0050 9342     		cmp	r3, r2
 6355 0052 22D0     		beq	.L702
 6356 0054 224A     		ldr	r2, .L712+4
 6357 0056 9342     		cmp	r3, r2
ARM GAS  C:\Users\fastr\AppData\Local\Temp\ccUGQp9j.s 			page 109


 6358 0058 1FD0     		beq	.L702
 6359 005a 224A     		ldr	r2, .L712+8
 6360 005c 9342     		cmp	r3, r2
 6361 005e 1CD0     		beq	.L702
 6362 0060 214A     		ldr	r2, .L712+12
 6363 0062 9342     		cmp	r3, r2
 6364 0064 19D0     		beq	.L702
 6365              	.L703:
 6366 0066 2B68     		ldr	r3, [r5]
 6367 0068 196A     		ldr	r1, [r3, #32]
 6368 006a 204A     		ldr	r2, .L712+16
 6369 006c 1142     		tst	r1, r2
 6370 006e 07D1     		bne	.L704
 6371 0070 196A     		ldr	r1, [r3, #32]
 6372 0072 1F4A     		ldr	r2, .L712+20
 6373 0074 1142     		tst	r1, r2
 6374 0076 03D1     		bne	.L704
 6375 0078 1A68     		ldr	r2, [r3]
 6376 007a 0121     		movs	r1, #1
 6377 007c 8A43     		bics	r2, r1
 6378 007e 1A60     		str	r2, [r3]
 6379              	.L704:
 6380 0080 002C     		cmp	r4, #0
 6381 0082 17D1     		bne	.L705
 6382 0084 3E23     		movs	r3, #62
 6383 0086 0122     		movs	r2, #1
 6384 0088 EA54     		strb	r2, [r5, r3]
 6385 008a 0020     		movs	r0, #0
 6386              	.L699:
 6387              		@ sp needed
 6388 008c 70BD     		pop	{r4, r5, r6, pc}
 6389              	.L695:
 6390 008e 0268     		ldr	r2, [r0]
 6391 0090 D368     		ldr	r3, [r2, #12]
 6392 0092 0821     		movs	r1, #8
 6393 0094 8B43     		bics	r3, r1
 6394 0096 D360     		str	r3, [r2, #12]
 6395 0098 D3E7     		b	.L701
 6396              	.L702:
 6397 009a 196A     		ldr	r1, [r3, #32]
 6398 009c 134A     		ldr	r2, .L712+16
 6399 009e 1142     		tst	r1, r2
 6400 00a0 E1D1     		bne	.L703
 6401 00a2 196A     		ldr	r1, [r3, #32]
 6402 00a4 124A     		ldr	r2, .L712+20
 6403 00a6 1142     		tst	r1, r2
 6404 00a8 DDD1     		bne	.L703
 6405 00aa 5A6C     		ldr	r2, [r3, #68]
 6406 00ac 1149     		ldr	r1, .L712+24
 6407 00ae 0A40     		ands	r2, r1
 6408 00b0 5A64     		str	r2, [r3, #68]
 6409 00b2 D8E7     		b	.L703
 6410              	.L705:
 6411 00b4 042C     		cmp	r4, #4
 6412 00b6 06D0     		beq	.L710
 6413 00b8 082C     		cmp	r4, #8
 6414 00ba 09D0     		beq	.L711
ARM GAS  C:\Users\fastr\AppData\Local\Temp\ccUGQp9j.s 			page 110


 6415 00bc 4123     		movs	r3, #65
 6416 00be 0122     		movs	r2, #1
 6417 00c0 EA54     		strb	r2, [r5, r3]
 6418 00c2 0020     		movs	r0, #0
 6419 00c4 E2E7     		b	.L699
 6420              	.L710:
 6421 00c6 3F23     		movs	r3, #63
 6422 00c8 0122     		movs	r2, #1
 6423 00ca EA54     		strb	r2, [r5, r3]
 6424 00cc 0020     		movs	r0, #0
 6425 00ce DDE7     		b	.L699
 6426              	.L711:
 6427 00d0 4023     		movs	r3, #64
 6428 00d2 0122     		movs	r2, #1
 6429 00d4 EA54     		strb	r2, [r5, r3]
 6430 00d6 0020     		movs	r0, #0
 6431 00d8 D8E7     		b	.L699
 6432              	.L713:
 6433 00da C046     		.align	2
 6434              	.L712:
 6435 00dc 002C0140 		.word	1073818624
 6436 00e0 00400140 		.word	1073823744
 6437 00e4 00440140 		.word	1073824768
 6438 00e8 00480140 		.word	1073825792
 6439 00ec 11110000 		.word	4369
 6440 00f0 44040000 		.word	1092
 6441 00f4 FF7FFFFF 		.word	-32769
 6443              		.section	.text.HAL_TIM_PWM_Start_DMA,"ax",%progbits
 6444              		.align	1
 6445              		.global	HAL_TIM_PWM_Start_DMA
 6446              		.syntax unified
 6447              		.code	16
 6448              		.thumb_func
 6450              	HAL_TIM_PWM_Start_DMA:
 6451              		@ args = 0, pretend = 0, frame = 0
 6452              		@ frame_needed = 0, uses_anonymous_args = 0
 6453 0000 70B5     		push	{r4, r5, r6, lr}
 6454 0002 0500     		movs	r5, r0
 6455 0004 0C00     		movs	r4, r1
 6456 0006 1100     		movs	r1, r2
 6457 0008 002C     		cmp	r4, #0
 6458 000a 64D1     		bne	.L715
 6459 000c 3E22     		movs	r2, #62
 6460 000e 825C     		ldrb	r2, [r0, r2]
 6461 0010 023A     		subs	r2, r2, #2
 6462 0012 5042     		rsbs	r0, r2, #0
 6463 0014 4241     		adcs	r2, r2, r0
 6464 0016 D2B2     		uxtb	r2, r2
 6465              	.L716:
 6466 0018 002A     		cmp	r2, #0
 6467 001a 00D0     		beq	.LCB7064
 6468 001c F8E0     		b	.L737	@long jump
 6469              	.LCB7064:
 6470 001e 002C     		cmp	r4, #0
 6471 0020 72D1     		bne	.L720
 6472 0022 3E32     		adds	r2, r2, #62
 6473 0024 AA5C     		ldrb	r2, [r5, r2]
ARM GAS  C:\Users\fastr\AppData\Local\Temp\ccUGQp9j.s 			page 111


 6474 0026 013A     		subs	r2, r2, #1
 6475 0028 5042     		rsbs	r0, r2, #0
 6476 002a 4241     		adcs	r2, r2, r0
 6477 002c D2B2     		uxtb	r2, r2
 6478              	.L721:
 6479 002e 002A     		cmp	r2, #0
 6480 0030 00D1     		bne	.LCB7076
 6481 0032 EFE0     		b	.L738	@long jump
 6482              	.LCB7076:
 6483 0034 0029     		cmp	r1, #0
 6484 0036 00D1     		bne	.LCB7078
 6485 0038 EEE0     		b	.L739	@long jump
 6486              	.LCB7078:
 6487 003a 002B     		cmp	r3, #0
 6488 003c 00D1     		bne	.LCB7080
 6489 003e EDE0     		b	.L740	@long jump
 6490              	.LCB7080:
 6491 0040 002C     		cmp	r4, #0
 6492 0042 7AD1     		bne	.L724
 6493 0044 3E22     		movs	r2, #62
 6494 0046 0220     		movs	r0, #2
 6495 0048 A854     		strb	r0, [r5, r2]
 6496              	.L725:
 6497 004a 6A6A     		ldr	r2, [r5, #36]
 6498 004c 7948     		ldr	r0, .L753
 6499 004e 9062     		str	r0, [r2, #40]
 6500 0050 6A6A     		ldr	r2, [r5, #36]
 6501 0052 7948     		ldr	r0, .L753+4
 6502 0054 D062     		str	r0, [r2, #44]
 6503 0056 6A6A     		ldr	r2, [r5, #36]
 6504 0058 7848     		ldr	r0, .L753+8
 6505 005a 1063     		str	r0, [r2, #48]
 6506 005c 2A68     		ldr	r2, [r5]
 6507 005e 3432     		adds	r2, r2, #52
 6508 0060 686A     		ldr	r0, [r5, #36]
 6509 0062 FFF7FEFF 		bl	HAL_DMA_Start_IT
 6510 0066 0028     		cmp	r0, #0
 6511 0068 00D0     		beq	.LCB7103
 6512 006a D9E0     		b	.L741	@long jump
 6513              	.LCB7103:
 6514 006c 2A68     		ldr	r2, [r5]
 6515 006e D168     		ldr	r1, [r2, #12]
 6516 0070 8023     		movs	r3, #128
 6517 0072 9B00     		lsls	r3, r3, #2
 6518 0074 0B43     		orrs	r3, r1
 6519 0076 D360     		str	r3, [r2, #12]
 6520              	.L732:
 6521 0078 2868     		ldr	r0, [r5]
 6522 007a 0122     		movs	r2, #1
 6523 007c 2100     		movs	r1, r4
 6524 007e FFF7FEFF 		bl	TIM_CCxChannelCmd
 6525 0082 2B68     		ldr	r3, [r5]
 6526 0084 6E4A     		ldr	r2, .L753+12
 6527 0086 9342     		cmp	r3, r2
 6528 0088 08D0     		beq	.L733
 6529 008a 6E4A     		ldr	r2, .L753+16
 6530 008c 9342     		cmp	r3, r2
ARM GAS  C:\Users\fastr\AppData\Local\Temp\ccUGQp9j.s 			page 112


 6531 008e 05D0     		beq	.L733
 6532 0090 6D4A     		ldr	r2, .L753+20
 6533 0092 9342     		cmp	r3, r2
 6534 0094 02D0     		beq	.L733
 6535 0096 6D4A     		ldr	r2, .L753+24
 6536 0098 9342     		cmp	r3, r2
 6537 009a 04D1     		bne	.L734
 6538              	.L733:
 6539 009c 596C     		ldr	r1, [r3, #68]
 6540 009e 8022     		movs	r2, #128
 6541 00a0 1202     		lsls	r2, r2, #8
 6542 00a2 0A43     		orrs	r2, r1
 6543 00a4 5A64     		str	r2, [r3, #68]
 6544              	.L734:
 6545 00a6 2B68     		ldr	r3, [r5]
 6546 00a8 654A     		ldr	r2, .L753+12
 6547 00aa 9342     		cmp	r3, r2
 6548 00ac 00D1     		bne	.LCB7140
 6549 00ae A4E0     		b	.L735	@long jump
 6550              	.LCB7140:
 6551 00b0 8022     		movs	r2, #128
 6552 00b2 D205     		lsls	r2, r2, #23
 6553 00b4 9342     		cmp	r3, r2
 6554 00b6 00D1     		bne	.LCB7144
 6555 00b8 9FE0     		b	.L735	@long jump
 6556              	.LCB7144:
 6557 00ba 654A     		ldr	r2, .L753+28
 6558 00bc 9342     		cmp	r3, r2
 6559 00be 00D1     		bne	.LCB7147
 6560 00c0 9BE0     		b	.L735	@long jump
 6561              	.LCB7147:
 6562 00c2 604A     		ldr	r2, .L753+16
 6563 00c4 9342     		cmp	r3, r2
 6564 00c6 00D1     		bne	.LCB7150
 6565 00c8 97E0     		b	.L735	@long jump
 6566              	.LCB7150:
 6567 00ca 1A68     		ldr	r2, [r3]
 6568 00cc 0121     		movs	r1, #1
 6569 00ce 0A43     		orrs	r2, r1
 6570 00d0 1A60     		str	r2, [r3]
 6571 00d2 0020     		movs	r0, #0
 6572 00d4 9FE0     		b	.L719
 6573              	.L715:
 6574 00d6 042C     		cmp	r4, #4
 6575 00d8 08D0     		beq	.L746
 6576 00da 082C     		cmp	r4, #8
 6577 00dc 0DD0     		beq	.L747
 6578 00de 4122     		movs	r2, #65
 6579 00e0 825C     		ldrb	r2, [r0, r2]
 6580 00e2 023A     		subs	r2, r2, #2
 6581 00e4 5042     		rsbs	r0, r2, #0
 6582 00e6 4241     		adcs	r2, r2, r0
 6583 00e8 D2B2     		uxtb	r2, r2
 6584 00ea 95E7     		b	.L716
 6585              	.L746:
 6586 00ec 3F22     		movs	r2, #63
 6587 00ee 825C     		ldrb	r2, [r0, r2]
ARM GAS  C:\Users\fastr\AppData\Local\Temp\ccUGQp9j.s 			page 113


 6588 00f0 023A     		subs	r2, r2, #2
 6589 00f2 5042     		rsbs	r0, r2, #0
 6590 00f4 4241     		adcs	r2, r2, r0
 6591 00f6 D2B2     		uxtb	r2, r2
 6592 00f8 8EE7     		b	.L716
 6593              	.L747:
 6594 00fa 4022     		movs	r2, #64
 6595 00fc 825C     		ldrb	r2, [r0, r2]
 6596 00fe 023A     		subs	r2, r2, #2
 6597 0100 5042     		rsbs	r0, r2, #0
 6598 0102 4241     		adcs	r2, r2, r0
 6599 0104 D2B2     		uxtb	r2, r2
 6600 0106 87E7     		b	.L716
 6601              	.L720:
 6602 0108 042C     		cmp	r4, #4
 6603 010a 08D0     		beq	.L748
 6604 010c 082C     		cmp	r4, #8
 6605 010e 0DD0     		beq	.L749
 6606 0110 4122     		movs	r2, #65
 6607 0112 AA5C     		ldrb	r2, [r5, r2]
 6608 0114 013A     		subs	r2, r2, #1
 6609 0116 5042     		rsbs	r0, r2, #0
 6610 0118 4241     		adcs	r2, r2, r0
 6611 011a D2B2     		uxtb	r2, r2
 6612 011c 87E7     		b	.L721
 6613              	.L748:
 6614 011e 3F22     		movs	r2, #63
 6615 0120 AA5C     		ldrb	r2, [r5, r2]
 6616 0122 013A     		subs	r2, r2, #1
 6617 0124 5042     		rsbs	r0, r2, #0
 6618 0126 4241     		adcs	r2, r2, r0
 6619 0128 D2B2     		uxtb	r2, r2
 6620 012a 80E7     		b	.L721
 6621              	.L749:
 6622 012c 4022     		movs	r2, #64
 6623 012e AA5C     		ldrb	r2, [r5, r2]
 6624 0130 013A     		subs	r2, r2, #1
 6625 0132 5042     		rsbs	r0, r2, #0
 6626 0134 4241     		adcs	r2, r2, r0
 6627 0136 D2B2     		uxtb	r2, r2
 6628 0138 79E7     		b	.L721
 6629              	.L724:
 6630 013a 042C     		cmp	r4, #4
 6631 013c 0ED0     		beq	.L750
 6632 013e 082C     		cmp	r4, #8
 6633 0140 26D0     		beq	.L751
 6634 0142 4122     		movs	r2, #65
 6635 0144 0220     		movs	r0, #2
 6636 0146 A854     		strb	r0, [r5, r2]
 6637 0148 082C     		cmp	r4, #8
 6638 014a 24D0     		beq	.L729
 6639 014c 3AD8     		bhi	.L730
 6640 014e 002C     		cmp	r4, #0
 6641 0150 00D1     		bne	.LCB7240
 6642 0152 7AE7     		b	.L725	@long jump
 6643              	.LCB7240:
 6644 0154 042C     		cmp	r4, #4
ARM GAS  C:\Users\fastr\AppData\Local\Temp\ccUGQp9j.s 			page 114


 6645 0156 04D0     		beq	.L727
 6646 0158 0138     		subs	r0, r0, #1
 6647 015a 5CE0     		b	.L719
 6648              	.L750:
 6649 015c 3F22     		movs	r2, #63
 6650 015e 0220     		movs	r0, #2
 6651 0160 A854     		strb	r0, [r5, r2]
 6652              	.L727:
 6653 0162 AA6A     		ldr	r2, [r5, #40]
 6654 0164 3348     		ldr	r0, .L753
 6655 0166 9062     		str	r0, [r2, #40]
 6656 0168 AA6A     		ldr	r2, [r5, #40]
 6657 016a 3348     		ldr	r0, .L753+4
 6658 016c D062     		str	r0, [r2, #44]
 6659 016e AA6A     		ldr	r2, [r5, #40]
 6660 0170 3248     		ldr	r0, .L753+8
 6661 0172 1063     		str	r0, [r2, #48]
 6662 0174 2A68     		ldr	r2, [r5]
 6663 0176 3832     		adds	r2, r2, #56
 6664 0178 A86A     		ldr	r0, [r5, #40]
 6665 017a FFF7FEFF 		bl	HAL_DMA_Start_IT
 6666 017e 0028     		cmp	r0, #0
 6667 0180 50D1     		bne	.L742
 6668 0182 2A68     		ldr	r2, [r5]
 6669 0184 D168     		ldr	r1, [r2, #12]
 6670 0186 8023     		movs	r3, #128
 6671 0188 DB00     		lsls	r3, r3, #3
 6672 018a 0B43     		orrs	r3, r1
 6673 018c D360     		str	r3, [r2, #12]
 6674 018e 73E7     		b	.L732
 6675              	.L751:
 6676 0190 4022     		movs	r2, #64
 6677 0192 0220     		movs	r0, #2
 6678 0194 A854     		strb	r0, [r5, r2]
 6679              	.L729:
 6680 0196 EA6A     		ldr	r2, [r5, #44]
 6681 0198 2648     		ldr	r0, .L753
 6682 019a 9062     		str	r0, [r2, #40]
 6683 019c EA6A     		ldr	r2, [r5, #44]
 6684 019e 2648     		ldr	r0, .L753+4
 6685 01a0 D062     		str	r0, [r2, #44]
 6686 01a2 EA6A     		ldr	r2, [r5, #44]
 6687 01a4 2548     		ldr	r0, .L753+8
 6688 01a6 1063     		str	r0, [r2, #48]
 6689 01a8 2A68     		ldr	r2, [r5]
 6690 01aa 3C32     		adds	r2, r2, #60
 6691 01ac E86A     		ldr	r0, [r5, #44]
 6692 01ae FFF7FEFF 		bl	HAL_DMA_Start_IT
 6693 01b2 0028     		cmp	r0, #0
 6694 01b4 38D1     		bne	.L743
 6695 01b6 2A68     		ldr	r2, [r5]
 6696 01b8 D168     		ldr	r1, [r2, #12]
 6697 01ba 8023     		movs	r3, #128
 6698 01bc 1B01     		lsls	r3, r3, #4
 6699 01be 0B43     		orrs	r3, r1
 6700 01c0 D360     		str	r3, [r2, #12]
 6701 01c2 59E7     		b	.L732
ARM GAS  C:\Users\fastr\AppData\Local\Temp\ccUGQp9j.s 			page 115


 6702              	.L730:
 6703 01c4 0C2C     		cmp	r4, #12
 6704 01c6 16D1     		bne	.L752
 6705 01c8 2A6B     		ldr	r2, [r5, #48]
 6706 01ca 1A48     		ldr	r0, .L753
 6707 01cc 9062     		str	r0, [r2, #40]
 6708 01ce 2A6B     		ldr	r2, [r5, #48]
 6709 01d0 1948     		ldr	r0, .L753+4
 6710 01d2 D062     		str	r0, [r2, #44]
 6711 01d4 2A6B     		ldr	r2, [r5, #48]
 6712 01d6 1948     		ldr	r0, .L753+8
 6713 01d8 1063     		str	r0, [r2, #48]
 6714 01da 2A68     		ldr	r2, [r5]
 6715 01dc 4032     		adds	r2, r2, #64
 6716 01de 286B     		ldr	r0, [r5, #48]
 6717 01e0 FFF7FEFF 		bl	HAL_DMA_Start_IT
 6718 01e4 0028     		cmp	r0, #0
 6719 01e6 21D1     		bne	.L744
 6720 01e8 2A68     		ldr	r2, [r5]
 6721 01ea D168     		ldr	r1, [r2, #12]
 6722 01ec 8023     		movs	r3, #128
 6723 01ee 5B01     		lsls	r3, r3, #5
 6724 01f0 0B43     		orrs	r3, r1
 6725 01f2 D360     		str	r3, [r2, #12]
 6726 01f4 40E7     		b	.L732
 6727              	.L752:
 6728 01f6 0120     		movs	r0, #1
 6729 01f8 0DE0     		b	.L719
 6730              	.L735:
 6731 01fa 9968     		ldr	r1, [r3, #8]
 6732 01fc 0722     		movs	r2, #7
 6733 01fe 0A40     		ands	r2, r1
 6734 0200 062A     		cmp	r2, #6
 6735 0202 15D0     		beq	.L745
 6736 0204 1A68     		ldr	r2, [r3]
 6737 0206 0121     		movs	r1, #1
 6738 0208 0A43     		orrs	r2, r1
 6739 020a 1A60     		str	r2, [r3]
 6740 020c 0020     		movs	r0, #0
 6741 020e 02E0     		b	.L719
 6742              	.L737:
 6743 0210 0220     		movs	r0, #2
 6744 0212 00E0     		b	.L719
 6745              	.L738:
 6746 0214 0120     		movs	r0, #1
 6747              	.L719:
 6748              		@ sp needed
 6749 0216 70BD     		pop	{r4, r5, r6, pc}
 6750              	.L739:
 6751 0218 0120     		movs	r0, #1
 6752 021a FCE7     		b	.L719
 6753              	.L740:
 6754 021c 0120     		movs	r0, #1
 6755 021e FAE7     		b	.L719
 6756              	.L741:
 6757 0220 0120     		movs	r0, #1
 6758 0222 F8E7     		b	.L719
ARM GAS  C:\Users\fastr\AppData\Local\Temp\ccUGQp9j.s 			page 116


 6759              	.L742:
 6760 0224 0120     		movs	r0, #1
 6761 0226 F6E7     		b	.L719
 6762              	.L743:
 6763 0228 0120     		movs	r0, #1
 6764 022a F4E7     		b	.L719
 6765              	.L744:
 6766 022c 0120     		movs	r0, #1
 6767 022e F2E7     		b	.L719
 6768              	.L745:
 6769 0230 0020     		movs	r0, #0
 6770 0232 F0E7     		b	.L719
 6771              	.L754:
 6772              		.align	2
 6773              	.L753:
 6774 0234 00000000 		.word	TIM_DMADelayPulseCplt
 6775 0238 00000000 		.word	TIM_DMADelayPulseHalfCplt
 6776 023c 00000000 		.word	TIM_DMAError
 6777 0240 002C0140 		.word	1073818624
 6778 0244 00400140 		.word	1073823744
 6779 0248 00440140 		.word	1073824768
 6780 024c 00480140 		.word	1073825792
 6781 0250 00040040 		.word	1073742848
 6783              		.section	.text.HAL_TIM_PWM_Stop_DMA,"ax",%progbits
 6784              		.align	1
 6785              		.global	HAL_TIM_PWM_Stop_DMA
 6786              		.syntax unified
 6787              		.code	16
 6788              		.thumb_func
 6790              	HAL_TIM_PWM_Stop_DMA:
 6791              		@ args = 0, pretend = 0, frame = 0
 6792              		@ frame_needed = 0, uses_anonymous_args = 0
 6793 0000 70B5     		push	{r4, r5, r6, lr}
 6794 0002 0500     		movs	r5, r0
 6795 0004 0C00     		movs	r4, r1
 6796 0006 0829     		cmp	r1, #8
 6797 0008 4AD0     		beq	.L756
 6798 000a 0ED8     		bhi	.L757
 6799 000c 0029     		cmp	r1, #0
 6800 000e 19D0     		beq	.L758
 6801 0010 0429     		cmp	r1, #4
 6802 0012 08D1     		bne	.L769
 6803 0014 0268     		ldr	r2, [r0]
 6804 0016 D368     		ldr	r3, [r2, #12]
 6805 0018 3649     		ldr	r1, .L773
 6806 001a 0B40     		ands	r3, r1
 6807 001c D360     		str	r3, [r2, #12]
 6808 001e 806A     		ldr	r0, [r0, #40]
 6809 0020 FFF7FEFF 		bl	HAL_DMA_Abort_IT
 6810 0024 16E0     		b	.L762
 6811              	.L769:
 6812 0026 0120     		movs	r0, #1
 6813 0028 39E0     		b	.L760
 6814              	.L757:
 6815 002a 0C29     		cmp	r1, #12
 6816 002c 08D1     		bne	.L770
 6817 002e 0268     		ldr	r2, [r0]
ARM GAS  C:\Users\fastr\AppData\Local\Temp\ccUGQp9j.s 			page 117


 6818 0030 D368     		ldr	r3, [r2, #12]
 6819 0032 3149     		ldr	r1, .L773+4
 6820 0034 0B40     		ands	r3, r1
 6821 0036 D360     		str	r3, [r2, #12]
 6822 0038 006B     		ldr	r0, [r0, #48]
 6823 003a FFF7FEFF 		bl	HAL_DMA_Abort_IT
 6824 003e 09E0     		b	.L762
 6825              	.L770:
 6826 0040 0120     		movs	r0, #1
 6827 0042 2CE0     		b	.L760
 6828              	.L758:
 6829 0044 0268     		ldr	r2, [r0]
 6830 0046 D368     		ldr	r3, [r2, #12]
 6831 0048 2C49     		ldr	r1, .L773+8
 6832 004a 0B40     		ands	r3, r1
 6833 004c D360     		str	r3, [r2, #12]
 6834 004e 406A     		ldr	r0, [r0, #36]
 6835 0050 FFF7FEFF 		bl	HAL_DMA_Abort_IT
 6836              	.L762:
 6837 0054 2868     		ldr	r0, [r5]
 6838 0056 0022     		movs	r2, #0
 6839 0058 2100     		movs	r1, r4
 6840 005a FFF7FEFF 		bl	TIM_CCxChannelCmd
 6841 005e 2B68     		ldr	r3, [r5]
 6842 0060 274A     		ldr	r2, .L773+12
 6843 0062 9342     		cmp	r3, r2
 6844 0064 25D0     		beq	.L763
 6845 0066 274A     		ldr	r2, .L773+16
 6846 0068 9342     		cmp	r3, r2
 6847 006a 22D0     		beq	.L763
 6848 006c 264A     		ldr	r2, .L773+20
 6849 006e 9342     		cmp	r3, r2
 6850 0070 1FD0     		beq	.L763
 6851 0072 264A     		ldr	r2, .L773+24
 6852 0074 9342     		cmp	r3, r2
 6853 0076 1CD0     		beq	.L763
 6854              	.L764:
 6855 0078 2B68     		ldr	r3, [r5]
 6856 007a 196A     		ldr	r1, [r3, #32]
 6857 007c 244A     		ldr	r2, .L773+28
 6858 007e 1142     		tst	r1, r2
 6859 0080 07D1     		bne	.L765
 6860 0082 196A     		ldr	r1, [r3, #32]
 6861 0084 234A     		ldr	r2, .L773+32
 6862 0086 1142     		tst	r1, r2
 6863 0088 03D1     		bne	.L765
 6864 008a 1A68     		ldr	r2, [r3]
 6865 008c 0121     		movs	r1, #1
 6866 008e 8A43     		bics	r2, r1
 6867 0090 1A60     		str	r2, [r3]
 6868              	.L765:
 6869 0092 002C     		cmp	r4, #0
 6870 0094 1AD1     		bne	.L766
 6871 0096 3E23     		movs	r3, #62
 6872 0098 0122     		movs	r2, #1
 6873 009a EA54     		strb	r2, [r5, r3]
 6874 009c 0020     		movs	r0, #0
ARM GAS  C:\Users\fastr\AppData\Local\Temp\ccUGQp9j.s 			page 118


 6875              	.L760:
 6876              		@ sp needed
 6877 009e 70BD     		pop	{r4, r5, r6, pc}
 6878              	.L756:
 6879 00a0 0268     		ldr	r2, [r0]
 6880 00a2 D368     		ldr	r3, [r2, #12]
 6881 00a4 1C49     		ldr	r1, .L773+36
 6882 00a6 0B40     		ands	r3, r1
 6883 00a8 D360     		str	r3, [r2, #12]
 6884 00aa C06A     		ldr	r0, [r0, #44]
 6885 00ac FFF7FEFF 		bl	HAL_DMA_Abort_IT
 6886 00b0 D0E7     		b	.L762
 6887              	.L763:
 6888 00b2 196A     		ldr	r1, [r3, #32]
 6889 00b4 164A     		ldr	r2, .L773+28
 6890 00b6 1142     		tst	r1, r2
 6891 00b8 DED1     		bne	.L764
 6892 00ba 196A     		ldr	r1, [r3, #32]
 6893 00bc 154A     		ldr	r2, .L773+32
 6894 00be 1142     		tst	r1, r2
 6895 00c0 DAD1     		bne	.L764
 6896 00c2 5A6C     		ldr	r2, [r3, #68]
 6897 00c4 1549     		ldr	r1, .L773+40
 6898 00c6 0A40     		ands	r2, r1
 6899 00c8 5A64     		str	r2, [r3, #68]
 6900 00ca D5E7     		b	.L764
 6901              	.L766:
 6902 00cc 042C     		cmp	r4, #4
 6903 00ce 06D0     		beq	.L771
 6904 00d0 082C     		cmp	r4, #8
 6905 00d2 09D0     		beq	.L772
 6906 00d4 4123     		movs	r3, #65
 6907 00d6 0122     		movs	r2, #1
 6908 00d8 EA54     		strb	r2, [r5, r3]
 6909 00da 0020     		movs	r0, #0
 6910 00dc DFE7     		b	.L760
 6911              	.L771:
 6912 00de 3F23     		movs	r3, #63
 6913 00e0 0122     		movs	r2, #1
 6914 00e2 EA54     		strb	r2, [r5, r3]
 6915 00e4 0020     		movs	r0, #0
 6916 00e6 DAE7     		b	.L760
 6917              	.L772:
 6918 00e8 4023     		movs	r3, #64
 6919 00ea 0122     		movs	r2, #1
 6920 00ec EA54     		strb	r2, [r5, r3]
 6921 00ee 0020     		movs	r0, #0
 6922 00f0 D5E7     		b	.L760
 6923              	.L774:
 6924 00f2 C046     		.align	2
 6925              	.L773:
 6926 00f4 FFFBFFFF 		.word	-1025
 6927 00f8 FFEFFFFF 		.word	-4097
 6928 00fc FFFDFFFF 		.word	-513
 6929 0100 002C0140 		.word	1073818624
 6930 0104 00400140 		.word	1073823744
 6931 0108 00440140 		.word	1073824768
ARM GAS  C:\Users\fastr\AppData\Local\Temp\ccUGQp9j.s 			page 119


 6932 010c 00480140 		.word	1073825792
 6933 0110 11110000 		.word	4369
 6934 0114 44040000 		.word	1092
 6935 0118 FFF7FFFF 		.word	-2049
 6936 011c FF7FFFFF 		.word	-32769
 6938              		.section	.text.HAL_TIM_IC_Start,"ax",%progbits
 6939              		.align	1
 6940              		.global	HAL_TIM_IC_Start
 6941              		.syntax unified
 6942              		.code	16
 6943              		.thumb_func
 6945              	HAL_TIM_IC_Start:
 6946              		@ args = 0, pretend = 0, frame = 0
 6947              		@ frame_needed = 0, uses_anonymous_args = 0
 6948 0000 10B5     		push	{r4, lr}
 6949 0002 0400     		movs	r4, r0
 6950 0004 0029     		cmp	r1, #0
 6951 0006 28D1     		bne	.L776
 6952 0008 3E23     		movs	r3, #62
 6953 000a C05C     		ldrb	r0, [r0, r3]
 6954 000c C0B2     		uxtb	r0, r0
 6955 000e 0433     		adds	r3, r3, #4
 6956 0010 E35C     		ldrb	r3, [r4, r3]
 6957 0012 DBB2     		uxtb	r3, r3
 6958              	.L777:
 6959 0014 0128     		cmp	r0, #1
 6960 0016 69D1     		bne	.L793
 6961 0018 012B     		cmp	r3, #1
 6962 001a 68D1     		bne	.L783
 6963 001c 0029     		cmp	r1, #0
 6964 001e 3BD1     		bne	.L784
 6965 0020 0133     		adds	r3, r3, #1
 6966 0022 3E22     		movs	r2, #62
 6967 0024 A354     		strb	r3, [r4, r2]
 6968 0026 0432     		adds	r2, r2, #4
 6969 0028 A354     		strb	r3, [r4, r2]
 6970              	.L785:
 6971 002a 2068     		ldr	r0, [r4]
 6972 002c 0122     		movs	r2, #1
 6973 002e FFF7FEFF 		bl	TIM_CCxChannelCmd
 6974 0032 2368     		ldr	r3, [r4]
 6975 0034 2F4A     		ldr	r2, .L803
 6976 0036 9342     		cmp	r3, r2
 6977 0038 4DD0     		beq	.L791
 6978 003a 8022     		movs	r2, #128
 6979 003c D205     		lsls	r2, r2, #23
 6980 003e 9342     		cmp	r3, r2
 6981 0040 49D0     		beq	.L791
 6982 0042 2D4A     		ldr	r2, .L803+4
 6983 0044 9342     		cmp	r3, r2
 6984 0046 46D0     		beq	.L791
 6985 0048 2C4A     		ldr	r2, .L803+8
 6986 004a 9342     		cmp	r3, r2
 6987 004c 43D0     		beq	.L791
 6988 004e 1A68     		ldr	r2, [r3]
 6989 0050 0121     		movs	r1, #1
 6990 0052 0A43     		orrs	r2, r1
ARM GAS  C:\Users\fastr\AppData\Local\Temp\ccUGQp9j.s 			page 120


 6991 0054 1A60     		str	r2, [r3]
 6992 0056 0020     		movs	r0, #0
 6993 0058 49E0     		b	.L783
 6994              	.L776:
 6995 005a 0429     		cmp	r1, #4
 6996 005c 0CD0     		beq	.L795
 6997 005e 0829     		cmp	r1, #8
 6998 0060 0ED0     		beq	.L796
 6999 0062 4123     		movs	r3, #65
 7000 0064 C05C     		ldrb	r0, [r0, r3]
 7001 0066 C0B2     		uxtb	r0, r0
 7002              	.L779:
 7003 0068 0429     		cmp	r1, #4
 7004 006a 0DD0     		beq	.L797
 7005 006c 0829     		cmp	r1, #8
 7006 006e 0FD0     		beq	.L798
 7007 0070 4523     		movs	r3, #69
 7008 0072 E35C     		ldrb	r3, [r4, r3]
 7009 0074 DBB2     		uxtb	r3, r3
 7010 0076 CDE7     		b	.L777
 7011              	.L795:
 7012 0078 3F23     		movs	r3, #63
 7013 007a C05C     		ldrb	r0, [r0, r3]
 7014 007c C0B2     		uxtb	r0, r0
 7015 007e F3E7     		b	.L779
 7016              	.L796:
 7017 0080 4023     		movs	r3, #64
 7018 0082 C05C     		ldrb	r0, [r0, r3]
 7019 0084 C0B2     		uxtb	r0, r0
 7020 0086 EFE7     		b	.L779
 7021              	.L797:
 7022 0088 4323     		movs	r3, #67
 7023 008a E35C     		ldrb	r3, [r4, r3]
 7024 008c DBB2     		uxtb	r3, r3
 7025 008e C1E7     		b	.L777
 7026              	.L798:
 7027 0090 4423     		movs	r3, #68
 7028 0092 E35C     		ldrb	r3, [r4, r3]
 7029 0094 DBB2     		uxtb	r3, r3
 7030 0096 BDE7     		b	.L777
 7031              	.L784:
 7032 0098 0429     		cmp	r1, #4
 7033 009a 0CD0     		beq	.L799
 7034 009c 0829     		cmp	r1, #8
 7035 009e 0ED0     		beq	.L800
 7036 00a0 4123     		movs	r3, #65
 7037 00a2 0222     		movs	r2, #2
 7038 00a4 E254     		strb	r2, [r4, r3]
 7039              	.L787:
 7040 00a6 0429     		cmp	r1, #4
 7041 00a8 0DD0     		beq	.L801
 7042 00aa 0829     		cmp	r1, #8
 7043 00ac 0FD0     		beq	.L802
 7044 00ae 4523     		movs	r3, #69
 7045 00b0 0222     		movs	r2, #2
 7046 00b2 E254     		strb	r2, [r4, r3]
 7047 00b4 B9E7     		b	.L785
ARM GAS  C:\Users\fastr\AppData\Local\Temp\ccUGQp9j.s 			page 121


 7048              	.L799:
 7049 00b6 3F23     		movs	r3, #63
 7050 00b8 0222     		movs	r2, #2
 7051 00ba E254     		strb	r2, [r4, r3]
 7052 00bc F3E7     		b	.L787
 7053              	.L800:
 7054 00be 4023     		movs	r3, #64
 7055 00c0 0222     		movs	r2, #2
 7056 00c2 E254     		strb	r2, [r4, r3]
 7057 00c4 EFE7     		b	.L787
 7058              	.L801:
 7059 00c6 4323     		movs	r3, #67
 7060 00c8 0222     		movs	r2, #2
 7061 00ca E254     		strb	r2, [r4, r3]
 7062 00cc ADE7     		b	.L785
 7063              	.L802:
 7064 00ce 4423     		movs	r3, #68
 7065 00d0 0222     		movs	r2, #2
 7066 00d2 E254     		strb	r2, [r4, r3]
 7067 00d4 A9E7     		b	.L785
 7068              	.L791:
 7069 00d6 9968     		ldr	r1, [r3, #8]
 7070 00d8 0722     		movs	r2, #7
 7071 00da 0A40     		ands	r2, r1
 7072 00dc 062A     		cmp	r2, #6
 7073 00de 07D0     		beq	.L794
 7074 00e0 1A68     		ldr	r2, [r3]
 7075 00e2 0121     		movs	r1, #1
 7076 00e4 0A43     		orrs	r2, r1
 7077 00e6 1A60     		str	r2, [r3]
 7078 00e8 0020     		movs	r0, #0
 7079 00ea 00E0     		b	.L783
 7080              	.L793:
 7081 00ec 0120     		movs	r0, #1
 7082              	.L783:
 7083              		@ sp needed
 7084 00ee 10BD     		pop	{r4, pc}
 7085              	.L794:
 7086 00f0 0020     		movs	r0, #0
 7087 00f2 FCE7     		b	.L783
 7088              	.L804:
 7089              		.align	2
 7090              	.L803:
 7091 00f4 002C0140 		.word	1073818624
 7092 00f8 00040040 		.word	1073742848
 7093 00fc 00400140 		.word	1073823744
 7095              		.section	.text.HAL_TIM_IC_Stop,"ax",%progbits
 7096              		.align	1
 7097              		.global	HAL_TIM_IC_Stop
 7098              		.syntax unified
 7099              		.code	16
 7100              		.thumb_func
 7102              	HAL_TIM_IC_Stop:
 7103              		@ args = 0, pretend = 0, frame = 0
 7104              		@ frame_needed = 0, uses_anonymous_args = 0
 7105 0000 70B5     		push	{r4, r5, r6, lr}
 7106 0002 0400     		movs	r4, r0
ARM GAS  C:\Users\fastr\AppData\Local\Temp\ccUGQp9j.s 			page 122


 7107 0004 0D00     		movs	r5, r1
 7108 0006 0068     		ldr	r0, [r0]
 7109 0008 0022     		movs	r2, #0
 7110 000a FFF7FEFF 		bl	TIM_CCxChannelCmd
 7111 000e 2368     		ldr	r3, [r4]
 7112 0010 196A     		ldr	r1, [r3, #32]
 7113 0012 194A     		ldr	r2, .L818
 7114 0014 1142     		tst	r1, r2
 7115 0016 07D1     		bne	.L806
 7116 0018 196A     		ldr	r1, [r3, #32]
 7117 001a 184A     		ldr	r2, .L818+4
 7118 001c 1142     		tst	r1, r2
 7119 001e 03D1     		bne	.L806
 7120 0020 1A68     		ldr	r2, [r3]
 7121 0022 0121     		movs	r1, #1
 7122 0024 8A43     		bics	r2, r1
 7123 0026 1A60     		str	r2, [r3]
 7124              	.L806:
 7125 0028 002D     		cmp	r5, #0
 7126 002a 06D1     		bne	.L807
 7127 002c 0123     		movs	r3, #1
 7128 002e 3E22     		movs	r2, #62
 7129 0030 A354     		strb	r3, [r4, r2]
 7130 0032 0432     		adds	r2, r2, #4
 7131 0034 A354     		strb	r3, [r4, r2]
 7132              	.L808:
 7133 0036 0020     		movs	r0, #0
 7134              		@ sp needed
 7135 0038 70BD     		pop	{r4, r5, r6, pc}
 7136              	.L807:
 7137 003a 042D     		cmp	r5, #4
 7138 003c 0CD0     		beq	.L814
 7139 003e 082D     		cmp	r5, #8
 7140 0040 0ED0     		beq	.L815
 7141 0042 4123     		movs	r3, #65
 7142 0044 0122     		movs	r2, #1
 7143 0046 E254     		strb	r2, [r4, r3]
 7144              	.L810:
 7145 0048 042D     		cmp	r5, #4
 7146 004a 0DD0     		beq	.L816
 7147 004c 082D     		cmp	r5, #8
 7148 004e 0FD0     		beq	.L817
 7149 0050 4523     		movs	r3, #69
 7150 0052 0122     		movs	r2, #1
 7151 0054 E254     		strb	r2, [r4, r3]
 7152 0056 EEE7     		b	.L808
 7153              	.L814:
 7154 0058 3F23     		movs	r3, #63
 7155 005a 0122     		movs	r2, #1
 7156 005c E254     		strb	r2, [r4, r3]
 7157 005e F3E7     		b	.L810
 7158              	.L815:
 7159 0060 4023     		movs	r3, #64
 7160 0062 0122     		movs	r2, #1
 7161 0064 E254     		strb	r2, [r4, r3]
 7162 0066 EFE7     		b	.L810
 7163              	.L816:
ARM GAS  C:\Users\fastr\AppData\Local\Temp\ccUGQp9j.s 			page 123


 7164 0068 4323     		movs	r3, #67
 7165 006a 0122     		movs	r2, #1
 7166 006c E254     		strb	r2, [r4, r3]
 7167 006e E2E7     		b	.L808
 7168              	.L817:
 7169 0070 4423     		movs	r3, #68
 7170 0072 0122     		movs	r2, #1
 7171 0074 E254     		strb	r2, [r4, r3]
 7172 0076 DEE7     		b	.L808
 7173              	.L819:
 7174              		.align	2
 7175              	.L818:
 7176 0078 11110000 		.word	4369
 7177 007c 44040000 		.word	1092
 7179              		.section	.text.HAL_TIM_IC_Start_IT,"ax",%progbits
 7180              		.align	1
 7181              		.global	HAL_TIM_IC_Start_IT
 7182              		.syntax unified
 7183              		.code	16
 7184              		.thumb_func
 7186              	HAL_TIM_IC_Start_IT:
 7187              		@ args = 0, pretend = 0, frame = 0
 7188              		@ frame_needed = 0, uses_anonymous_args = 0
 7189 0000 10B5     		push	{r4, lr}
 7190 0002 0400     		movs	r4, r0
 7191 0004 0029     		cmp	r1, #0
 7192 0006 2FD1     		bne	.L821
 7193 0008 3E23     		movs	r3, #62
 7194 000a C05C     		ldrb	r0, [r0, r3]
 7195 000c C0B2     		uxtb	r0, r0
 7196 000e 0433     		adds	r3, r3, #4
 7197 0010 E35C     		ldrb	r3, [r4, r3]
 7198 0012 DBB2     		uxtb	r3, r3
 7199              	.L822:
 7200 0014 0128     		cmp	r0, #1
 7201 0016 00D0     		beq	.LCB7908
 7202 0018 8BE0     		b	.L843	@long jump
 7203              	.LCB7908:
 7204 001a 012B     		cmp	r3, #1
 7205 001c 00D0     		beq	.LCB7910
 7206 001e 89E0     		b	.L828	@long jump
 7207              	.LCB7910:
 7208 0020 0029     		cmp	r1, #0
 7209 0022 40D1     		bne	.L829
 7210 0024 0133     		adds	r3, r3, #1
 7211 0026 3E22     		movs	r2, #62
 7212 0028 A354     		strb	r3, [r4, r2]
 7213 002a 0432     		adds	r2, r2, #4
 7214 002c A354     		strb	r3, [r4, r2]
 7215              	.L830:
 7216 002e 2268     		ldr	r2, [r4]
 7217 0030 D368     		ldr	r3, [r2, #12]
 7218 0032 0220     		movs	r0, #2
 7219 0034 0343     		orrs	r3, r0
 7220 0036 D360     		str	r3, [r2, #12]
 7221              	.L840:
 7222 0038 2068     		ldr	r0, [r4]
ARM GAS  C:\Users\fastr\AppData\Local\Temp\ccUGQp9j.s 			page 124


 7223 003a 0122     		movs	r2, #1
 7224 003c FFF7FEFF 		bl	TIM_CCxChannelCmd
 7225 0040 2368     		ldr	r3, [r4]
 7226 0042 3E4A     		ldr	r2, .L854
 7227 0044 9342     		cmp	r3, r2
 7228 0046 69D0     		beq	.L841
 7229 0048 8022     		movs	r2, #128
 7230 004a D205     		lsls	r2, r2, #23
 7231 004c 9342     		cmp	r3, r2
 7232 004e 65D0     		beq	.L841
 7233 0050 3B4A     		ldr	r2, .L854+4
 7234 0052 9342     		cmp	r3, r2
 7235 0054 62D0     		beq	.L841
 7236 0056 3B4A     		ldr	r2, .L854+8
 7237 0058 9342     		cmp	r3, r2
 7238 005a 5FD0     		beq	.L841
 7239 005c 1A68     		ldr	r2, [r3]
 7240 005e 0121     		movs	r1, #1
 7241 0060 0A43     		orrs	r2, r1
 7242 0062 1A60     		str	r2, [r3]
 7243 0064 0020     		movs	r0, #0
 7244 0066 65E0     		b	.L828
 7245              	.L821:
 7246 0068 0429     		cmp	r1, #4
 7247 006a 0CD0     		beq	.L845
 7248 006c 0829     		cmp	r1, #8
 7249 006e 0ED0     		beq	.L846
 7250 0070 4123     		movs	r3, #65
 7251 0072 C05C     		ldrb	r0, [r0, r3]
 7252 0074 C0B2     		uxtb	r0, r0
 7253              	.L824:
 7254 0076 0429     		cmp	r1, #4
 7255 0078 0DD0     		beq	.L847
 7256 007a 0829     		cmp	r1, #8
 7257 007c 0FD0     		beq	.L848
 7258 007e 4523     		movs	r3, #69
 7259 0080 E35C     		ldrb	r3, [r4, r3]
 7260 0082 DBB2     		uxtb	r3, r3
 7261 0084 C6E7     		b	.L822
 7262              	.L845:
 7263 0086 3F23     		movs	r3, #63
 7264 0088 C05C     		ldrb	r0, [r0, r3]
 7265 008a C0B2     		uxtb	r0, r0
 7266 008c F3E7     		b	.L824
 7267              	.L846:
 7268 008e 4023     		movs	r3, #64
 7269 0090 C05C     		ldrb	r0, [r0, r3]
 7270 0092 C0B2     		uxtb	r0, r0
 7271 0094 EFE7     		b	.L824
 7272              	.L847:
 7273 0096 4323     		movs	r3, #67
 7274 0098 E35C     		ldrb	r3, [r4, r3]
 7275 009a DBB2     		uxtb	r3, r3
 7276 009c BAE7     		b	.L822
 7277              	.L848:
 7278 009e 4423     		movs	r3, #68
 7279 00a0 E35C     		ldrb	r3, [r4, r3]
ARM GAS  C:\Users\fastr\AppData\Local\Temp\ccUGQp9j.s 			page 125


 7280 00a2 DBB2     		uxtb	r3, r3
 7281 00a4 B6E7     		b	.L822
 7282              	.L829:
 7283 00a6 0429     		cmp	r1, #4
 7284 00a8 14D0     		beq	.L849
 7285 00aa 0829     		cmp	r1, #8
 7286 00ac 16D0     		beq	.L850
 7287 00ae 4122     		movs	r2, #65
 7288 00b0 0220     		movs	r0, #2
 7289 00b2 A054     		strb	r0, [r4, r2]
 7290              	.L832:
 7291 00b4 0429     		cmp	r1, #4
 7292 00b6 15D0     		beq	.L851
 7293 00b8 0829     		cmp	r1, #8
 7294 00ba 1CD0     		beq	.L852
 7295 00bc 4522     		movs	r2, #69
 7296 00be 0220     		movs	r0, #2
 7297 00c0 A054     		strb	r0, [r4, r2]
 7298 00c2 0829     		cmp	r1, #8
 7299 00c4 1AD0     		beq	.L837
 7300 00c6 1FD8     		bhi	.L838
 7301 00c8 0029     		cmp	r1, #0
 7302 00ca B0D0     		beq	.L830
 7303 00cc 0429     		cmp	r1, #4
 7304 00ce 0CD0     		beq	.L835
 7305 00d0 1800     		movs	r0, r3
 7306 00d2 2FE0     		b	.L828
 7307              	.L849:
 7308 00d4 3F22     		movs	r2, #63
 7309 00d6 0220     		movs	r0, #2
 7310 00d8 A054     		strb	r0, [r4, r2]
 7311 00da EBE7     		b	.L832
 7312              	.L850:
 7313 00dc 4022     		movs	r2, #64
 7314 00de 0220     		movs	r0, #2
 7315 00e0 A054     		strb	r0, [r4, r2]
 7316 00e2 E7E7     		b	.L832
 7317              	.L851:
 7318 00e4 4323     		movs	r3, #67
 7319 00e6 0222     		movs	r2, #2
 7320 00e8 E254     		strb	r2, [r4, r3]
 7321              	.L835:
 7322 00ea 2268     		ldr	r2, [r4]
 7323 00ec D368     		ldr	r3, [r2, #12]
 7324 00ee 0420     		movs	r0, #4
 7325 00f0 0343     		orrs	r3, r0
 7326 00f2 D360     		str	r3, [r2, #12]
 7327 00f4 A0E7     		b	.L840
 7328              	.L852:
 7329 00f6 4423     		movs	r3, #68
 7330 00f8 0222     		movs	r2, #2
 7331 00fa E254     		strb	r2, [r4, r3]
 7332              	.L837:
 7333 00fc 2268     		ldr	r2, [r4]
 7334 00fe D368     		ldr	r3, [r2, #12]
 7335 0100 0820     		movs	r0, #8
 7336 0102 0343     		orrs	r3, r0
ARM GAS  C:\Users\fastr\AppData\Local\Temp\ccUGQp9j.s 			page 126


 7337 0104 D360     		str	r3, [r2, #12]
 7338 0106 97E7     		b	.L840
 7339              	.L838:
 7340 0108 0C29     		cmp	r1, #12
 7341 010a 05D1     		bne	.L853
 7342 010c 2268     		ldr	r2, [r4]
 7343 010e D368     		ldr	r3, [r2, #12]
 7344 0110 1020     		movs	r0, #16
 7345 0112 0343     		orrs	r3, r0
 7346 0114 D360     		str	r3, [r2, #12]
 7347 0116 8FE7     		b	.L840
 7348              	.L853:
 7349 0118 1800     		movs	r0, r3
 7350 011a 0BE0     		b	.L828
 7351              	.L841:
 7352 011c 9968     		ldr	r1, [r3, #8]
 7353 011e 0722     		movs	r2, #7
 7354 0120 0A40     		ands	r2, r1
 7355 0122 062A     		cmp	r2, #6
 7356 0124 07D0     		beq	.L844
 7357 0126 1A68     		ldr	r2, [r3]
 7358 0128 0121     		movs	r1, #1
 7359 012a 0A43     		orrs	r2, r1
 7360 012c 1A60     		str	r2, [r3]
 7361 012e 0020     		movs	r0, #0
 7362 0130 00E0     		b	.L828
 7363              	.L843:
 7364 0132 0120     		movs	r0, #1
 7365              	.L828:
 7366              		@ sp needed
 7367 0134 10BD     		pop	{r4, pc}
 7368              	.L844:
 7369 0136 0020     		movs	r0, #0
 7370 0138 FCE7     		b	.L828
 7371              	.L855:
 7372 013a C046     		.align	2
 7373              	.L854:
 7374 013c 002C0140 		.word	1073818624
 7375 0140 00040040 		.word	1073742848
 7376 0144 00400140 		.word	1073823744
 7378              		.section	.text.HAL_TIM_IC_Stop_IT,"ax",%progbits
 7379              		.align	1
 7380              		.global	HAL_TIM_IC_Stop_IT
 7381              		.syntax unified
 7382              		.code	16
 7383              		.thumb_func
 7385              	HAL_TIM_IC_Stop_IT:
 7386              		@ args = 0, pretend = 0, frame = 0
 7387              		@ frame_needed = 0, uses_anonymous_args = 0
 7388 0000 70B5     		push	{r4, r5, r6, lr}
 7389 0002 0500     		movs	r5, r0
 7390 0004 0C00     		movs	r4, r1
 7391 0006 0829     		cmp	r1, #8
 7392 0008 36D0     		beq	.L857
 7393 000a 0BD8     		bhi	.L858
 7394 000c 0029     		cmp	r1, #0
 7395 000e 13D0     		beq	.L859
ARM GAS  C:\Users\fastr\AppData\Local\Temp\ccUGQp9j.s 			page 127


 7396 0010 0429     		cmp	r1, #4
 7397 0012 05D1     		bne	.L871
 7398 0014 0268     		ldr	r2, [r0]
 7399 0016 D368     		ldr	r3, [r2, #12]
 7400 0018 0421     		movs	r1, #4
 7401 001a 8B43     		bics	r3, r1
 7402 001c D360     		str	r3, [r2, #12]
 7403 001e 10E0     		b	.L863
 7404              	.L871:
 7405 0020 0120     		movs	r0, #1
 7406 0022 28E0     		b	.L861
 7407              	.L858:
 7408 0024 0C29     		cmp	r1, #12
 7409 0026 05D1     		bne	.L872
 7410 0028 0268     		ldr	r2, [r0]
 7411 002a D368     		ldr	r3, [r2, #12]
 7412 002c 1021     		movs	r1, #16
 7413 002e 8B43     		bics	r3, r1
 7414 0030 D360     		str	r3, [r2, #12]
 7415 0032 06E0     		b	.L863
 7416              	.L872:
 7417 0034 0120     		movs	r0, #1
 7418 0036 1EE0     		b	.L861
 7419              	.L859:
 7420 0038 0268     		ldr	r2, [r0]
 7421 003a D368     		ldr	r3, [r2, #12]
 7422 003c 0221     		movs	r1, #2
 7423 003e 8B43     		bics	r3, r1
 7424 0040 D360     		str	r3, [r2, #12]
 7425              	.L863:
 7426 0042 2868     		ldr	r0, [r5]
 7427 0044 0022     		movs	r2, #0
 7428 0046 2100     		movs	r1, r4
 7429 0048 FFF7FEFF 		bl	TIM_CCxChannelCmd
 7430 004c 2B68     		ldr	r3, [r5]
 7431 004e 196A     		ldr	r1, [r3, #32]
 7432 0050 1D4A     		ldr	r2, .L877
 7433 0052 1142     		tst	r1, r2
 7434 0054 07D1     		bne	.L864
 7435 0056 196A     		ldr	r1, [r3, #32]
 7436 0058 1C4A     		ldr	r2, .L877+4
 7437 005a 1142     		tst	r1, r2
 7438 005c 03D1     		bne	.L864
 7439 005e 1A68     		ldr	r2, [r3]
 7440 0060 0121     		movs	r1, #1
 7441 0062 8A43     		bics	r2, r1
 7442 0064 1A60     		str	r2, [r3]
 7443              	.L864:
 7444 0066 002C     		cmp	r4, #0
 7445 0068 0CD1     		bne	.L865
 7446 006a 0123     		movs	r3, #1
 7447 006c 3E22     		movs	r2, #62
 7448 006e AB54     		strb	r3, [r5, r2]
 7449 0070 0432     		adds	r2, r2, #4
 7450 0072 AB54     		strb	r3, [r5, r2]
 7451 0074 0020     		movs	r0, #0
 7452              	.L861:
ARM GAS  C:\Users\fastr\AppData\Local\Temp\ccUGQp9j.s 			page 128


 7453              		@ sp needed
 7454 0076 70BD     		pop	{r4, r5, r6, pc}
 7455              	.L857:
 7456 0078 0268     		ldr	r2, [r0]
 7457 007a D368     		ldr	r3, [r2, #12]
 7458 007c 0821     		movs	r1, #8
 7459 007e 8B43     		bics	r3, r1
 7460 0080 D360     		str	r3, [r2, #12]
 7461 0082 DEE7     		b	.L863
 7462              	.L865:
 7463 0084 042C     		cmp	r4, #4
 7464 0086 0DD0     		beq	.L873
 7465 0088 082C     		cmp	r4, #8
 7466 008a 0FD0     		beq	.L874
 7467 008c 4123     		movs	r3, #65
 7468 008e 0122     		movs	r2, #1
 7469 0090 EA54     		strb	r2, [r5, r3]
 7470              	.L867:
 7471 0092 042C     		cmp	r4, #4
 7472 0094 0ED0     		beq	.L875
 7473 0096 082C     		cmp	r4, #8
 7474 0098 11D0     		beq	.L876
 7475 009a 4523     		movs	r3, #69
 7476 009c 0122     		movs	r2, #1
 7477 009e EA54     		strb	r2, [r5, r3]
 7478 00a0 0020     		movs	r0, #0
 7479 00a2 E8E7     		b	.L861
 7480              	.L873:
 7481 00a4 3F23     		movs	r3, #63
 7482 00a6 0122     		movs	r2, #1
 7483 00a8 EA54     		strb	r2, [r5, r3]
 7484 00aa F2E7     		b	.L867
 7485              	.L874:
 7486 00ac 4023     		movs	r3, #64
 7487 00ae 0122     		movs	r2, #1
 7488 00b0 EA54     		strb	r2, [r5, r3]
 7489 00b2 EEE7     		b	.L867
 7490              	.L875:
 7491 00b4 4323     		movs	r3, #67
 7492 00b6 0122     		movs	r2, #1
 7493 00b8 EA54     		strb	r2, [r5, r3]
 7494 00ba 0020     		movs	r0, #0
 7495 00bc DBE7     		b	.L861
 7496              	.L876:
 7497 00be 4423     		movs	r3, #68
 7498 00c0 0122     		movs	r2, #1
 7499 00c2 EA54     		strb	r2, [r5, r3]
 7500 00c4 0020     		movs	r0, #0
 7501 00c6 D6E7     		b	.L861
 7502              	.L878:
 7503              		.align	2
 7504              	.L877:
 7505 00c8 11110000 		.word	4369
 7506 00cc 44040000 		.word	1092
 7508              		.section	.text.HAL_TIM_IC_Start_DMA,"ax",%progbits
 7509              		.align	1
 7510              		.global	HAL_TIM_IC_Start_DMA
ARM GAS  C:\Users\fastr\AppData\Local\Temp\ccUGQp9j.s 			page 129


 7511              		.syntax unified
 7512              		.code	16
 7513              		.thumb_func
 7515              	HAL_TIM_IC_Start_DMA:
 7516              		@ args = 0, pretend = 0, frame = 8
 7517              		@ frame_needed = 0, uses_anonymous_args = 0
 7518 0000 F0B5     		push	{r4, r5, r6, r7, lr}
 7519 0002 83B0     		sub	sp, sp, #12
 7520 0004 0500     		movs	r5, r0
 7521 0006 0C00     		movs	r4, r1
 7522 0008 1700     		movs	r7, r2
 7523 000a 0193     		str	r3, [sp, #4]
 7524 000c 0029     		cmp	r1, #0
 7525 000e 46D1     		bne	.L880
 7526 0010 3E23     		movs	r3, #62
 7527 0012 C05C     		ldrb	r0, [r0, r3]
 7528 0014 C0B2     		uxtb	r0, r0
 7529 0016 0433     		adds	r3, r3, #4
 7530 0018 EE5C     		ldrb	r6, [r5, r3]
 7531 001a F6B2     		uxtb	r6, r6
 7532              	.L881:
 7533 001c 0228     		cmp	r0, #2
 7534 001e 00D1     		bne	.LCB8304
 7535 0020 EBE0     		b	.L887	@long jump
 7536              	.LCB8304:
 7537 0022 022E     		cmp	r6, #2
 7538 0024 00D1     		bne	.LCB8306
 7539 0026 E5E0     		b	.L903	@long jump
 7540              	.LCB8306:
 7541 0028 0128     		cmp	r0, #1
 7542 002a 00D0     		beq	.LCB8308
 7543 002c E4E0     		b	.L904	@long jump
 7544              	.LCB8308:
 7545 002e 012E     		cmp	r6, #1
 7546 0030 00D0     		beq	.LCB8310
 7547 0032 E2E0     		b	.L887	@long jump
 7548              	.LCB8310:
 7549 0034 002F     		cmp	r7, #0
 7550 0036 00D1     		bne	.LCB8312
 7551 0038 E1E0     		b	.L905	@long jump
 7552              	.LCB8312:
 7553 003a 019B     		ldr	r3, [sp, #4]
 7554 003c 002B     		cmp	r3, #0
 7555 003e 00D1     		bne	.LCB8315
 7556 0040 DFE0     		b	.L906	@long jump
 7557              	.LCB8315:
 7558 0042 002C     		cmp	r4, #0
 7559 0044 4AD1     		bne	.L888
 7560 0046 0223     		movs	r3, #2
 7561 0048 3E22     		movs	r2, #62
 7562 004a AB54     		strb	r3, [r5, r2]
 7563 004c 0432     		adds	r2, r2, #4
 7564 004e AB54     		strb	r3, [r5, r2]
 7565              	.L889:
 7566 0050 2868     		ldr	r0, [r5]
 7567 0052 0122     		movs	r2, #1
 7568 0054 2100     		movs	r1, r4
ARM GAS  C:\Users\fastr\AppData\Local\Temp\ccUGQp9j.s 			page 130


 7569 0056 FFF7FEFF 		bl	TIM_CCxChannelCmd
 7570 005a 082C     		cmp	r4, #8
 7571 005c 00D1     		bne	.LCB8330
 7572 005e A6E0     		b	.L895	@long jump
 7573              	.LCB8330:
 7574 0060 5DD8     		bhi	.L896
 7575 0062 002C     		cmp	r4, #0
 7576 0064 78D0     		beq	.L897
 7577 0066 042C     		cmp	r4, #4
 7578 0068 57D1     		bne	.L911
 7579 006a AB6A     		ldr	r3, [r5, #40]
 7580 006c 6A4A     		ldr	r2, .L921
 7581 006e 9A62     		str	r2, [r3, #40]
 7582 0070 AB6A     		ldr	r3, [r5, #40]
 7583 0072 6A4A     		ldr	r2, .L921+4
 7584 0074 DA62     		str	r2, [r3, #44]
 7585 0076 AB6A     		ldr	r3, [r5, #40]
 7586 0078 694A     		ldr	r2, .L921+8
 7587 007a 1A63     		str	r2, [r3, #48]
 7588 007c 2968     		ldr	r1, [r5]
 7589 007e 3831     		adds	r1, r1, #56
 7590 0080 A86A     		ldr	r0, [r5, #40]
 7591 0082 019B     		ldr	r3, [sp, #4]
 7592 0084 3A00     		movs	r2, r7
 7593 0086 FFF7FEFF 		bl	HAL_DMA_Start_IT
 7594 008a 0028     		cmp	r0, #0
 7595 008c 00D0     		beq	.LCB8354
 7596 008e BCE0     		b	.L908	@long jump
 7597              	.LCB8354:
 7598 0090 2A68     		ldr	r2, [r5]
 7599 0092 D168     		ldr	r1, [r2, #12]
 7600 0094 8023     		movs	r3, #128
 7601 0096 DB00     		lsls	r3, r3, #3
 7602 0098 0B43     		orrs	r3, r1
 7603 009a D360     		str	r3, [r2, #12]
 7604 009c 74E0     		b	.L899
 7605              	.L880:
 7606 009e 0429     		cmp	r1, #4
 7607 00a0 0CD0     		beq	.L912
 7608 00a2 0829     		cmp	r1, #8
 7609 00a4 0ED0     		beq	.L913
 7610 00a6 4123     		movs	r3, #65
 7611 00a8 C05C     		ldrb	r0, [r0, r3]
 7612 00aa C0B2     		uxtb	r0, r0
 7613              	.L883:
 7614 00ac 042C     		cmp	r4, #4
 7615 00ae 0DD0     		beq	.L914
 7616 00b0 082C     		cmp	r4, #8
 7617 00b2 0FD0     		beq	.L915
 7618 00b4 4523     		movs	r3, #69
 7619 00b6 EE5C     		ldrb	r6, [r5, r3]
 7620 00b8 F6B2     		uxtb	r6, r6
 7621 00ba AFE7     		b	.L881
 7622              	.L912:
 7623 00bc 3F23     		movs	r3, #63
 7624 00be C05C     		ldrb	r0, [r0, r3]
 7625 00c0 C0B2     		uxtb	r0, r0
ARM GAS  C:\Users\fastr\AppData\Local\Temp\ccUGQp9j.s 			page 131


 7626 00c2 F3E7     		b	.L883
 7627              	.L913:
 7628 00c4 4023     		movs	r3, #64
 7629 00c6 C05C     		ldrb	r0, [r0, r3]
 7630 00c8 C0B2     		uxtb	r0, r0
 7631 00ca EFE7     		b	.L883
 7632              	.L914:
 7633 00cc 4323     		movs	r3, #67
 7634 00ce EE5C     		ldrb	r6, [r5, r3]
 7635 00d0 F6B2     		uxtb	r6, r6
 7636 00d2 A3E7     		b	.L881
 7637              	.L915:
 7638 00d4 4423     		movs	r3, #68
 7639 00d6 EE5C     		ldrb	r6, [r5, r3]
 7640 00d8 F6B2     		uxtb	r6, r6
 7641 00da 9FE7     		b	.L881
 7642              	.L888:
 7643 00dc 042C     		cmp	r4, #4
 7644 00de 0CD0     		beq	.L916
 7645 00e0 082C     		cmp	r4, #8
 7646 00e2 0ED0     		beq	.L917
 7647 00e4 4123     		movs	r3, #65
 7648 00e6 0222     		movs	r2, #2
 7649 00e8 EA54     		strb	r2, [r5, r3]
 7650              	.L891:
 7651 00ea 042C     		cmp	r4, #4
 7652 00ec 0DD0     		beq	.L918
 7653 00ee 082C     		cmp	r4, #8
 7654 00f0 0FD0     		beq	.L919
 7655 00f2 4523     		movs	r3, #69
 7656 00f4 0222     		movs	r2, #2
 7657 00f6 EA54     		strb	r2, [r5, r3]
 7658 00f8 AAE7     		b	.L889
 7659              	.L916:
 7660 00fa 3F23     		movs	r3, #63
 7661 00fc 0222     		movs	r2, #2
 7662 00fe EA54     		strb	r2, [r5, r3]
 7663 0100 F3E7     		b	.L891
 7664              	.L917:
 7665 0102 4023     		movs	r3, #64
 7666 0104 0222     		movs	r2, #2
 7667 0106 EA54     		strb	r2, [r5, r3]
 7668 0108 EFE7     		b	.L891
 7669              	.L918:
 7670 010a 4323     		movs	r3, #67
 7671 010c 0222     		movs	r2, #2
 7672 010e EA54     		strb	r2, [r5, r3]
 7673 0110 9EE7     		b	.L889
 7674              	.L919:
 7675 0112 4423     		movs	r3, #68
 7676 0114 0222     		movs	r2, #2
 7677 0116 EA54     		strb	r2, [r5, r3]
 7678 0118 9AE7     		b	.L889
 7679              	.L911:
 7680 011a 3000     		movs	r0, r6
 7681 011c 34E0     		b	.L899
 7682              	.L896:
ARM GAS  C:\Users\fastr\AppData\Local\Temp\ccUGQp9j.s 			page 132


 7683 011e 0C2C     		cmp	r4, #12
 7684 0120 18D1     		bne	.L920
 7685 0122 2B6B     		ldr	r3, [r5, #48]
 7686 0124 3C4A     		ldr	r2, .L921
 7687 0126 9A62     		str	r2, [r3, #40]
 7688 0128 2B6B     		ldr	r3, [r5, #48]
 7689 012a 3C4A     		ldr	r2, .L921+4
 7690 012c DA62     		str	r2, [r3, #44]
 7691 012e 2B6B     		ldr	r3, [r5, #48]
 7692 0130 3B4A     		ldr	r2, .L921+8
 7693 0132 1A63     		str	r2, [r3, #48]
 7694 0134 2968     		ldr	r1, [r5]
 7695 0136 4031     		adds	r1, r1, #64
 7696 0138 286B     		ldr	r0, [r5, #48]
 7697 013a 019B     		ldr	r3, [sp, #4]
 7698 013c 3A00     		movs	r2, r7
 7699 013e FFF7FEFF 		bl	HAL_DMA_Start_IT
 7700 0142 0028     		cmp	r0, #0
 7701 0144 65D1     		bne	.L910
 7702 0146 2A68     		ldr	r2, [r5]
 7703 0148 D168     		ldr	r1, [r2, #12]
 7704 014a 8023     		movs	r3, #128
 7705 014c 5B01     		lsls	r3, r3, #5
 7706 014e 0B43     		orrs	r3, r1
 7707 0150 D360     		str	r3, [r2, #12]
 7708 0152 19E0     		b	.L899
 7709              	.L920:
 7710 0154 3000     		movs	r0, r6
 7711 0156 17E0     		b	.L899
 7712              	.L897:
 7713 0158 6B6A     		ldr	r3, [r5, #36]
 7714 015a 2F4A     		ldr	r2, .L921
 7715 015c 9A62     		str	r2, [r3, #40]
 7716 015e 6B6A     		ldr	r3, [r5, #36]
 7717 0160 2E4A     		ldr	r2, .L921+4
 7718 0162 DA62     		str	r2, [r3, #44]
 7719 0164 6B6A     		ldr	r3, [r5, #36]
 7720 0166 2E4A     		ldr	r2, .L921+8
 7721 0168 1A63     		str	r2, [r3, #48]
 7722 016a 2968     		ldr	r1, [r5]
 7723 016c 3431     		adds	r1, r1, #52
 7724 016e 686A     		ldr	r0, [r5, #36]
 7725 0170 019B     		ldr	r3, [sp, #4]
 7726 0172 3A00     		movs	r2, r7
 7727 0174 FFF7FEFF 		bl	HAL_DMA_Start_IT
 7728 0178 0028     		cmp	r0, #0
 7729 017a 44D1     		bne	.L907
 7730 017c 2A68     		ldr	r2, [r5]
 7731 017e D168     		ldr	r1, [r2, #12]
 7732 0180 8023     		movs	r3, #128
 7733 0182 9B00     		lsls	r3, r3, #2
 7734 0184 0B43     		orrs	r3, r1
 7735 0186 D360     		str	r3, [r2, #12]
 7736              	.L899:
 7737 0188 2B68     		ldr	r3, [r5]
 7738 018a 264A     		ldr	r2, .L921+12
 7739 018c 9342     		cmp	r3, r2
ARM GAS  C:\Users\fastr\AppData\Local\Temp\ccUGQp9j.s 			page 133


 7740 018e 27D0     		beq	.L901
 7741 0190 8022     		movs	r2, #128
 7742 0192 D205     		lsls	r2, r2, #23
 7743 0194 9342     		cmp	r3, r2
 7744 0196 23D0     		beq	.L901
 7745 0198 234A     		ldr	r2, .L921+16
 7746 019a 9342     		cmp	r3, r2
 7747 019c 20D0     		beq	.L901
 7748 019e 234A     		ldr	r2, .L921+20
 7749 01a0 9342     		cmp	r3, r2
 7750 01a2 1DD0     		beq	.L901
 7751 01a4 1A68     		ldr	r2, [r3]
 7752 01a6 0121     		movs	r1, #1
 7753 01a8 0A43     		orrs	r2, r1
 7754 01aa 1A60     		str	r2, [r3]
 7755 01ac 25E0     		b	.L887
 7756              	.L895:
 7757 01ae EB6A     		ldr	r3, [r5, #44]
 7758 01b0 194A     		ldr	r2, .L921
 7759 01b2 9A62     		str	r2, [r3, #40]
 7760 01b4 EB6A     		ldr	r3, [r5, #44]
 7761 01b6 194A     		ldr	r2, .L921+4
 7762 01b8 DA62     		str	r2, [r3, #44]
 7763 01ba EB6A     		ldr	r3, [r5, #44]
 7764 01bc 184A     		ldr	r2, .L921+8
 7765 01be 1A63     		str	r2, [r3, #48]
 7766 01c0 2968     		ldr	r1, [r5]
 7767 01c2 3C31     		adds	r1, r1, #60
 7768 01c4 E86A     		ldr	r0, [r5, #44]
 7769 01c6 019B     		ldr	r3, [sp, #4]
 7770 01c8 3A00     		movs	r2, r7
 7771 01ca FFF7FEFF 		bl	HAL_DMA_Start_IT
 7772 01ce 0028     		cmp	r0, #0
 7773 01d0 1DD1     		bne	.L909
 7774 01d2 2A68     		ldr	r2, [r5]
 7775 01d4 D168     		ldr	r1, [r2, #12]
 7776 01d6 8023     		movs	r3, #128
 7777 01d8 1B01     		lsls	r3, r3, #4
 7778 01da 0B43     		orrs	r3, r1
 7779 01dc D360     		str	r3, [r2, #12]
 7780 01de D3E7     		b	.L899
 7781              	.L901:
 7782 01e0 9968     		ldr	r1, [r3, #8]
 7783 01e2 0722     		movs	r2, #7
 7784 01e4 0A40     		ands	r2, r1
 7785 01e6 062A     		cmp	r2, #6
 7786 01e8 07D0     		beq	.L887
 7787 01ea 1A68     		ldr	r2, [r3]
 7788 01ec 0121     		movs	r1, #1
 7789 01ee 0A43     		orrs	r2, r1
 7790 01f0 1A60     		str	r2, [r3]
 7791 01f2 02E0     		b	.L887
 7792              	.L903:
 7793 01f4 3000     		movs	r0, r6
 7794 01f6 00E0     		b	.L887
 7795              	.L904:
 7796 01f8 0120     		movs	r0, #1
ARM GAS  C:\Users\fastr\AppData\Local\Temp\ccUGQp9j.s 			page 134


 7797              	.L887:
 7798 01fa 03B0     		add	sp, sp, #12
 7799              		@ sp needed
 7800 01fc F0BD     		pop	{r4, r5, r6, r7, pc}
 7801              	.L905:
 7802 01fe 3000     		movs	r0, r6
 7803 0200 FBE7     		b	.L887
 7804              	.L906:
 7805 0202 3000     		movs	r0, r6
 7806 0204 F9E7     		b	.L887
 7807              	.L907:
 7808 0206 3000     		movs	r0, r6
 7809 0208 F7E7     		b	.L887
 7810              	.L908:
 7811 020a 3000     		movs	r0, r6
 7812 020c F5E7     		b	.L887
 7813              	.L909:
 7814 020e 3000     		movs	r0, r6
 7815 0210 F3E7     		b	.L887
 7816              	.L910:
 7817 0212 3000     		movs	r0, r6
 7818 0214 F1E7     		b	.L887
 7819              	.L922:
 7820 0216 C046     		.align	2
 7821              	.L921:
 7822 0218 00000000 		.word	TIM_DMACaptureCplt
 7823 021c 00000000 		.word	TIM_DMACaptureHalfCplt
 7824 0220 00000000 		.word	TIM_DMAError
 7825 0224 002C0140 		.word	1073818624
 7826 0228 00040040 		.word	1073742848
 7827 022c 00400140 		.word	1073823744
 7829              		.section	.text.HAL_TIM_IC_Stop_DMA,"ax",%progbits
 7830              		.align	1
 7831              		.global	HAL_TIM_IC_Stop_DMA
 7832              		.syntax unified
 7833              		.code	16
 7834              		.thumb_func
 7836              	HAL_TIM_IC_Stop_DMA:
 7837              		@ args = 0, pretend = 0, frame = 0
 7838              		@ frame_needed = 0, uses_anonymous_args = 0
 7839 0000 70B5     		push	{r4, r5, r6, lr}
 7840 0002 0500     		movs	r5, r0
 7841 0004 0C00     		movs	r4, r1
 7842 0006 0068     		ldr	r0, [r0]
 7843 0008 0022     		movs	r2, #0
 7844 000a FFF7FEFF 		bl	TIM_CCxChannelCmd
 7845 000e 082C     		cmp	r4, #8
 7846 0010 3AD0     		beq	.L924
 7847 0012 0ED8     		bhi	.L925
 7848 0014 002C     		cmp	r4, #0
 7849 0016 19D0     		beq	.L926
 7850 0018 042C     		cmp	r4, #4
 7851 001a 08D1     		bne	.L938
 7852 001c 2A68     		ldr	r2, [r5]
 7853 001e D368     		ldr	r3, [r2, #12]
 7854 0020 2F49     		ldr	r1, .L944
 7855 0022 0B40     		ands	r3, r1
ARM GAS  C:\Users\fastr\AppData\Local\Temp\ccUGQp9j.s 			page 135


 7856 0024 D360     		str	r3, [r2, #12]
 7857 0026 A86A     		ldr	r0, [r5, #40]
 7858 0028 FFF7FEFF 		bl	HAL_DMA_Abort_IT
 7859 002c 16E0     		b	.L930
 7860              	.L938:
 7861 002e 0120     		movs	r0, #1
 7862 0030 29E0     		b	.L928
 7863              	.L925:
 7864 0032 0C2C     		cmp	r4, #12
 7865 0034 08D1     		bne	.L939
 7866 0036 2A68     		ldr	r2, [r5]
 7867 0038 D368     		ldr	r3, [r2, #12]
 7868 003a 2A49     		ldr	r1, .L944+4
 7869 003c 0B40     		ands	r3, r1
 7870 003e D360     		str	r3, [r2, #12]
 7871 0040 286B     		ldr	r0, [r5, #48]
 7872 0042 FFF7FEFF 		bl	HAL_DMA_Abort_IT
 7873 0046 09E0     		b	.L930
 7874              	.L939:
 7875 0048 0120     		movs	r0, #1
 7876 004a 1CE0     		b	.L928
 7877              	.L926:
 7878 004c 2A68     		ldr	r2, [r5]
 7879 004e D368     		ldr	r3, [r2, #12]
 7880 0050 2549     		ldr	r1, .L944+8
 7881 0052 0B40     		ands	r3, r1
 7882 0054 D360     		str	r3, [r2, #12]
 7883 0056 686A     		ldr	r0, [r5, #36]
 7884 0058 FFF7FEFF 		bl	HAL_DMA_Abort_IT
 7885              	.L930:
 7886 005c 2B68     		ldr	r3, [r5]
 7887 005e 196A     		ldr	r1, [r3, #32]
 7888 0060 224A     		ldr	r2, .L944+12
 7889 0062 1142     		tst	r1, r2
 7890 0064 07D1     		bne	.L931
 7891 0066 196A     		ldr	r1, [r3, #32]
 7892 0068 214A     		ldr	r2, .L944+16
 7893 006a 1142     		tst	r1, r2
 7894 006c 03D1     		bne	.L931
 7895 006e 1A68     		ldr	r2, [r3]
 7896 0070 0121     		movs	r1, #1
 7897 0072 8A43     		bics	r2, r1
 7898 0074 1A60     		str	r2, [r3]
 7899              	.L931:
 7900 0076 002C     		cmp	r4, #0
 7901 0078 0FD1     		bne	.L932
 7902 007a 0123     		movs	r3, #1
 7903 007c 3E22     		movs	r2, #62
 7904 007e AB54     		strb	r3, [r5, r2]
 7905 0080 0432     		adds	r2, r2, #4
 7906 0082 AB54     		strb	r3, [r5, r2]
 7907 0084 0020     		movs	r0, #0
 7908              	.L928:
 7909              		@ sp needed
 7910 0086 70BD     		pop	{r4, r5, r6, pc}
 7911              	.L924:
 7912 0088 2A68     		ldr	r2, [r5]
ARM GAS  C:\Users\fastr\AppData\Local\Temp\ccUGQp9j.s 			page 136


 7913 008a D368     		ldr	r3, [r2, #12]
 7914 008c 1949     		ldr	r1, .L944+20
 7915 008e 0B40     		ands	r3, r1
 7916 0090 D360     		str	r3, [r2, #12]
 7917 0092 E86A     		ldr	r0, [r5, #44]
 7918 0094 FFF7FEFF 		bl	HAL_DMA_Abort_IT
 7919 0098 E0E7     		b	.L930
 7920              	.L932:
 7921 009a 042C     		cmp	r4, #4
 7922 009c 0DD0     		beq	.L940
 7923 009e 082C     		cmp	r4, #8
 7924 00a0 0FD0     		beq	.L941
 7925 00a2 4123     		movs	r3, #65
 7926 00a4 0122     		movs	r2, #1
 7927 00a6 EA54     		strb	r2, [r5, r3]
 7928              	.L934:
 7929 00a8 042C     		cmp	r4, #4
 7930 00aa 0ED0     		beq	.L942
 7931 00ac 082C     		cmp	r4, #8
 7932 00ae 11D0     		beq	.L943
 7933 00b0 4523     		movs	r3, #69
 7934 00b2 0122     		movs	r2, #1
 7935 00b4 EA54     		strb	r2, [r5, r3]
 7936 00b6 0020     		movs	r0, #0
 7937 00b8 E5E7     		b	.L928
 7938              	.L940:
 7939 00ba 3F23     		movs	r3, #63
 7940 00bc 0122     		movs	r2, #1
 7941 00be EA54     		strb	r2, [r5, r3]
 7942 00c0 F2E7     		b	.L934
 7943              	.L941:
 7944 00c2 4023     		movs	r3, #64
 7945 00c4 0122     		movs	r2, #1
 7946 00c6 EA54     		strb	r2, [r5, r3]
 7947 00c8 EEE7     		b	.L934
 7948              	.L942:
 7949 00ca 4323     		movs	r3, #67
 7950 00cc 0122     		movs	r2, #1
 7951 00ce EA54     		strb	r2, [r5, r3]
 7952 00d0 0020     		movs	r0, #0
 7953 00d2 D8E7     		b	.L928
 7954              	.L943:
 7955 00d4 4423     		movs	r3, #68
 7956 00d6 0122     		movs	r2, #1
 7957 00d8 EA54     		strb	r2, [r5, r3]
 7958 00da 0020     		movs	r0, #0
 7959 00dc D3E7     		b	.L928
 7960              	.L945:
 7961 00de C046     		.align	2
 7962              	.L944:
 7963 00e0 FFFBFFFF 		.word	-1025
 7964 00e4 FFEFFFFF 		.word	-4097
 7965 00e8 FFFDFFFF 		.word	-513
 7966 00ec 11110000 		.word	4369
 7967 00f0 44040000 		.word	1092
 7968 00f4 FFF7FFFF 		.word	-2049
 7970              		.section	.text.HAL_TIM_OnePulse_Start,"ax",%progbits
ARM GAS  C:\Users\fastr\AppData\Local\Temp\ccUGQp9j.s 			page 137


 7971              		.align	1
 7972              		.global	HAL_TIM_OnePulse_Start
 7973              		.syntax unified
 7974              		.code	16
 7975              		.thumb_func
 7977              	HAL_TIM_OnePulse_Start:
 7978              		@ args = 0, pretend = 0, frame = 0
 7979              		@ frame_needed = 0, uses_anonymous_args = 0
 7980 0000 10B5     		push	{r4, lr}
 7981 0002 0400     		movs	r4, r0
 7982 0004 3E23     		movs	r3, #62
 7983 0006 C05C     		ldrb	r0, [r0, r3]
 7984 0008 C3B2     		uxtb	r3, r0
 7985 000a 9C46     		mov	ip, r3
 7986 000c 3F23     		movs	r3, #63
 7987 000e E35C     		ldrb	r3, [r4, r3]
 7988 0010 DBB2     		uxtb	r3, r3
 7989 0012 4222     		movs	r2, #66
 7990 0014 A25C     		ldrb	r2, [r4, r2]
 7991 0016 D2B2     		uxtb	r2, r2
 7992 0018 4321     		movs	r1, #67
 7993 001a 615C     		ldrb	r1, [r4, r1]
 7994 001c C9B2     		uxtb	r1, r1
 7995 001e 0128     		cmp	r0, #1
 7996 0020 32D1     		bne	.L949
 7997 0022 012B     		cmp	r3, #1
 7998 0024 32D1     		bne	.L947
 7999 0026 012A     		cmp	r2, #1
 8000 0028 32D1     		bne	.L950
 8001 002a 0129     		cmp	r1, #1
 8002 002c 01D0     		beq	.L953
 8003 002e 9446     		mov	ip, r2
 8004 0030 2CE0     		b	.L947
 8005              	.L953:
 8006 0032 0133     		adds	r3, r3, #1
 8007 0034 3D32     		adds	r2, r2, #61
 8008 0036 A354     		strb	r3, [r4, r2]
 8009 0038 0132     		adds	r2, r2, #1
 8010 003a A354     		strb	r3, [r4, r2]
 8011 003c 0332     		adds	r2, r2, #3
 8012 003e A354     		strb	r3, [r4, r2]
 8013 0040 0132     		adds	r2, r2, #1
 8014 0042 A354     		strb	r3, [r4, r2]
 8015 0044 2068     		ldr	r0, [r4]
 8016 0046 423A     		subs	r2, r2, #66
 8017 0048 0021     		movs	r1, #0
 8018 004a FFF7FEFF 		bl	TIM_CCxChannelCmd
 8019 004e 2068     		ldr	r0, [r4]
 8020 0050 0122     		movs	r2, #1
 8021 0052 0421     		movs	r1, #4
 8022 0054 FFF7FEFF 		bl	TIM_CCxChannelCmd
 8023 0058 2368     		ldr	r3, [r4]
 8024 005a 0E4A     		ldr	r2, .L954
 8025 005c 9342     		cmp	r3, r2
 8026 005e 0BD0     		beq	.L948
 8027 0060 0D4A     		ldr	r2, .L954+4
 8028 0062 9342     		cmp	r3, r2
ARM GAS  C:\Users\fastr\AppData\Local\Temp\ccUGQp9j.s 			page 138


 8029 0064 08D0     		beq	.L948
 8030 0066 0D4A     		ldr	r2, .L954+8
 8031 0068 9342     		cmp	r3, r2
 8032 006a 05D0     		beq	.L948
 8033 006c 0C4A     		ldr	r2, .L954+12
 8034 006e 9342     		cmp	r3, r2
 8035 0070 02D0     		beq	.L948
 8036 0072 0023     		movs	r3, #0
 8037 0074 9C46     		mov	ip, r3
 8038 0076 09E0     		b	.L947
 8039              	.L948:
 8040 0078 596C     		ldr	r1, [r3, #68]
 8041 007a 8022     		movs	r2, #128
 8042 007c 1202     		lsls	r2, r2, #8
 8043 007e 0A43     		orrs	r2, r1
 8044 0080 5A64     		str	r2, [r3, #68]
 8045 0082 0023     		movs	r3, #0
 8046 0084 9C46     		mov	ip, r3
 8047 0086 01E0     		b	.L947
 8048              	.L949:
 8049 0088 0123     		movs	r3, #1
 8050 008a 9C46     		mov	ip, r3
 8051              	.L947:
 8052 008c 6046     		mov	r0, ip
 8053              		@ sp needed
 8054 008e 10BD     		pop	{r4, pc}
 8055              	.L950:
 8056 0090 9C46     		mov	ip, r3
 8057 0092 FBE7     		b	.L947
 8058              	.L955:
 8059              		.align	2
 8060              	.L954:
 8061 0094 002C0140 		.word	1073818624
 8062 0098 00400140 		.word	1073823744
 8063 009c 00440140 		.word	1073824768
 8064 00a0 00480140 		.word	1073825792
 8066              		.section	.text.HAL_TIM_OnePulse_Stop,"ax",%progbits
 8067              		.align	1
 8068              		.global	HAL_TIM_OnePulse_Stop
 8069              		.syntax unified
 8070              		.code	16
 8071              		.thumb_func
 8073              	HAL_TIM_OnePulse_Stop:
 8074              		@ args = 0, pretend = 0, frame = 0
 8075              		@ frame_needed = 0, uses_anonymous_args = 0
 8076 0000 10B5     		push	{r4, lr}
 8077 0002 0400     		movs	r4, r0
 8078 0004 0068     		ldr	r0, [r0]
 8079 0006 0022     		movs	r2, #0
 8080 0008 0021     		movs	r1, #0
 8081 000a FFF7FEFF 		bl	TIM_CCxChannelCmd
 8082 000e 2068     		ldr	r0, [r4]
 8083 0010 0022     		movs	r2, #0
 8084 0012 0421     		movs	r1, #4
 8085 0014 FFF7FEFF 		bl	TIM_CCxChannelCmd
 8086 0018 2368     		ldr	r3, [r4]
 8087 001a 184A     		ldr	r2, .L960
ARM GAS  C:\Users\fastr\AppData\Local\Temp\ccUGQp9j.s 			page 139


 8088 001c 9342     		cmp	r3, r2
 8089 001e 20D0     		beq	.L957
 8090 0020 174A     		ldr	r2, .L960+4
 8091 0022 9342     		cmp	r3, r2
 8092 0024 1DD0     		beq	.L957
 8093 0026 174A     		ldr	r2, .L960+8
 8094 0028 9342     		cmp	r3, r2
 8095 002a 1AD0     		beq	.L957
 8096 002c 164A     		ldr	r2, .L960+12
 8097 002e 9342     		cmp	r3, r2
 8098 0030 17D0     		beq	.L957
 8099              	.L958:
 8100 0032 2368     		ldr	r3, [r4]
 8101 0034 196A     		ldr	r1, [r3, #32]
 8102 0036 154A     		ldr	r2, .L960+16
 8103 0038 1142     		tst	r1, r2
 8104 003a 07D1     		bne	.L959
 8105 003c 196A     		ldr	r1, [r3, #32]
 8106 003e 144A     		ldr	r2, .L960+20
 8107 0040 1142     		tst	r1, r2
 8108 0042 03D1     		bne	.L959
 8109 0044 1A68     		ldr	r2, [r3]
 8110 0046 0121     		movs	r1, #1
 8111 0048 8A43     		bics	r2, r1
 8112 004a 1A60     		str	r2, [r3]
 8113              	.L959:
 8114 004c 0123     		movs	r3, #1
 8115 004e 3E22     		movs	r2, #62
 8116 0050 A354     		strb	r3, [r4, r2]
 8117 0052 0132     		adds	r2, r2, #1
 8118 0054 A354     		strb	r3, [r4, r2]
 8119 0056 0332     		adds	r2, r2, #3
 8120 0058 A354     		strb	r3, [r4, r2]
 8121 005a 0132     		adds	r2, r2, #1
 8122 005c A354     		strb	r3, [r4, r2]
 8123 005e 0020     		movs	r0, #0
 8124              		@ sp needed
 8125 0060 10BD     		pop	{r4, pc}
 8126              	.L957:
 8127 0062 196A     		ldr	r1, [r3, #32]
 8128 0064 094A     		ldr	r2, .L960+16
 8129 0066 1142     		tst	r1, r2
 8130 0068 E3D1     		bne	.L958
 8131 006a 196A     		ldr	r1, [r3, #32]
 8132 006c 084A     		ldr	r2, .L960+20
 8133 006e 1142     		tst	r1, r2
 8134 0070 DFD1     		bne	.L958
 8135 0072 5A6C     		ldr	r2, [r3, #68]
 8136 0074 0749     		ldr	r1, .L960+24
 8137 0076 0A40     		ands	r2, r1
 8138 0078 5A64     		str	r2, [r3, #68]
 8139 007a DAE7     		b	.L958
 8140              	.L961:
 8141              		.align	2
 8142              	.L960:
 8143 007c 002C0140 		.word	1073818624
 8144 0080 00400140 		.word	1073823744
ARM GAS  C:\Users\fastr\AppData\Local\Temp\ccUGQp9j.s 			page 140


 8145 0084 00440140 		.word	1073824768
 8146 0088 00480140 		.word	1073825792
 8147 008c 11110000 		.word	4369
 8148 0090 44040000 		.word	1092
 8149 0094 FF7FFFFF 		.word	-32769
 8151              		.section	.text.HAL_TIM_OnePulse_Start_IT,"ax",%progbits
 8152              		.align	1
 8153              		.global	HAL_TIM_OnePulse_Start_IT
 8154              		.syntax unified
 8155              		.code	16
 8156              		.thumb_func
 8158              	HAL_TIM_OnePulse_Start_IT:
 8159              		@ args = 0, pretend = 0, frame = 0
 8160              		@ frame_needed = 0, uses_anonymous_args = 0
 8161 0000 10B5     		push	{r4, lr}
 8162 0002 0400     		movs	r4, r0
 8163 0004 3E23     		movs	r3, #62
 8164 0006 C05C     		ldrb	r0, [r0, r3]
 8165 0008 C3B2     		uxtb	r3, r0
 8166 000a 9C46     		mov	ip, r3
 8167 000c 3F23     		movs	r3, #63
 8168 000e E35C     		ldrb	r3, [r4, r3]
 8169 0010 DBB2     		uxtb	r3, r3
 8170 0012 4222     		movs	r2, #66
 8171 0014 A25C     		ldrb	r2, [r4, r2]
 8172 0016 D2B2     		uxtb	r2, r2
 8173 0018 4321     		movs	r1, #67
 8174 001a 615C     		ldrb	r1, [r4, r1]
 8175 001c C9B2     		uxtb	r1, r1
 8176 001e 0128     		cmp	r0, #1
 8177 0020 3BD1     		bne	.L965
 8178 0022 012B     		cmp	r3, #1
 8179 0024 3BD1     		bne	.L963
 8180 0026 012A     		cmp	r2, #1
 8181 0028 3BD1     		bne	.L966
 8182 002a 0129     		cmp	r1, #1
 8183 002c 01D0     		beq	.L969
 8184 002e 9446     		mov	ip, r2
 8185 0030 35E0     		b	.L963
 8186              	.L969:
 8187 0032 0133     		adds	r3, r3, #1
 8188 0034 3D32     		adds	r2, r2, #61
 8189 0036 A354     		strb	r3, [r4, r2]
 8190 0038 0132     		adds	r2, r2, #1
 8191 003a A354     		strb	r3, [r4, r2]
 8192 003c 0332     		adds	r2, r2, #3
 8193 003e A354     		strb	r3, [r4, r2]
 8194 0040 0132     		adds	r2, r2, #1
 8195 0042 A354     		strb	r3, [r4, r2]
 8196 0044 2168     		ldr	r1, [r4]
 8197 0046 CA68     		ldr	r2, [r1, #12]
 8198 0048 1343     		orrs	r3, r2
 8199 004a CB60     		str	r3, [r1, #12]
 8200 004c 2268     		ldr	r2, [r4]
 8201 004e D368     		ldr	r3, [r2, #12]
 8202 0050 0421     		movs	r1, #4
 8203 0052 0B43     		orrs	r3, r1
ARM GAS  C:\Users\fastr\AppData\Local\Temp\ccUGQp9j.s 			page 141


 8204 0054 D360     		str	r3, [r2, #12]
 8205 0056 2068     		ldr	r0, [r4]
 8206 0058 0122     		movs	r2, #1
 8207 005a 0021     		movs	r1, #0
 8208 005c FFF7FEFF 		bl	TIM_CCxChannelCmd
 8209 0060 2068     		ldr	r0, [r4]
 8210 0062 0122     		movs	r2, #1
 8211 0064 0421     		movs	r1, #4
 8212 0066 FFF7FEFF 		bl	TIM_CCxChannelCmd
 8213 006a 2368     		ldr	r3, [r4]
 8214 006c 0E4A     		ldr	r2, .L970
 8215 006e 9342     		cmp	r3, r2
 8216 0070 0BD0     		beq	.L964
 8217 0072 0E4A     		ldr	r2, .L970+4
 8218 0074 9342     		cmp	r3, r2
 8219 0076 08D0     		beq	.L964
 8220 0078 0D4A     		ldr	r2, .L970+8
 8221 007a 9342     		cmp	r3, r2
 8222 007c 05D0     		beq	.L964
 8223 007e 0D4A     		ldr	r2, .L970+12
 8224 0080 9342     		cmp	r3, r2
 8225 0082 02D0     		beq	.L964
 8226 0084 0023     		movs	r3, #0
 8227 0086 9C46     		mov	ip, r3
 8228 0088 09E0     		b	.L963
 8229              	.L964:
 8230 008a 596C     		ldr	r1, [r3, #68]
 8231 008c 8022     		movs	r2, #128
 8232 008e 1202     		lsls	r2, r2, #8
 8233 0090 0A43     		orrs	r2, r1
 8234 0092 5A64     		str	r2, [r3, #68]
 8235 0094 0023     		movs	r3, #0
 8236 0096 9C46     		mov	ip, r3
 8237 0098 01E0     		b	.L963
 8238              	.L965:
 8239 009a 0123     		movs	r3, #1
 8240 009c 9C46     		mov	ip, r3
 8241              	.L963:
 8242 009e 6046     		mov	r0, ip
 8243              		@ sp needed
 8244 00a0 10BD     		pop	{r4, pc}
 8245              	.L966:
 8246 00a2 9C46     		mov	ip, r3
 8247 00a4 FBE7     		b	.L963
 8248              	.L971:
 8249 00a6 C046     		.align	2
 8250              	.L970:
 8251 00a8 002C0140 		.word	1073818624
 8252 00ac 00400140 		.word	1073823744
 8253 00b0 00440140 		.word	1073824768
 8254 00b4 00480140 		.word	1073825792
 8256              		.section	.text.HAL_TIM_OnePulse_Stop_IT,"ax",%progbits
 8257              		.align	1
 8258              		.global	HAL_TIM_OnePulse_Stop_IT
 8259              		.syntax unified
 8260              		.code	16
 8261              		.thumb_func
ARM GAS  C:\Users\fastr\AppData\Local\Temp\ccUGQp9j.s 			page 142


 8263              	HAL_TIM_OnePulse_Stop_IT:
 8264              		@ args = 0, pretend = 0, frame = 0
 8265              		@ frame_needed = 0, uses_anonymous_args = 0
 8266 0000 10B5     		push	{r4, lr}
 8267 0002 0400     		movs	r4, r0
 8268 0004 0268     		ldr	r2, [r0]
 8269 0006 D368     		ldr	r3, [r2, #12]
 8270 0008 0221     		movs	r1, #2
 8271 000a 8B43     		bics	r3, r1
 8272 000c D360     		str	r3, [r2, #12]
 8273 000e 0268     		ldr	r2, [r0]
 8274 0010 D368     		ldr	r3, [r2, #12]
 8275 0012 0231     		adds	r1, r1, #2
 8276 0014 8B43     		bics	r3, r1
 8277 0016 D360     		str	r3, [r2, #12]
 8278 0018 0068     		ldr	r0, [r0]
 8279 001a 0022     		movs	r2, #0
 8280 001c 0021     		movs	r1, #0
 8281 001e FFF7FEFF 		bl	TIM_CCxChannelCmd
 8282 0022 2068     		ldr	r0, [r4]
 8283 0024 0022     		movs	r2, #0
 8284 0026 0421     		movs	r1, #4
 8285 0028 FFF7FEFF 		bl	TIM_CCxChannelCmd
 8286 002c 2368     		ldr	r3, [r4]
 8287 002e 184A     		ldr	r2, .L976
 8288 0030 9342     		cmp	r3, r2
 8289 0032 20D0     		beq	.L973
 8290 0034 174A     		ldr	r2, .L976+4
 8291 0036 9342     		cmp	r3, r2
 8292 0038 1DD0     		beq	.L973
 8293 003a 174A     		ldr	r2, .L976+8
 8294 003c 9342     		cmp	r3, r2
 8295 003e 1AD0     		beq	.L973
 8296 0040 164A     		ldr	r2, .L976+12
 8297 0042 9342     		cmp	r3, r2
 8298 0044 17D0     		beq	.L973
 8299              	.L974:
 8300 0046 2368     		ldr	r3, [r4]
 8301 0048 196A     		ldr	r1, [r3, #32]
 8302 004a 154A     		ldr	r2, .L976+16
 8303 004c 1142     		tst	r1, r2
 8304 004e 07D1     		bne	.L975
 8305 0050 196A     		ldr	r1, [r3, #32]
 8306 0052 144A     		ldr	r2, .L976+20
 8307 0054 1142     		tst	r1, r2
 8308 0056 03D1     		bne	.L975
 8309 0058 1A68     		ldr	r2, [r3]
 8310 005a 0121     		movs	r1, #1
 8311 005c 8A43     		bics	r2, r1
 8312 005e 1A60     		str	r2, [r3]
 8313              	.L975:
 8314 0060 0123     		movs	r3, #1
 8315 0062 3E22     		movs	r2, #62
 8316 0064 A354     		strb	r3, [r4, r2]
 8317 0066 0132     		adds	r2, r2, #1
 8318 0068 A354     		strb	r3, [r4, r2]
 8319 006a 0332     		adds	r2, r2, #3
ARM GAS  C:\Users\fastr\AppData\Local\Temp\ccUGQp9j.s 			page 143


 8320 006c A354     		strb	r3, [r4, r2]
 8321 006e 0132     		adds	r2, r2, #1
 8322 0070 A354     		strb	r3, [r4, r2]
 8323 0072 0020     		movs	r0, #0
 8324              		@ sp needed
 8325 0074 10BD     		pop	{r4, pc}
 8326              	.L973:
 8327 0076 196A     		ldr	r1, [r3, #32]
 8328 0078 094A     		ldr	r2, .L976+16
 8329 007a 1142     		tst	r1, r2
 8330 007c E3D1     		bne	.L974
 8331 007e 196A     		ldr	r1, [r3, #32]
 8332 0080 084A     		ldr	r2, .L976+20
 8333 0082 1142     		tst	r1, r2
 8334 0084 DFD1     		bne	.L974
 8335 0086 5A6C     		ldr	r2, [r3, #68]
 8336 0088 0749     		ldr	r1, .L976+24
 8337 008a 0A40     		ands	r2, r1
 8338 008c 5A64     		str	r2, [r3, #68]
 8339 008e DAE7     		b	.L974
 8340              	.L977:
 8341              		.align	2
 8342              	.L976:
 8343 0090 002C0140 		.word	1073818624
 8344 0094 00400140 		.word	1073823744
 8345 0098 00440140 		.word	1073824768
 8346 009c 00480140 		.word	1073825792
 8347 00a0 11110000 		.word	4369
 8348 00a4 44040000 		.word	1092
 8349 00a8 FF7FFFFF 		.word	-32769
 8351              		.section	.text.HAL_TIM_Encoder_Start,"ax",%progbits
 8352              		.align	1
 8353              		.global	HAL_TIM_Encoder_Start
 8354              		.syntax unified
 8355              		.code	16
 8356              		.thumb_func
 8358              	HAL_TIM_Encoder_Start:
 8359              		@ args = 0, pretend = 0, frame = 0
 8360              		@ frame_needed = 0, uses_anonymous_args = 0
 8361 0000 70B5     		push	{r4, r5, r6, lr}
 8362 0002 0400     		movs	r4, r0
 8363 0004 3E23     		movs	r3, #62
 8364 0006 C05C     		ldrb	r0, [r0, r3]
 8365 0008 C0B2     		uxtb	r0, r0
 8366 000a 0133     		adds	r3, r3, #1
 8367 000c E35C     		ldrb	r3, [r4, r3]
 8368 000e DBB2     		uxtb	r3, r3
 8369 0010 4222     		movs	r2, #66
 8370 0012 A25C     		ldrb	r2, [r4, r2]
 8371 0014 D2B2     		uxtb	r2, r2
 8372 0016 4325     		movs	r5, #67
 8373 0018 655D     		ldrb	r5, [r4, r5]
 8374 001a EDB2     		uxtb	r5, r5
 8375 001c 0029     		cmp	r1, #0
 8376 001e 17D1     		bne	.L979
 8377 0020 0128     		cmp	r0, #1
 8378 0022 45D1     		bne	.L987
ARM GAS  C:\Users\fastr\AppData\Local\Temp\ccUGQp9j.s 			page 144


 8379 0024 012A     		cmp	r2, #1
 8380 0026 44D1     		bne	.L980
 8381 0028 0223     		movs	r3, #2
 8382 002a 3D32     		adds	r2, r2, #61
 8383 002c A354     		strb	r3, [r4, r2]
 8384 002e 0432     		adds	r2, r2, #4
 8385 0030 A354     		strb	r3, [r4, r2]
 8386              	.L981:
 8387 0032 0029     		cmp	r1, #0
 8388 0034 2CD0     		beq	.L983
 8389 0036 0429     		cmp	r1, #4
 8390 0038 35D0     		beq	.L984
 8391 003a 2068     		ldr	r0, [r4]
 8392 003c 0122     		movs	r2, #1
 8393 003e 0021     		movs	r1, #0
 8394 0040 FFF7FEFF 		bl	TIM_CCxChannelCmd
 8395 0044 2068     		ldr	r0, [r4]
 8396 0046 0122     		movs	r2, #1
 8397 0048 0421     		movs	r1, #4
 8398 004a FFF7FEFF 		bl	TIM_CCxChannelCmd
 8399 004e 23E0     		b	.L986
 8400              	.L979:
 8401 0050 0429     		cmp	r1, #4
 8402 0052 12D0     		beq	.L994
 8403 0054 0128     		cmp	r0, #1
 8404 0056 31D1     		bne	.L990
 8405 0058 012B     		cmp	r3, #1
 8406 005a 2AD1     		bne	.L980
 8407 005c 012A     		cmp	r2, #1
 8408 005e 2FD1     		bne	.L991
 8409 0060 2B00     		movs	r3, r5
 8410 0062 012D     		cmp	r5, #1
 8411 0064 2ED1     		bne	.L992
 8412 0066 0133     		adds	r3, r3, #1
 8413 0068 3D32     		adds	r2, r2, #61
 8414 006a A354     		strb	r3, [r4, r2]
 8415 006c 0132     		adds	r2, r2, #1
 8416 006e A354     		strb	r3, [r4, r2]
 8417 0070 0332     		adds	r2, r2, #3
 8418 0072 A354     		strb	r3, [r4, r2]
 8419 0074 0132     		adds	r2, r2, #1
 8420 0076 A354     		strb	r3, [r4, r2]
 8421 0078 DBE7     		b	.L981
 8422              	.L994:
 8423 007a 012B     		cmp	r3, #1
 8424 007c 1AD1     		bne	.L988
 8425 007e 2A00     		movs	r2, r5
 8426 0080 012D     		cmp	r5, #1
 8427 0082 19D1     		bne	.L989
 8428 0084 0133     		adds	r3, r3, #1
 8429 0086 3E32     		adds	r2, r2, #62
 8430 0088 A354     		strb	r3, [r4, r2]
 8431 008a 0432     		adds	r2, r2, #4
 8432 008c A354     		strb	r3, [r4, r2]
 8433 008e D0E7     		b	.L981
 8434              	.L983:
 8435 0090 2068     		ldr	r0, [r4]
ARM GAS  C:\Users\fastr\AppData\Local\Temp\ccUGQp9j.s 			page 145


 8436 0092 0122     		movs	r2, #1
 8437 0094 FFF7FEFF 		bl	TIM_CCxChannelCmd
 8438              	.L986:
 8439 0098 2268     		ldr	r2, [r4]
 8440 009a 1368     		ldr	r3, [r2]
 8441 009c 0121     		movs	r1, #1
 8442 009e 0B43     		orrs	r3, r1
 8443 00a0 1360     		str	r3, [r2]
 8444 00a2 0020     		movs	r0, #0
 8445 00a4 05E0     		b	.L980
 8446              	.L984:
 8447 00a6 2068     		ldr	r0, [r4]
 8448 00a8 0122     		movs	r2, #1
 8449 00aa FFF7FEFF 		bl	TIM_CCxChannelCmd
 8450 00ae F3E7     		b	.L986
 8451              	.L987:
 8452 00b0 0120     		movs	r0, #1
 8453              	.L980:
 8454              		@ sp needed
 8455 00b2 70BD     		pop	{r4, r5, r6, pc}
 8456              	.L988:
 8457 00b4 0120     		movs	r0, #1
 8458 00b6 FCE7     		b	.L980
 8459              	.L989:
 8460 00b8 1800     		movs	r0, r3
 8461 00ba FAE7     		b	.L980
 8462              	.L990:
 8463 00bc 0120     		movs	r0, #1
 8464 00be F8E7     		b	.L980
 8465              	.L991:
 8466 00c0 1800     		movs	r0, r3
 8467 00c2 F6E7     		b	.L980
 8468              	.L992:
 8469 00c4 1000     		movs	r0, r2
 8470 00c6 F4E7     		b	.L980
 8472              		.section	.text.HAL_TIM_Encoder_Stop,"ax",%progbits
 8473              		.align	1
 8474              		.global	HAL_TIM_Encoder_Stop
 8475              		.syntax unified
 8476              		.code	16
 8477              		.thumb_func
 8479              	HAL_TIM_Encoder_Stop:
 8480              		@ args = 0, pretend = 0, frame = 0
 8481              		@ frame_needed = 0, uses_anonymous_args = 0
 8482 0000 70B5     		push	{r4, r5, r6, lr}
 8483 0002 0400     		movs	r4, r0
 8484 0004 0D1E     		subs	r5, r1, #0
 8485 0006 0CD0     		beq	.L996
 8486 0008 0429     		cmp	r1, #4
 8487 000a 2AD0     		beq	.L997
 8488 000c 0068     		ldr	r0, [r0]
 8489 000e 0022     		movs	r2, #0
 8490 0010 0021     		movs	r1, #0
 8491 0012 FFF7FEFF 		bl	TIM_CCxChannelCmd
 8492 0016 2068     		ldr	r0, [r4]
 8493 0018 0022     		movs	r2, #0
 8494 001a 0421     		movs	r1, #4
ARM GAS  C:\Users\fastr\AppData\Local\Temp\ccUGQp9j.s 			page 146


 8495 001c FFF7FEFF 		bl	TIM_CCxChannelCmd
 8496 0020 04E0     		b	.L999
 8497              	.L996:
 8498 0022 0068     		ldr	r0, [r0]
 8499 0024 0022     		movs	r2, #0
 8500 0026 0021     		movs	r1, #0
 8501 0028 FFF7FEFF 		bl	TIM_CCxChannelCmd
 8502              	.L999:
 8503 002c 2368     		ldr	r3, [r4]
 8504 002e 196A     		ldr	r1, [r3, #32]
 8505 0030 154A     		ldr	r2, .L1008
 8506 0032 1142     		tst	r1, r2
 8507 0034 07D1     		bne	.L1000
 8508 0036 196A     		ldr	r1, [r3, #32]
 8509 0038 144A     		ldr	r2, .L1008+4
 8510 003a 1142     		tst	r1, r2
 8511 003c 03D1     		bne	.L1000
 8512 003e 1A68     		ldr	r2, [r3]
 8513 0040 0121     		movs	r1, #1
 8514 0042 8A43     		bics	r2, r1
 8515 0044 1A60     		str	r2, [r3]
 8516              	.L1000:
 8517 0046 002D     		cmp	r5, #0
 8518 0048 11D0     		beq	.L1001
 8519 004a 042D     		cmp	r5, #4
 8520 004c 16D0     		beq	.L1007
 8521 004e 0123     		movs	r3, #1
 8522 0050 3E22     		movs	r2, #62
 8523 0052 A354     		strb	r3, [r4, r2]
 8524 0054 0132     		adds	r2, r2, #1
 8525 0056 A354     		strb	r3, [r4, r2]
 8526 0058 0332     		adds	r2, r2, #3
 8527 005a A354     		strb	r3, [r4, r2]
 8528 005c 0132     		adds	r2, r2, #1
 8529 005e A354     		strb	r3, [r4, r2]
 8530 0060 0AE0     		b	.L1004
 8531              	.L997:
 8532 0062 0068     		ldr	r0, [r0]
 8533 0064 0022     		movs	r2, #0
 8534 0066 0421     		movs	r1, #4
 8535 0068 FFF7FEFF 		bl	TIM_CCxChannelCmd
 8536 006c DEE7     		b	.L999
 8537              	.L1001:
 8538 006e 0123     		movs	r3, #1
 8539 0070 3E22     		movs	r2, #62
 8540 0072 A354     		strb	r3, [r4, r2]
 8541 0074 0432     		adds	r2, r2, #4
 8542 0076 A354     		strb	r3, [r4, r2]
 8543              	.L1004:
 8544 0078 0020     		movs	r0, #0
 8545              		@ sp needed
 8546 007a 70BD     		pop	{r4, r5, r6, pc}
 8547              	.L1007:
 8548 007c 0123     		movs	r3, #1
 8549 007e 3F22     		movs	r2, #63
 8550 0080 A354     		strb	r3, [r4, r2]
 8551 0082 0432     		adds	r2, r2, #4
ARM GAS  C:\Users\fastr\AppData\Local\Temp\ccUGQp9j.s 			page 147


 8552 0084 A354     		strb	r3, [r4, r2]
 8553 0086 F7E7     		b	.L1004
 8554              	.L1009:
 8555              		.align	2
 8556              	.L1008:
 8557 0088 11110000 		.word	4369
 8558 008c 44040000 		.word	1092
 8560              		.section	.text.HAL_TIM_Encoder_Start_IT,"ax",%progbits
 8561              		.align	1
 8562              		.global	HAL_TIM_Encoder_Start_IT
 8563              		.syntax unified
 8564              		.code	16
 8565              		.thumb_func
 8567              	HAL_TIM_Encoder_Start_IT:
 8568              		@ args = 0, pretend = 0, frame = 0
 8569              		@ frame_needed = 0, uses_anonymous_args = 0
 8570 0000 70B5     		push	{r4, r5, r6, lr}
 8571 0002 0400     		movs	r4, r0
 8572 0004 3E23     		movs	r3, #62
 8573 0006 C05C     		ldrb	r0, [r0, r3]
 8574 0008 C0B2     		uxtb	r0, r0
 8575 000a 0133     		adds	r3, r3, #1
 8576 000c E35C     		ldrb	r3, [r4, r3]
 8577 000e DBB2     		uxtb	r3, r3
 8578 0010 4222     		movs	r2, #66
 8579 0012 A25C     		ldrb	r2, [r4, r2]
 8580 0014 D2B2     		uxtb	r2, r2
 8581 0016 4325     		movs	r5, #67
 8582 0018 655D     		ldrb	r5, [r4, r5]
 8583 001a EDB2     		uxtb	r5, r5
 8584 001c 0029     		cmp	r1, #0
 8585 001e 21D1     		bne	.L1011
 8586 0020 0128     		cmp	r0, #1
 8587 0022 59D1     		bne	.L1019
 8588 0024 012A     		cmp	r2, #1
 8589 0026 58D1     		bne	.L1012
 8590 0028 0223     		movs	r3, #2
 8591 002a 3D32     		adds	r2, r2, #61
 8592 002c A354     		strb	r3, [r4, r2]
 8593 002e 0432     		adds	r2, r2, #4
 8594 0030 A354     		strb	r3, [r4, r2]
 8595              	.L1013:
 8596 0032 0029     		cmp	r1, #0
 8597 0034 36D0     		beq	.L1015
 8598 0036 0429     		cmp	r1, #4
 8599 0038 44D0     		beq	.L1016
 8600 003a 2068     		ldr	r0, [r4]
 8601 003c 0122     		movs	r2, #1
 8602 003e 0021     		movs	r1, #0
 8603 0040 FFF7FEFF 		bl	TIM_CCxChannelCmd
 8604 0044 2068     		ldr	r0, [r4]
 8605 0046 0122     		movs	r2, #1
 8606 0048 0421     		movs	r1, #4
 8607 004a FFF7FEFF 		bl	TIM_CCxChannelCmd
 8608 004e 2268     		ldr	r2, [r4]
 8609 0050 D368     		ldr	r3, [r2, #12]
 8610 0052 0221     		movs	r1, #2
ARM GAS  C:\Users\fastr\AppData\Local\Temp\ccUGQp9j.s 			page 148


 8611 0054 0B43     		orrs	r3, r1
 8612 0056 D360     		str	r3, [r2, #12]
 8613 0058 2268     		ldr	r2, [r4]
 8614 005a D368     		ldr	r3, [r2, #12]
 8615 005c 0231     		adds	r1, r1, #2
 8616 005e 0B43     		orrs	r3, r1
 8617 0060 D360     		str	r3, [r2, #12]
 8618 0062 28E0     		b	.L1018
 8619              	.L1011:
 8620 0064 0429     		cmp	r1, #4
 8621 0066 12D0     		beq	.L1026
 8622 0068 0128     		cmp	r0, #1
 8623 006a 3BD1     		bne	.L1022
 8624 006c 012B     		cmp	r3, #1
 8625 006e 34D1     		bne	.L1012
 8626 0070 012A     		cmp	r2, #1
 8627 0072 39D1     		bne	.L1023
 8628 0074 2B00     		movs	r3, r5
 8629 0076 012D     		cmp	r5, #1
 8630 0078 38D1     		bne	.L1024
 8631 007a 0133     		adds	r3, r3, #1
 8632 007c 3D32     		adds	r2, r2, #61
 8633 007e A354     		strb	r3, [r4, r2]
 8634 0080 0132     		adds	r2, r2, #1
 8635 0082 A354     		strb	r3, [r4, r2]
 8636 0084 0332     		adds	r2, r2, #3
 8637 0086 A354     		strb	r3, [r4, r2]
 8638 0088 0132     		adds	r2, r2, #1
 8639 008a A354     		strb	r3, [r4, r2]
 8640 008c D1E7     		b	.L1013
 8641              	.L1026:
 8642 008e 012B     		cmp	r3, #1
 8643 0090 24D1     		bne	.L1020
 8644 0092 2A00     		movs	r2, r5
 8645 0094 012D     		cmp	r5, #1
 8646 0096 23D1     		bne	.L1021
 8647 0098 0133     		adds	r3, r3, #1
 8648 009a 3E32     		adds	r2, r2, #62
 8649 009c A354     		strb	r3, [r4, r2]
 8650 009e 0432     		adds	r2, r2, #4
 8651 00a0 A354     		strb	r3, [r4, r2]
 8652 00a2 C6E7     		b	.L1013
 8653              	.L1015:
 8654 00a4 2068     		ldr	r0, [r4]
 8655 00a6 0122     		movs	r2, #1
 8656 00a8 FFF7FEFF 		bl	TIM_CCxChannelCmd
 8657 00ac 2268     		ldr	r2, [r4]
 8658 00ae D368     		ldr	r3, [r2, #12]
 8659 00b0 0221     		movs	r1, #2
 8660 00b2 0B43     		orrs	r3, r1
 8661 00b4 D360     		str	r3, [r2, #12]
 8662              	.L1018:
 8663 00b6 2268     		ldr	r2, [r4]
 8664 00b8 1368     		ldr	r3, [r2]
 8665 00ba 0121     		movs	r1, #1
 8666 00bc 0B43     		orrs	r3, r1
 8667 00be 1360     		str	r3, [r2]
ARM GAS  C:\Users\fastr\AppData\Local\Temp\ccUGQp9j.s 			page 149


 8668 00c0 0020     		movs	r0, #0
 8669 00c2 0AE0     		b	.L1012
 8670              	.L1016:
 8671 00c4 2068     		ldr	r0, [r4]
 8672 00c6 0122     		movs	r2, #1
 8673 00c8 FFF7FEFF 		bl	TIM_CCxChannelCmd
 8674 00cc 2268     		ldr	r2, [r4]
 8675 00ce D368     		ldr	r3, [r2, #12]
 8676 00d0 0421     		movs	r1, #4
 8677 00d2 0B43     		orrs	r3, r1
 8678 00d4 D360     		str	r3, [r2, #12]
 8679 00d6 EEE7     		b	.L1018
 8680              	.L1019:
 8681 00d8 0120     		movs	r0, #1
 8682              	.L1012:
 8683              		@ sp needed
 8684 00da 70BD     		pop	{r4, r5, r6, pc}
 8685              	.L1020:
 8686 00dc 0120     		movs	r0, #1
 8687 00de FCE7     		b	.L1012
 8688              	.L1021:
 8689 00e0 1800     		movs	r0, r3
 8690 00e2 FAE7     		b	.L1012
 8691              	.L1022:
 8692 00e4 0120     		movs	r0, #1
 8693 00e6 F8E7     		b	.L1012
 8694              	.L1023:
 8695 00e8 1800     		movs	r0, r3
 8696 00ea F6E7     		b	.L1012
 8697              	.L1024:
 8698 00ec 1000     		movs	r0, r2
 8699 00ee F4E7     		b	.L1012
 8701              		.section	.text.HAL_TIM_Encoder_Stop_IT,"ax",%progbits
 8702              		.align	1
 8703              		.global	HAL_TIM_Encoder_Stop_IT
 8704              		.syntax unified
 8705              		.code	16
 8706              		.thumb_func
 8708              	HAL_TIM_Encoder_Stop_IT:
 8709              		@ args = 0, pretend = 0, frame = 0
 8710              		@ frame_needed = 0, uses_anonymous_args = 0
 8711 0000 70B5     		push	{r4, r5, r6, lr}
 8712 0002 0400     		movs	r4, r0
 8713 0004 0D1E     		subs	r5, r1, #0
 8714 0006 30D0     		beq	.L1037
 8715 0008 0429     		cmp	r1, #4
 8716 000a 39D0     		beq	.L1038
 8717 000c 0068     		ldr	r0, [r0]
 8718 000e 0022     		movs	r2, #0
 8719 0010 0021     		movs	r1, #0
 8720 0012 FFF7FEFF 		bl	TIM_CCxChannelCmd
 8721 0016 2068     		ldr	r0, [r4]
 8722 0018 0022     		movs	r2, #0
 8723 001a 0421     		movs	r1, #4
 8724 001c FFF7FEFF 		bl	TIM_CCxChannelCmd
 8725 0020 2268     		ldr	r2, [r4]
 8726 0022 D368     		ldr	r3, [r2, #12]
ARM GAS  C:\Users\fastr\AppData\Local\Temp\ccUGQp9j.s 			page 150


 8727 0024 0221     		movs	r1, #2
 8728 0026 8B43     		bics	r3, r1
 8729 0028 D360     		str	r3, [r2, #12]
 8730 002a 2268     		ldr	r2, [r4]
 8731 002c D368     		ldr	r3, [r2, #12]
 8732 002e 0231     		adds	r1, r1, #2
 8733 0030 8B43     		bics	r3, r1
 8734 0032 D360     		str	r3, [r2, #12]
 8735              	.L1029:
 8736 0034 2368     		ldr	r3, [r4]
 8737 0036 196A     		ldr	r1, [r3, #32]
 8738 0038 1D4A     		ldr	r2, .L1040
 8739 003a 1142     		tst	r1, r2
 8740 003c 07D1     		bne	.L1031
 8741 003e 196A     		ldr	r1, [r3, #32]
 8742 0040 1C4A     		ldr	r2, .L1040+4
 8743 0042 1142     		tst	r1, r2
 8744 0044 03D1     		bne	.L1031
 8745 0046 1A68     		ldr	r2, [r3]
 8746 0048 0121     		movs	r1, #1
 8747 004a 8A43     		bics	r2, r1
 8748 004c 1A60     		str	r2, [r3]
 8749              	.L1031:
 8750 004e 002D     		cmp	r5, #0
 8751 0050 21D0     		beq	.L1032
 8752 0052 042D     		cmp	r5, #4
 8753 0054 26D0     		beq	.L1039
 8754 0056 0123     		movs	r3, #1
 8755 0058 3E22     		movs	r2, #62
 8756 005a A354     		strb	r3, [r4, r2]
 8757 005c 0132     		adds	r2, r2, #1
 8758 005e A354     		strb	r3, [r4, r2]
 8759 0060 0332     		adds	r2, r2, #3
 8760 0062 A354     		strb	r3, [r4, r2]
 8761 0064 0132     		adds	r2, r2, #1
 8762 0066 A354     		strb	r3, [r4, r2]
 8763 0068 1AE0     		b	.L1035
 8764              	.L1037:
 8765 006a 0068     		ldr	r0, [r0]
 8766 006c 0022     		movs	r2, #0
 8767 006e 0021     		movs	r1, #0
 8768 0070 FFF7FEFF 		bl	TIM_CCxChannelCmd
 8769 0074 2268     		ldr	r2, [r4]
 8770 0076 D368     		ldr	r3, [r2, #12]
 8771 0078 0221     		movs	r1, #2
 8772 007a 8B43     		bics	r3, r1
 8773 007c D360     		str	r3, [r2, #12]
 8774 007e D9E7     		b	.L1029
 8775              	.L1038:
 8776 0080 0068     		ldr	r0, [r0]
 8777 0082 0022     		movs	r2, #0
 8778 0084 0421     		movs	r1, #4
 8779 0086 FFF7FEFF 		bl	TIM_CCxChannelCmd
 8780 008a 2268     		ldr	r2, [r4]
 8781 008c D368     		ldr	r3, [r2, #12]
 8782 008e 0421     		movs	r1, #4
 8783 0090 8B43     		bics	r3, r1
ARM GAS  C:\Users\fastr\AppData\Local\Temp\ccUGQp9j.s 			page 151


 8784 0092 D360     		str	r3, [r2, #12]
 8785 0094 CEE7     		b	.L1029
 8786              	.L1032:
 8787 0096 0123     		movs	r3, #1
 8788 0098 3E22     		movs	r2, #62
 8789 009a A354     		strb	r3, [r4, r2]
 8790 009c 0432     		adds	r2, r2, #4
 8791 009e A354     		strb	r3, [r4, r2]
 8792              	.L1035:
 8793 00a0 0020     		movs	r0, #0
 8794              		@ sp needed
 8795 00a2 70BD     		pop	{r4, r5, r6, pc}
 8796              	.L1039:
 8797 00a4 0123     		movs	r3, #1
 8798 00a6 3F22     		movs	r2, #63
 8799 00a8 A354     		strb	r3, [r4, r2]
 8800 00aa 0432     		adds	r2, r2, #4
 8801 00ac A354     		strb	r3, [r4, r2]
 8802 00ae F7E7     		b	.L1035
 8803              	.L1041:
 8804              		.align	2
 8805              	.L1040:
 8806 00b0 11110000 		.word	4369
 8807 00b4 44040000 		.word	1092
 8809              		.section	.text.HAL_TIM_Encoder_Start_DMA,"ax",%progbits
 8810              		.align	1
 8811              		.global	HAL_TIM_Encoder_Start_DMA
 8812              		.syntax unified
 8813              		.code	16
 8814              		.thumb_func
 8816              	HAL_TIM_Encoder_Start_DMA:
 8817              		@ args = 4, pretend = 0, frame = 8
 8818              		@ frame_needed = 0, uses_anonymous_args = 0
 8819 0000 F0B5     		push	{r4, r5, r6, r7, lr}
 8820 0002 83B0     		sub	sp, sp, #12
 8821 0004 0400     		movs	r4, r0
 8822 0006 1600     		movs	r6, r2
 8823 0008 0193     		str	r3, [sp, #4]
 8824 000a 08AB     		add	r3, sp, #32
 8825 000c 1F88     		ldrh	r7, [r3]
 8826 000e 3E23     		movs	r3, #62
 8827 0010 C55C     		ldrb	r5, [r0, r3]
 8828 0012 EDB2     		uxtb	r5, r5
 8829 0014 0133     		adds	r3, r3, #1
 8830 0016 C05C     		ldrb	r0, [r0, r3]
 8831 0018 C0B2     		uxtb	r0, r0
 8832 001a 0333     		adds	r3, r3, #3
 8833 001c E35C     		ldrb	r3, [r4, r3]
 8834 001e DBB2     		uxtb	r3, r3
 8835 0020 4322     		movs	r2, #67
 8836 0022 A25C     		ldrb	r2, [r4, r2]
 8837 0024 D2B2     		uxtb	r2, r2
 8838 0026 0029     		cmp	r1, #0
 8839 0028 30D1     		bne	.L1043
 8840 002a 022D     		cmp	r5, #2
 8841 002c 00D1     		bne	.LCB9791
 8842 002e F1E0     		b	.L1044	@long jump
ARM GAS  C:\Users\fastr\AppData\Local\Temp\ccUGQp9j.s 			page 152


 8843              	.LCB9791:
 8844 0030 022B     		cmp	r3, #2
 8845 0032 00D1     		bne	.LCB9793
 8846 0034 EBE0     		b	.L1050	@long jump
 8847              	.LCB9793:
 8848 0036 012D     		cmp	r5, #1
 8849 0038 00D0     		beq	.LCB9795
 8850 003a EAE0     		b	.L1051	@long jump
 8851              	.LCB9795:
 8852 003c 012B     		cmp	r3, #1
 8853 003e 00D0     		beq	.LCB9797
 8854 0040 E8E0     		b	.L1044	@long jump
 8855              	.LCB9797:
 8856 0042 002E     		cmp	r6, #0
 8857 0044 00D1     		bne	.LCB9799
 8858 0046 E8E0     		b	.L1052	@long jump
 8859              	.LCB9799:
 8860 0048 002F     		cmp	r7, #0
 8861 004a 00D1     		bne	.LCB9801
 8862 004c E7E0     		b	.L1053	@long jump
 8863              	.LCB9801:
 8864 004e 0133     		adds	r3, r3, #1
 8865 0050 3E20     		movs	r0, #62
 8866 0052 2354     		strb	r3, [r4, r0]
 8867 0054 0430     		adds	r0, r0, #4
 8868 0056 2354     		strb	r3, [r4, r0]
 8869              	.L1045:
 8870 0058 0029     		cmp	r1, #0
 8871 005a 5ED0     		beq	.L1047
 8872 005c 0429     		cmp	r1, #4
 8873 005e 00D1     		bne	.LCB9812
 8874 0060 80E0     		b	.L1048	@long jump
 8875              	.LCB9812:
 8876 0062 636A     		ldr	r3, [r4, #36]
 8877 0064 7E49     		ldr	r1, .L1079
 8878 0066 9962     		str	r1, [r3, #40]
 8879 0068 636A     		ldr	r3, [r4, #36]
 8880 006a 7E49     		ldr	r1, .L1079+4
 8881 006c D962     		str	r1, [r3, #44]
 8882 006e 636A     		ldr	r3, [r4, #36]
 8883 0070 7D49     		ldr	r1, .L1079+8
 8884 0072 1963     		str	r1, [r3, #48]
 8885 0074 2168     		ldr	r1, [r4]
 8886 0076 3431     		adds	r1, r1, #52
 8887 0078 606A     		ldr	r0, [r4, #36]
 8888 007a 3B00     		movs	r3, r7
 8889 007c 3200     		movs	r2, r6
 8890 007e FFF7FEFF 		bl	HAL_DMA_Start_IT
 8891 0082 0028     		cmp	r0, #0
 8892 0084 00D1     		bne	.LCB9830
 8893 0086 92E0     		b	.L1074	@long jump
 8894              	.LCB9830:
 8895 0088 0125     		movs	r5, #1
 8896 008a C3E0     		b	.L1044
 8897              	.L1043:
 8898 008c 0429     		cmp	r1, #4
 8899 008e 2BD0     		beq	.L1075
ARM GAS  C:\Users\fastr\AppData\Local\Temp\ccUGQp9j.s 			page 153


 8900 0090 022D     		cmp	r5, #2
 8901 0092 00D1     		bne	.LCB9839
 8902 0094 BEE0     		b	.L1044	@long jump
 8903              	.LCB9839:
 8904 0096 0228     		cmp	r0, #2
 8905 0098 00D1     		bne	.LCB9841
 8906 009a CEE0     		b	.L1060	@long jump
 8907              	.LCB9841:
 8908 009c 022B     		cmp	r3, #2
 8909 009e 00D1     		bne	.LCB9843
 8910 00a0 CDE0     		b	.L1061	@long jump
 8911              	.LCB9843:
 8912 00a2 022A     		cmp	r2, #2
 8913 00a4 00D1     		bne	.LCB9845
 8914 00a6 CCE0     		b	.L1062	@long jump
 8915              	.LCB9845:
 8916 00a8 012D     		cmp	r5, #1
 8917 00aa 00D0     		beq	.LCB9847
 8918 00ac CBE0     		b	.L1063	@long jump
 8919              	.LCB9847:
 8920 00ae 0128     		cmp	r0, #1
 8921 00b0 00D0     		beq	.LCB9849
 8922 00b2 AFE0     		b	.L1044	@long jump
 8923              	.LCB9849:
 8924 00b4 012B     		cmp	r3, #1
 8925 00b6 00D0     		beq	.LCB9851
 8926 00b8 C7E0     		b	.L1064	@long jump
 8927              	.LCB9851:
 8928 00ba 012A     		cmp	r2, #1
 8929 00bc 00D0     		beq	.LCB9853
 8930 00be C6E0     		b	.L1065	@long jump
 8931              	.LCB9853:
 8932 00c0 002E     		cmp	r6, #0
 8933 00c2 00D1     		bne	.LCB9855
 8934 00c4 C5E0     		b	.L1066	@long jump
 8935              	.LCB9855:
 8936 00c6 019B     		ldr	r3, [sp, #4]
 8937 00c8 002B     		cmp	r3, #0
 8938 00ca 00D1     		bne	.LCB9858
 8939 00cc C3E0     		b	.L1067	@long jump
 8940              	.LCB9858:
 8941 00ce 002F     		cmp	r7, #0
 8942 00d0 00D1     		bne	.LCB9860
 8943 00d2 C2E0     		b	.L1068	@long jump
 8944              	.LCB9860:
 8945 00d4 0223     		movs	r3, #2
 8946 00d6 3D30     		adds	r0, r0, #61
 8947 00d8 2354     		strb	r3, [r4, r0]
 8948 00da 0130     		adds	r0, r0, #1
 8949 00dc 2354     		strb	r3, [r4, r0]
 8950 00de 0330     		adds	r0, r0, #3
 8951 00e0 2354     		strb	r3, [r4, r0]
 8952 00e2 0130     		adds	r0, r0, #1
 8953 00e4 2354     		strb	r3, [r4, r0]
 8954 00e6 B7E7     		b	.L1045
 8955              	.L1075:
 8956 00e8 0228     		cmp	r0, #2
ARM GAS  C:\Users\fastr\AppData\Local\Temp\ccUGQp9j.s 			page 154


 8957 00ea 00D1     		bne	.LCB9875
 8958 00ec 99E0     		b	.L1054	@long jump
 8959              	.LCB9875:
 8960 00ee 022A     		cmp	r2, #2
 8961 00f0 00D1     		bne	.LCB9877
 8962 00f2 98E0     		b	.L1055	@long jump
 8963              	.LCB9877:
 8964 00f4 0128     		cmp	r0, #1
 8965 00f6 00D0     		beq	.LCB9879
 8966 00f8 97E0     		b	.L1056	@long jump
 8967              	.LCB9879:
 8968 00fa 012A     		cmp	r2, #1
 8969 00fc 00D0     		beq	.LCB9881
 8970 00fe 96E0     		b	.L1057	@long jump
 8971              	.LCB9881:
 8972 0100 019B     		ldr	r3, [sp, #4]
 8973 0102 002B     		cmp	r3, #0
 8974 0104 00D1     		bne	.LCB9884
 8975 0106 94E0     		b	.L1058	@long jump
 8976              	.LCB9884:
 8977 0108 002F     		cmp	r7, #0
 8978 010a 00D1     		bne	.LCB9886
 8979 010c 93E0     		b	.L1059	@long jump
 8980              	.LCB9886:
 8981 010e 0223     		movs	r3, #2
 8982 0110 3E30     		adds	r0, r0, #62
 8983 0112 2354     		strb	r3, [r4, r0]
 8984 0114 0430     		adds	r0, r0, #4
 8985 0116 2354     		strb	r3, [r4, r0]
 8986 0118 9EE7     		b	.L1045
 8987              	.L1047:
 8988 011a 636A     		ldr	r3, [r4, #36]
 8989 011c 5049     		ldr	r1, .L1079
 8990 011e 9962     		str	r1, [r3, #40]
 8991 0120 636A     		ldr	r3, [r4, #36]
 8992 0122 5049     		ldr	r1, .L1079+4
 8993 0124 D962     		str	r1, [r3, #44]
 8994 0126 636A     		ldr	r3, [r4, #36]
 8995 0128 4F49     		ldr	r1, .L1079+8
 8996 012a 1963     		str	r1, [r3, #48]
 8997 012c 2168     		ldr	r1, [r4]
 8998 012e 3431     		adds	r1, r1, #52
 8999 0130 606A     		ldr	r0, [r4, #36]
 9000 0132 3B00     		movs	r3, r7
 9001 0134 3200     		movs	r2, r6
 9002 0136 FFF7FEFF 		bl	HAL_DMA_Start_IT
 9003 013a 051E     		subs	r5, r0, #0
 9004 013c 01D0     		beq	.L1076
 9005 013e 0125     		movs	r5, #1
 9006 0140 68E0     		b	.L1044
 9007              	.L1076:
 9008 0142 2268     		ldr	r2, [r4]
 9009 0144 D168     		ldr	r1, [r2, #12]
 9010 0146 8023     		movs	r3, #128
 9011 0148 9B00     		lsls	r3, r3, #2
 9012 014a 0B43     		orrs	r3, r1
 9013 014c D360     		str	r3, [r2, #12]
ARM GAS  C:\Users\fastr\AppData\Local\Temp\ccUGQp9j.s 			page 155


 9014 014e 2068     		ldr	r0, [r4]
 9015 0150 0122     		movs	r2, #1
 9016 0152 0021     		movs	r1, #0
 9017 0154 FFF7FEFF 		bl	TIM_CCxChannelCmd
 9018 0158 2268     		ldr	r2, [r4]
 9019 015a 1368     		ldr	r3, [r2]
 9020 015c 0121     		movs	r1, #1
 9021 015e 0B43     		orrs	r3, r1
 9022 0160 1360     		str	r3, [r2]
 9023 0162 57E0     		b	.L1044
 9024              	.L1048:
 9025 0164 A36A     		ldr	r3, [r4, #40]
 9026 0166 3E4A     		ldr	r2, .L1079
 9027 0168 9A62     		str	r2, [r3, #40]
 9028 016a A36A     		ldr	r3, [r4, #40]
 9029 016c 3D4A     		ldr	r2, .L1079+4
 9030 016e DA62     		str	r2, [r3, #44]
 9031 0170 A36A     		ldr	r3, [r4, #40]
 9032 0172 3D4A     		ldr	r2, .L1079+8
 9033 0174 1A63     		str	r2, [r3, #48]
 9034 0176 2168     		ldr	r1, [r4]
 9035 0178 3831     		adds	r1, r1, #56
 9036 017a A06A     		ldr	r0, [r4, #40]
 9037 017c 3B00     		movs	r3, r7
 9038 017e 019A     		ldr	r2, [sp, #4]
 9039 0180 FFF7FEFF 		bl	HAL_DMA_Start_IT
 9040 0184 051E     		subs	r5, r0, #0
 9041 0186 01D0     		beq	.L1077
 9042 0188 0125     		movs	r5, #1
 9043 018a 43E0     		b	.L1044
 9044              	.L1077:
 9045 018c 2268     		ldr	r2, [r4]
 9046 018e D168     		ldr	r1, [r2, #12]
 9047 0190 8023     		movs	r3, #128
 9048 0192 DB00     		lsls	r3, r3, #3
 9049 0194 0B43     		orrs	r3, r1
 9050 0196 D360     		str	r3, [r2, #12]
 9051 0198 2068     		ldr	r0, [r4]
 9052 019a 0122     		movs	r2, #1
 9053 019c 0421     		movs	r1, #4
 9054 019e FFF7FEFF 		bl	TIM_CCxChannelCmd
 9055 01a2 2268     		ldr	r2, [r4]
 9056 01a4 1368     		ldr	r3, [r2]
 9057 01a6 0121     		movs	r1, #1
 9058 01a8 0B43     		orrs	r3, r1
 9059 01aa 1360     		str	r3, [r2]
 9060 01ac 32E0     		b	.L1044
 9061              	.L1074:
 9062 01ae A36A     		ldr	r3, [r4, #40]
 9063 01b0 2B4A     		ldr	r2, .L1079
 9064 01b2 9A62     		str	r2, [r3, #40]
 9065 01b4 A36A     		ldr	r3, [r4, #40]
 9066 01b6 2B4A     		ldr	r2, .L1079+4
 9067 01b8 DA62     		str	r2, [r3, #44]
 9068 01ba A36A     		ldr	r3, [r4, #40]
 9069 01bc 2A4A     		ldr	r2, .L1079+8
 9070 01be 1A63     		str	r2, [r3, #48]
ARM GAS  C:\Users\fastr\AppData\Local\Temp\ccUGQp9j.s 			page 156


 9071 01c0 2168     		ldr	r1, [r4]
 9072 01c2 3831     		adds	r1, r1, #56
 9073 01c4 A06A     		ldr	r0, [r4, #40]
 9074 01c6 3B00     		movs	r3, r7
 9075 01c8 019A     		ldr	r2, [sp, #4]
 9076 01ca FFF7FEFF 		bl	HAL_DMA_Start_IT
 9077 01ce 051E     		subs	r5, r0, #0
 9078 01d0 01D0     		beq	.L1078
 9079 01d2 0125     		movs	r5, #1
 9080 01d4 1EE0     		b	.L1044
 9081              	.L1078:
 9082 01d6 2268     		ldr	r2, [r4]
 9083 01d8 D168     		ldr	r1, [r2, #12]
 9084 01da 8023     		movs	r3, #128
 9085 01dc 9B00     		lsls	r3, r3, #2
 9086 01de 0B43     		orrs	r3, r1
 9087 01e0 D360     		str	r3, [r2, #12]
 9088 01e2 2268     		ldr	r2, [r4]
 9089 01e4 D168     		ldr	r1, [r2, #12]
 9090 01e6 8023     		movs	r3, #128
 9091 01e8 DB00     		lsls	r3, r3, #3
 9092 01ea 0B43     		orrs	r3, r1
 9093 01ec D360     		str	r3, [r2, #12]
 9094 01ee 2068     		ldr	r0, [r4]
 9095 01f0 0122     		movs	r2, #1
 9096 01f2 0021     		movs	r1, #0
 9097 01f4 FFF7FEFF 		bl	TIM_CCxChannelCmd
 9098 01f8 2068     		ldr	r0, [r4]
 9099 01fa 0122     		movs	r2, #1
 9100 01fc 0421     		movs	r1, #4
 9101 01fe FFF7FEFF 		bl	TIM_CCxChannelCmd
 9102 0202 2268     		ldr	r2, [r4]
 9103 0204 1368     		ldr	r3, [r2]
 9104 0206 0121     		movs	r1, #1
 9105 0208 0B43     		orrs	r3, r1
 9106 020a 1360     		str	r3, [r2]
 9107 020c 02E0     		b	.L1044
 9108              	.L1050:
 9109 020e 1D00     		movs	r5, r3
 9110 0210 00E0     		b	.L1044
 9111              	.L1051:
 9112 0212 0125     		movs	r5, #1
 9113              	.L1044:
 9114 0214 2800     		movs	r0, r5
 9115 0216 03B0     		add	sp, sp, #12
 9116              		@ sp needed
 9117 0218 F0BD     		pop	{r4, r5, r6, r7, pc}
 9118              	.L1052:
 9119 021a 1D00     		movs	r5, r3
 9120 021c FAE7     		b	.L1044
 9121              	.L1053:
 9122 021e 1D00     		movs	r5, r3
 9123 0220 F8E7     		b	.L1044
 9124              	.L1054:
 9125 0222 0500     		movs	r5, r0
 9126 0224 F6E7     		b	.L1044
 9127              	.L1055:
ARM GAS  C:\Users\fastr\AppData\Local\Temp\ccUGQp9j.s 			page 157


 9128 0226 1500     		movs	r5, r2
 9129 0228 F4E7     		b	.L1044
 9130              	.L1056:
 9131 022a 0125     		movs	r5, #1
 9132 022c F2E7     		b	.L1044
 9133              	.L1057:
 9134 022e 0500     		movs	r5, r0
 9135 0230 F0E7     		b	.L1044
 9136              	.L1058:
 9137 0232 1500     		movs	r5, r2
 9138 0234 EEE7     		b	.L1044
 9139              	.L1059:
 9140 0236 1500     		movs	r5, r2
 9141 0238 ECE7     		b	.L1044
 9142              	.L1060:
 9143 023a 0500     		movs	r5, r0
 9144 023c EAE7     		b	.L1044
 9145              	.L1061:
 9146 023e 1D00     		movs	r5, r3
 9147 0240 E8E7     		b	.L1044
 9148              	.L1062:
 9149 0242 1500     		movs	r5, r2
 9150 0244 E6E7     		b	.L1044
 9151              	.L1063:
 9152 0246 0125     		movs	r5, #1
 9153 0248 E4E7     		b	.L1044
 9154              	.L1064:
 9155 024a 0500     		movs	r5, r0
 9156 024c E2E7     		b	.L1044
 9157              	.L1065:
 9158 024e 1D00     		movs	r5, r3
 9159 0250 E0E7     		b	.L1044
 9160              	.L1066:
 9161 0252 1500     		movs	r5, r2
 9162 0254 DEE7     		b	.L1044
 9163              	.L1067:
 9164 0256 1500     		movs	r5, r2
 9165 0258 DCE7     		b	.L1044
 9166              	.L1068:
 9167 025a 1500     		movs	r5, r2
 9168 025c DAE7     		b	.L1044
 9169              	.L1080:
 9170 025e C046     		.align	2
 9171              	.L1079:
 9172 0260 00000000 		.word	TIM_DMACaptureCplt
 9173 0264 00000000 		.word	TIM_DMACaptureHalfCplt
 9174 0268 00000000 		.word	TIM_DMAError
 9176              		.section	.text.HAL_TIM_Encoder_Stop_DMA,"ax",%progbits
 9177              		.align	1
 9178              		.global	HAL_TIM_Encoder_Stop_DMA
 9179              		.syntax unified
 9180              		.code	16
 9181              		.thumb_func
 9183              	HAL_TIM_Encoder_Stop_DMA:
 9184              		@ args = 0, pretend = 0, frame = 0
 9185              		@ frame_needed = 0, uses_anonymous_args = 0
 9186 0000 70B5     		push	{r4, r5, r6, lr}
ARM GAS  C:\Users\fastr\AppData\Local\Temp\ccUGQp9j.s 			page 158


 9187 0002 0400     		movs	r4, r0
 9188 0004 0D1E     		subs	r5, r1, #0
 9189 0006 36D0     		beq	.L1091
 9190 0008 0429     		cmp	r1, #4
 9191 000a 42D0     		beq	.L1092
 9192 000c 0068     		ldr	r0, [r0]
 9193 000e 0022     		movs	r2, #0
 9194 0010 0021     		movs	r1, #0
 9195 0012 FFF7FEFF 		bl	TIM_CCxChannelCmd
 9196 0016 2068     		ldr	r0, [r4]
 9197 0018 0022     		movs	r2, #0
 9198 001a 0421     		movs	r1, #4
 9199 001c FFF7FEFF 		bl	TIM_CCxChannelCmd
 9200 0020 2268     		ldr	r2, [r4]
 9201 0022 D368     		ldr	r3, [r2, #12]
 9202 0024 2849     		ldr	r1, .L1094
 9203 0026 0B40     		ands	r3, r1
 9204 0028 D360     		str	r3, [r2, #12]
 9205 002a 2268     		ldr	r2, [r4]
 9206 002c D368     		ldr	r3, [r2, #12]
 9207 002e 2749     		ldr	r1, .L1094+4
 9208 0030 0B40     		ands	r3, r1
 9209 0032 D360     		str	r3, [r2, #12]
 9210 0034 606A     		ldr	r0, [r4, #36]
 9211 0036 FFF7FEFF 		bl	HAL_DMA_Abort_IT
 9212 003a A06A     		ldr	r0, [r4, #40]
 9213 003c FFF7FEFF 		bl	HAL_DMA_Abort_IT
 9214              	.L1083:
 9215 0040 2368     		ldr	r3, [r4]
 9216 0042 196A     		ldr	r1, [r3, #32]
 9217 0044 224A     		ldr	r2, .L1094+8
 9218 0046 1142     		tst	r1, r2
 9219 0048 07D1     		bne	.L1085
 9220 004a 196A     		ldr	r1, [r3, #32]
 9221 004c 214A     		ldr	r2, .L1094+12
 9222 004e 1142     		tst	r1, r2
 9223 0050 03D1     		bne	.L1085
 9224 0052 1A68     		ldr	r2, [r3]
 9225 0054 0121     		movs	r1, #1
 9226 0056 8A43     		bics	r2, r1
 9227 0058 1A60     		str	r2, [r3]
 9228              	.L1085:
 9229 005a 002D     		cmp	r5, #0
 9230 005c 27D0     		beq	.L1086
 9231 005e 042D     		cmp	r5, #4
 9232 0060 2CD0     		beq	.L1093
 9233 0062 0123     		movs	r3, #1
 9234 0064 3E22     		movs	r2, #62
 9235 0066 A354     		strb	r3, [r4, r2]
 9236 0068 0132     		adds	r2, r2, #1
 9237 006a A354     		strb	r3, [r4, r2]
 9238 006c 0332     		adds	r2, r2, #3
 9239 006e A354     		strb	r3, [r4, r2]
 9240 0070 0132     		adds	r2, r2, #1
 9241 0072 A354     		strb	r3, [r4, r2]
 9242 0074 20E0     		b	.L1089
 9243              	.L1091:
ARM GAS  C:\Users\fastr\AppData\Local\Temp\ccUGQp9j.s 			page 159


 9244 0076 0068     		ldr	r0, [r0]
 9245 0078 0022     		movs	r2, #0
 9246 007a 0021     		movs	r1, #0
 9247 007c FFF7FEFF 		bl	TIM_CCxChannelCmd
 9248 0080 2268     		ldr	r2, [r4]
 9249 0082 D368     		ldr	r3, [r2, #12]
 9250 0084 1049     		ldr	r1, .L1094
 9251 0086 0B40     		ands	r3, r1
 9252 0088 D360     		str	r3, [r2, #12]
 9253 008a 606A     		ldr	r0, [r4, #36]
 9254 008c FFF7FEFF 		bl	HAL_DMA_Abort_IT
 9255 0090 D6E7     		b	.L1083
 9256              	.L1092:
 9257 0092 0068     		ldr	r0, [r0]
 9258 0094 0022     		movs	r2, #0
 9259 0096 0421     		movs	r1, #4
 9260 0098 FFF7FEFF 		bl	TIM_CCxChannelCmd
 9261 009c 2268     		ldr	r2, [r4]
 9262 009e D368     		ldr	r3, [r2, #12]
 9263 00a0 0A49     		ldr	r1, .L1094+4
 9264 00a2 0B40     		ands	r3, r1
 9265 00a4 D360     		str	r3, [r2, #12]
 9266 00a6 A06A     		ldr	r0, [r4, #40]
 9267 00a8 FFF7FEFF 		bl	HAL_DMA_Abort_IT
 9268 00ac C8E7     		b	.L1083
 9269              	.L1086:
 9270 00ae 0123     		movs	r3, #1
 9271 00b0 3E22     		movs	r2, #62
 9272 00b2 A354     		strb	r3, [r4, r2]
 9273 00b4 0432     		adds	r2, r2, #4
 9274 00b6 A354     		strb	r3, [r4, r2]
 9275              	.L1089:
 9276 00b8 0020     		movs	r0, #0
 9277              		@ sp needed
 9278 00ba 70BD     		pop	{r4, r5, r6, pc}
 9279              	.L1093:
 9280 00bc 0123     		movs	r3, #1
 9281 00be 3F22     		movs	r2, #63
 9282 00c0 A354     		strb	r3, [r4, r2]
 9283 00c2 0432     		adds	r2, r2, #4
 9284 00c4 A354     		strb	r3, [r4, r2]
 9285 00c6 F7E7     		b	.L1089
 9286              	.L1095:
 9287              		.align	2
 9288              	.L1094:
 9289 00c8 FFFDFFFF 		.word	-513
 9290 00cc FFFBFFFF 		.word	-1025
 9291 00d0 11110000 		.word	4369
 9292 00d4 44040000 		.word	1092
 9294              		.ident	"GCC: (xPack GNU Arm Embedded GCC x86_64) 15.2.1 20251203"
ARM GAS  C:\Users\fastr\AppData\Local\Temp\ccUGQp9j.s 			page 160


DEFINED SYMBOLS
                            *ABS*:00000000 stm32f0xx_hal_tim.c
C:\Users\fastr\AppData\Local\Temp\ccUGQp9j.s:16     .text.TIM_OC1_SetConfig:00000000 $t
C:\Users\fastr\AppData\Local\Temp\ccUGQp9j.s:21     .text.TIM_OC1_SetConfig:00000000 TIM_OC1_SetConfig
C:\Users\fastr\AppData\Local\Temp\ccUGQp9j.s:95     .text.TIM_OC1_SetConfig:00000080 $d
C:\Users\fastr\AppData\Local\Temp\ccUGQp9j.s:102    .text.TIM_OC3_SetConfig:00000000 $t
C:\Users\fastr\AppData\Local\Temp\ccUGQp9j.s:107    .text.TIM_OC3_SetConfig:00000000 TIM_OC3_SetConfig
C:\Users\fastr\AppData\Local\Temp\ccUGQp9j.s:175    .text.TIM_OC3_SetConfig:00000074 $d
C:\Users\fastr\AppData\Local\Temp\ccUGQp9j.s:186    .text.TIM_OC4_SetConfig:00000000 $t
C:\Users\fastr\AppData\Local\Temp\ccUGQp9j.s:191    .text.TIM_OC4_SetConfig:00000000 TIM_OC4_SetConfig
C:\Users\fastr\AppData\Local\Temp\ccUGQp9j.s:241    .text.TIM_OC4_SetConfig:00000054 $d
C:\Users\fastr\AppData\Local\Temp\ccUGQp9j.s:251    .text.TIM_TI1_ConfigInputStage:00000000 $t
C:\Users\fastr\AppData\Local\Temp\ccUGQp9j.s:256    .text.TIM_TI1_ConfigInputStage:00000000 TIM_TI1_ConfigInputStage
C:\Users\fastr\AppData\Local\Temp\ccUGQp9j.s:281    .text.TIM_TI2_SetConfig:00000000 $t
C:\Users\fastr\AppData\Local\Temp\ccUGQp9j.s:286    .text.TIM_TI2_SetConfig:00000000 TIM_TI2_SetConfig
C:\Users\fastr\AppData\Local\Temp\ccUGQp9j.s:319    .text.TIM_TI2_SetConfig:00000034 $d
C:\Users\fastr\AppData\Local\Temp\ccUGQp9j.s:323    .text.TIM_TI2_ConfigInputStage:00000000 $t
C:\Users\fastr\AppData\Local\Temp\ccUGQp9j.s:328    .text.TIM_TI2_ConfigInputStage:00000000 TIM_TI2_ConfigInputStage
C:\Users\fastr\AppData\Local\Temp\ccUGQp9j.s:353    .text.TIM_TI2_ConfigInputStage:00000024 $d
C:\Users\fastr\AppData\Local\Temp\ccUGQp9j.s:356    .text.TIM_TI3_SetConfig:00000000 $t
C:\Users\fastr\AppData\Local\Temp\ccUGQp9j.s:361    .text.TIM_TI3_SetConfig:00000000 TIM_TI3_SetConfig
C:\Users\fastr\AppData\Local\Temp\ccUGQp9j.s:398    .text.TIM_TI3_SetConfig:0000003c $d
C:\Users\fastr\AppData\Local\Temp\ccUGQp9j.s:402    .text.TIM_TI4_SetConfig:00000000 $t
C:\Users\fastr\AppData\Local\Temp\ccUGQp9j.s:407    .text.TIM_TI4_SetConfig:00000000 TIM_TI4_SetConfig
C:\Users\fastr\AppData\Local\Temp\ccUGQp9j.s:442    .text.TIM_TI4_SetConfig:00000038 $d
C:\Users\fastr\AppData\Local\Temp\ccUGQp9j.s:448    .text.TIM_ITRx_SetConfig:00000000 $t
C:\Users\fastr\AppData\Local\Temp\ccUGQp9j.s:453    .text.TIM_ITRx_SetConfig:00000000 TIM_ITRx_SetConfig
C:\Users\fastr\AppData\Local\Temp\ccUGQp9j.s:468    .text.HAL_TIM_Base_MspInit:00000000 $t
C:\Users\fastr\AppData\Local\Temp\ccUGQp9j.s:474    .text.HAL_TIM_Base_MspInit:00000000 HAL_TIM_Base_MspInit
C:\Users\fastr\AppData\Local\Temp\ccUGQp9j.s:482    .text.HAL_TIM_Base_MspDeInit:00000000 $t
C:\Users\fastr\AppData\Local\Temp\ccUGQp9j.s:488    .text.HAL_TIM_Base_MspDeInit:00000000 HAL_TIM_Base_MspDeInit
C:\Users\fastr\AppData\Local\Temp\ccUGQp9j.s:496    .text.HAL_TIM_Base_DeInit:00000000 $t
C:\Users\fastr\AppData\Local\Temp\ccUGQp9j.s:502    .text.HAL_TIM_Base_DeInit:00000000 HAL_TIM_Base_DeInit
C:\Users\fastr\AppData\Local\Temp\ccUGQp9j.s:555    .text.HAL_TIM_Base_DeInit:0000005c $d
C:\Users\fastr\AppData\Local\Temp\ccUGQp9j.s:559    .text.HAL_TIM_Base_Start:00000000 $t
C:\Users\fastr\AppData\Local\Temp\ccUGQp9j.s:565    .text.HAL_TIM_Base_Start:00000000 HAL_TIM_Base_Start
C:\Users\fastr\AppData\Local\Temp\ccUGQp9j.s:619    .text.HAL_TIM_Base_Start:00000054 $d
C:\Users\fastr\AppData\Local\Temp\ccUGQp9j.s:624    .text.HAL_TIM_Base_Stop:00000000 $t
C:\Users\fastr\AppData\Local\Temp\ccUGQp9j.s:630    .text.HAL_TIM_Base_Stop:00000000 HAL_TIM_Base_Stop
C:\Users\fastr\AppData\Local\Temp\ccUGQp9j.s:657    .text.HAL_TIM_Base_Stop:00000024 $d
C:\Users\fastr\AppData\Local\Temp\ccUGQp9j.s:661    .text.HAL_TIM_Base_Start_IT:00000000 $t
C:\Users\fastr\AppData\Local\Temp\ccUGQp9j.s:667    .text.HAL_TIM_Base_Start_IT:00000000 HAL_TIM_Base_Start_IT
C:\Users\fastr\AppData\Local\Temp\ccUGQp9j.s:726    .text.HAL_TIM_Base_Start_IT:00000060 $d
C:\Users\fastr\AppData\Local\Temp\ccUGQp9j.s:731    .text.HAL_TIM_Base_Stop_IT:00000000 $t
C:\Users\fastr\AppData\Local\Temp\ccUGQp9j.s:737    .text.HAL_TIM_Base_Stop_IT:00000000 HAL_TIM_Base_Stop_IT
C:\Users\fastr\AppData\Local\Temp\ccUGQp9j.s:769    .text.HAL_TIM_Base_Stop_IT:00000030 $d
C:\Users\fastr\AppData\Local\Temp\ccUGQp9j.s:773    .text.HAL_TIM_Base_Start_DMA:00000000 $t
C:\Users\fastr\AppData\Local\Temp\ccUGQp9j.s:779    .text.HAL_TIM_Base_Start_DMA:00000000 HAL_TIM_Base_Start_DMA
C:\Users\fastr\AppData\Local\Temp\ccUGQp9j.s:866    .text.HAL_TIM_Base_Start_DMA:0000009c $d
C:\Users\fastr\AppData\Local\Temp\ccUGQp9j.s:2203   .text.TIM_DMAPeriodElapsedCplt:00000000 TIM_DMAPeriodElapsedCplt
C:\Users\fastr\AppData\Local\Temp\ccUGQp9j.s:2240   .text.TIM_DMAPeriodElapsedHalfCplt:00000000 TIM_DMAPeriodElapsedHalfCplt
C:\Users\fastr\AppData\Local\Temp\ccUGQp9j.s:2824   .text.TIM_DMAError:00000000 TIM_DMAError
C:\Users\fastr\AppData\Local\Temp\ccUGQp9j.s:874    .text.HAL_TIM_Base_Stop_DMA:00000000 $t
C:\Users\fastr\AppData\Local\Temp\ccUGQp9j.s:880    .text.HAL_TIM_Base_Stop_DMA:00000000 HAL_TIM_Base_Stop_DMA
C:\Users\fastr\AppData\Local\Temp\ccUGQp9j.s:915    .text.HAL_TIM_Base_Stop_DMA:00000038 $d
C:\Users\fastr\AppData\Local\Temp\ccUGQp9j.s:920    .text.HAL_TIM_OC_MspInit:00000000 $t
C:\Users\fastr\AppData\Local\Temp\ccUGQp9j.s:926    .text.HAL_TIM_OC_MspInit:00000000 HAL_TIM_OC_MspInit
ARM GAS  C:\Users\fastr\AppData\Local\Temp\ccUGQp9j.s 			page 161


C:\Users\fastr\AppData\Local\Temp\ccUGQp9j.s:934    .text.HAL_TIM_OC_MspDeInit:00000000 $t
C:\Users\fastr\AppData\Local\Temp\ccUGQp9j.s:940    .text.HAL_TIM_OC_MspDeInit:00000000 HAL_TIM_OC_MspDeInit
C:\Users\fastr\AppData\Local\Temp\ccUGQp9j.s:948    .text.HAL_TIM_OC_DeInit:00000000 $t
C:\Users\fastr\AppData\Local\Temp\ccUGQp9j.s:954    .text.HAL_TIM_OC_DeInit:00000000 HAL_TIM_OC_DeInit
C:\Users\fastr\AppData\Local\Temp\ccUGQp9j.s:1007   .text.HAL_TIM_OC_DeInit:0000005c $d
C:\Users\fastr\AppData\Local\Temp\ccUGQp9j.s:1011   .text.HAL_TIM_PWM_MspInit:00000000 $t
C:\Users\fastr\AppData\Local\Temp\ccUGQp9j.s:1017   .text.HAL_TIM_PWM_MspInit:00000000 HAL_TIM_PWM_MspInit
C:\Users\fastr\AppData\Local\Temp\ccUGQp9j.s:1025   .text.HAL_TIM_PWM_MspDeInit:00000000 $t
C:\Users\fastr\AppData\Local\Temp\ccUGQp9j.s:1031   .text.HAL_TIM_PWM_MspDeInit:00000000 HAL_TIM_PWM_MspDeInit
C:\Users\fastr\AppData\Local\Temp\ccUGQp9j.s:1039   .text.HAL_TIM_PWM_DeInit:00000000 $t
C:\Users\fastr\AppData\Local\Temp\ccUGQp9j.s:1045   .text.HAL_TIM_PWM_DeInit:00000000 HAL_TIM_PWM_DeInit
C:\Users\fastr\AppData\Local\Temp\ccUGQp9j.s:1098   .text.HAL_TIM_PWM_DeInit:0000005c $d
C:\Users\fastr\AppData\Local\Temp\ccUGQp9j.s:1102   .text.HAL_TIM_IC_MspInit:00000000 $t
C:\Users\fastr\AppData\Local\Temp\ccUGQp9j.s:1108   .text.HAL_TIM_IC_MspInit:00000000 HAL_TIM_IC_MspInit
C:\Users\fastr\AppData\Local\Temp\ccUGQp9j.s:1116   .text.HAL_TIM_IC_MspDeInit:00000000 $t
C:\Users\fastr\AppData\Local\Temp\ccUGQp9j.s:1122   .text.HAL_TIM_IC_MspDeInit:00000000 HAL_TIM_IC_MspDeInit
C:\Users\fastr\AppData\Local\Temp\ccUGQp9j.s:1130   .text.HAL_TIM_IC_DeInit:00000000 $t
C:\Users\fastr\AppData\Local\Temp\ccUGQp9j.s:1136   .text.HAL_TIM_IC_DeInit:00000000 HAL_TIM_IC_DeInit
C:\Users\fastr\AppData\Local\Temp\ccUGQp9j.s:1189   .text.HAL_TIM_IC_DeInit:0000005c $d
C:\Users\fastr\AppData\Local\Temp\ccUGQp9j.s:1193   .text.HAL_TIM_OnePulse_MspInit:00000000 $t
C:\Users\fastr\AppData\Local\Temp\ccUGQp9j.s:1199   .text.HAL_TIM_OnePulse_MspInit:00000000 HAL_TIM_OnePulse_MspInit
C:\Users\fastr\AppData\Local\Temp\ccUGQp9j.s:1207   .text.HAL_TIM_OnePulse_MspDeInit:00000000 $t
C:\Users\fastr\AppData\Local\Temp\ccUGQp9j.s:1213   .text.HAL_TIM_OnePulse_MspDeInit:00000000 HAL_TIM_OnePulse_MspDeInit
C:\Users\fastr\AppData\Local\Temp\ccUGQp9j.s:1221   .text.HAL_TIM_OnePulse_DeInit:00000000 $t
C:\Users\fastr\AppData\Local\Temp\ccUGQp9j.s:1227   .text.HAL_TIM_OnePulse_DeInit:00000000 HAL_TIM_OnePulse_DeInit
C:\Users\fastr\AppData\Local\Temp\ccUGQp9j.s:1272   .text.HAL_TIM_OnePulse_DeInit:0000004c $d
C:\Users\fastr\AppData\Local\Temp\ccUGQp9j.s:1276   .text.HAL_TIM_Encoder_MspInit:00000000 $t
C:\Users\fastr\AppData\Local\Temp\ccUGQp9j.s:1282   .text.HAL_TIM_Encoder_MspInit:00000000 HAL_TIM_Encoder_MspInit
C:\Users\fastr\AppData\Local\Temp\ccUGQp9j.s:1290   .text.HAL_TIM_Encoder_MspDeInit:00000000 $t
C:\Users\fastr\AppData\Local\Temp\ccUGQp9j.s:1296   .text.HAL_TIM_Encoder_MspDeInit:00000000 HAL_TIM_Encoder_MspDeInit
C:\Users\fastr\AppData\Local\Temp\ccUGQp9j.s:1304   .text.HAL_TIM_Encoder_DeInit:00000000 $t
C:\Users\fastr\AppData\Local\Temp\ccUGQp9j.s:1310   .text.HAL_TIM_Encoder_DeInit:00000000 HAL_TIM_Encoder_DeInit
C:\Users\fastr\AppData\Local\Temp\ccUGQp9j.s:1355   .text.HAL_TIM_Encoder_DeInit:0000004c $d
C:\Users\fastr\AppData\Local\Temp\ccUGQp9j.s:1359   .text.HAL_TIM_DMABurst_MultiWriteStart:00000000 $t
C:\Users\fastr\AppData\Local\Temp\ccUGQp9j.s:1365   .text.HAL_TIM_DMABurst_MultiWriteStart:00000000 HAL_TIM_DMABurst_MultiWriteStart
C:\Users\fastr\AppData\Local\Temp\ccUGQp9j.s:1592   .text.HAL_TIM_DMABurst_MultiWriteStart:000001a0 $d
C:\Users\fastr\AppData\Local\Temp\ccUGQp9j.s:2437   .text.TIM_DMADelayPulseCplt:00000000 TIM_DMADelayPulseCplt
C:\Users\fastr\AppData\Local\Temp\ccUGQp9j.s:2523   .text.TIM_DMADelayPulseHalfCplt:00000000 TIM_DMADelayPulseHalfCplt
C:\Users\fastr\AppData\Local\Temp\ccUGQp9j.s:2757   .text.TIM_DMATriggerCplt:00000000 TIM_DMATriggerCplt
C:\Users\fastr\AppData\Local\Temp\ccUGQp9j.s:2794   .text.TIM_DMATriggerHalfCplt:00000000 TIM_DMATriggerHalfCplt
C:\Users\fastr\AppData\Local\Temp\ccUGQp9j.s:1603   .text.HAL_TIM_DMABurst_WriteStart:00000000 $t
C:\Users\fastr\AppData\Local\Temp\ccUGQp9j.s:1609   .text.HAL_TIM_DMABurst_WriteStart:00000000 HAL_TIM_DMABurst_WriteStart
C:\Users\fastr\AppData\Local\Temp\ccUGQp9j.s:1634   .text.HAL_TIM_DMABurst_WriteStop:00000000 $t
C:\Users\fastr\AppData\Local\Temp\ccUGQp9j.s:1640   .text.HAL_TIM_DMABurst_WriteStop:00000000 HAL_TIM_DMABurst_WriteStop
C:\Users\fastr\AppData\Local\Temp\ccUGQp9j.s:1721   .text.HAL_TIM_DMABurst_MultiReadStart:00000000 $t
C:\Users\fastr\AppData\Local\Temp\ccUGQp9j.s:1727   .text.HAL_TIM_DMABurst_MultiReadStart:00000000 HAL_TIM_DMABurst_MultiReadStart
C:\Users\fastr\AppData\Local\Temp\ccUGQp9j.s:1954   .text.HAL_TIM_DMABurst_MultiReadStart:000001a0 $d
C:\Users\fastr\AppData\Local\Temp\ccUGQp9j.s:2284   .text.TIM_DMACaptureCplt:00000000 TIM_DMACaptureCplt
C:\Users\fastr\AppData\Local\Temp\ccUGQp9j.s:2378   .text.TIM_DMACaptureHalfCplt:00000000 TIM_DMACaptureHalfCplt
C:\Users\fastr\AppData\Local\Temp\ccUGQp9j.s:1965   .text.HAL_TIM_DMABurst_ReadStart:00000000 $t
C:\Users\fastr\AppData\Local\Temp\ccUGQp9j.s:1971   .text.HAL_TIM_DMABurst_ReadStart:00000000 HAL_TIM_DMABurst_ReadStart
C:\Users\fastr\AppData\Local\Temp\ccUGQp9j.s:1996   .text.HAL_TIM_DMABurst_ReadStop:00000000 $t
C:\Users\fastr\AppData\Local\Temp\ccUGQp9j.s:2002   .text.HAL_TIM_DMABurst_ReadStop:00000000 HAL_TIM_DMABurst_ReadStop
C:\Users\fastr\AppData\Local\Temp\ccUGQp9j.s:2083   .text.HAL_TIM_GenerateEvent:00000000 $t
C:\Users\fastr\AppData\Local\Temp\ccUGQp9j.s:2089   .text.HAL_TIM_GenerateEvent:00000000 HAL_TIM_GenerateEvent
C:\Users\fastr\AppData\Local\Temp\ccUGQp9j.s:2119   .text.HAL_TIM_ConfigTI1Input:00000000 $t
C:\Users\fastr\AppData\Local\Temp\ccUGQp9j.s:2125   .text.HAL_TIM_ConfigTI1Input:00000000 HAL_TIM_ConfigTI1Input
ARM GAS  C:\Users\fastr\AppData\Local\Temp\ccUGQp9j.s 			page 162


C:\Users\fastr\AppData\Local\Temp\ccUGQp9j.s:2140   .text.HAL_TIM_ReadCapturedValue:00000000 $t
C:\Users\fastr\AppData\Local\Temp\ccUGQp9j.s:2146   .text.HAL_TIM_ReadCapturedValue:00000000 HAL_TIM_ReadCapturedValue
C:\Users\fastr\AppData\Local\Temp\ccUGQp9j.s:2184   .text.HAL_TIM_PeriodElapsedCallback:00000000 $t
C:\Users\fastr\AppData\Local\Temp\ccUGQp9j.s:2190   .text.HAL_TIM_PeriodElapsedCallback:00000000 HAL_TIM_PeriodElapsedCallback
C:\Users\fastr\AppData\Local\Temp\ccUGQp9j.s:2198   .text.TIM_DMAPeriodElapsedCplt:00000000 $t
C:\Users\fastr\AppData\Local\Temp\ccUGQp9j.s:2221   .text.HAL_TIM_PeriodElapsedHalfCpltCallback:00000000 $t
C:\Users\fastr\AppData\Local\Temp\ccUGQp9j.s:2227   .text.HAL_TIM_PeriodElapsedHalfCpltCallback:00000000 HAL_TIM_PeriodElapsedHalfCpltCallback
C:\Users\fastr\AppData\Local\Temp\ccUGQp9j.s:2235   .text.TIM_DMAPeriodElapsedHalfCplt:00000000 $t
C:\Users\fastr\AppData\Local\Temp\ccUGQp9j.s:2250   .text.HAL_TIM_OC_DelayElapsedCallback:00000000 $t
C:\Users\fastr\AppData\Local\Temp\ccUGQp9j.s:2256   .text.HAL_TIM_OC_DelayElapsedCallback:00000000 HAL_TIM_OC_DelayElapsedCallback
C:\Users\fastr\AppData\Local\Temp\ccUGQp9j.s:2264   .text.HAL_TIM_IC_CaptureCallback:00000000 $t
C:\Users\fastr\AppData\Local\Temp\ccUGQp9j.s:2270   .text.HAL_TIM_IC_CaptureCallback:00000000 HAL_TIM_IC_CaptureCallback
C:\Users\fastr\AppData\Local\Temp\ccUGQp9j.s:2278   .text.TIM_DMACaptureCplt:00000000 $t
C:\Users\fastr\AppData\Local\Temp\ccUGQp9j.s:2358   .text.HAL_TIM_IC_CaptureHalfCpltCallback:00000000 $t
C:\Users\fastr\AppData\Local\Temp\ccUGQp9j.s:2364   .text.HAL_TIM_IC_CaptureHalfCpltCallback:00000000 HAL_TIM_IC_CaptureHalfCpltCallback
C:\Users\fastr\AppData\Local\Temp\ccUGQp9j.s:2372   .text.TIM_DMACaptureHalfCplt:00000000 $t
C:\Users\fastr\AppData\Local\Temp\ccUGQp9j.s:2418   .text.HAL_TIM_PWM_PulseFinishedCallback:00000000 $t
C:\Users\fastr\AppData\Local\Temp\ccUGQp9j.s:2424   .text.HAL_TIM_PWM_PulseFinishedCallback:00000000 HAL_TIM_PWM_PulseFinishedCallback
C:\Users\fastr\AppData\Local\Temp\ccUGQp9j.s:2432   .text.TIM_DMADelayPulseCplt:00000000 $t
C:\Users\fastr\AppData\Local\Temp\ccUGQp9j.s:2503   .text.HAL_TIM_PWM_PulseFinishedHalfCpltCallback:00000000 $t
C:\Users\fastr\AppData\Local\Temp\ccUGQp9j.s:2509   .text.HAL_TIM_PWM_PulseFinishedHalfCpltCallback:00000000 HAL_TIM_PWM_PulseFinishedHalfCpltCallback
C:\Users\fastr\AppData\Local\Temp\ccUGQp9j.s:2517   .text.TIM_DMADelayPulseHalfCplt:00000000 $t
C:\Users\fastr\AppData\Local\Temp\ccUGQp9j.s:2563   .text.HAL_TIM_TriggerCallback:00000000 $t
C:\Users\fastr\AppData\Local\Temp\ccUGQp9j.s:2569   .text.HAL_TIM_TriggerCallback:00000000 HAL_TIM_TriggerCallback
C:\Users\fastr\AppData\Local\Temp\ccUGQp9j.s:2577   .text.HAL_TIM_IRQHandler:00000000 $t
C:\Users\fastr\AppData\Local\Temp\ccUGQp9j.s:2583   .text.HAL_TIM_IRQHandler:00000000 HAL_TIM_IRQHandler
C:\Users\fastr\AppData\Local\Temp\ccUGQp9j.s:2752   .text.TIM_DMATriggerCplt:00000000 $t
C:\Users\fastr\AppData\Local\Temp\ccUGQp9j.s:2775   .text.HAL_TIM_TriggerHalfCpltCallback:00000000 $t
C:\Users\fastr\AppData\Local\Temp\ccUGQp9j.s:2781   .text.HAL_TIM_TriggerHalfCpltCallback:00000000 HAL_TIM_TriggerHalfCpltCallback
C:\Users\fastr\AppData\Local\Temp\ccUGQp9j.s:2789   .text.TIM_DMATriggerHalfCplt:00000000 $t
C:\Users\fastr\AppData\Local\Temp\ccUGQp9j.s:2804   .text.HAL_TIM_ErrorCallback:00000000 $t
C:\Users\fastr\AppData\Local\Temp\ccUGQp9j.s:2810   .text.HAL_TIM_ErrorCallback:00000000 HAL_TIM_ErrorCallback
C:\Users\fastr\AppData\Local\Temp\ccUGQp9j.s:2818   .text.TIM_DMAError:00000000 $t
C:\Users\fastr\AppData\Local\Temp\ccUGQp9j.s:2880   .text.HAL_TIM_Base_GetState:00000000 $t
C:\Users\fastr\AppData\Local\Temp\ccUGQp9j.s:2886   .text.HAL_TIM_Base_GetState:00000000 HAL_TIM_Base_GetState
C:\Users\fastr\AppData\Local\Temp\ccUGQp9j.s:2897   .text.HAL_TIM_OC_GetState:00000000 $t
C:\Users\fastr\AppData\Local\Temp\ccUGQp9j.s:2903   .text.HAL_TIM_OC_GetState:00000000 HAL_TIM_OC_GetState
C:\Users\fastr\AppData\Local\Temp\ccUGQp9j.s:2914   .text.HAL_TIM_PWM_GetState:00000000 $t
C:\Users\fastr\AppData\Local\Temp\ccUGQp9j.s:2920   .text.HAL_TIM_PWM_GetState:00000000 HAL_TIM_PWM_GetState
C:\Users\fastr\AppData\Local\Temp\ccUGQp9j.s:2931   .text.HAL_TIM_IC_GetState:00000000 $t
C:\Users\fastr\AppData\Local\Temp\ccUGQp9j.s:2937   .text.HAL_TIM_IC_GetState:00000000 HAL_TIM_IC_GetState
C:\Users\fastr\AppData\Local\Temp\ccUGQp9j.s:2948   .text.HAL_TIM_OnePulse_GetState:00000000 $t
C:\Users\fastr\AppData\Local\Temp\ccUGQp9j.s:2954   .text.HAL_TIM_OnePulse_GetState:00000000 HAL_TIM_OnePulse_GetState
C:\Users\fastr\AppData\Local\Temp\ccUGQp9j.s:2965   .text.HAL_TIM_Encoder_GetState:00000000 $t
C:\Users\fastr\AppData\Local\Temp\ccUGQp9j.s:2971   .text.HAL_TIM_Encoder_GetState:00000000 HAL_TIM_Encoder_GetState
C:\Users\fastr\AppData\Local\Temp\ccUGQp9j.s:2982   .text.HAL_TIM_GetActiveChannel:00000000 $t
C:\Users\fastr\AppData\Local\Temp\ccUGQp9j.s:2988   .text.HAL_TIM_GetActiveChannel:00000000 HAL_TIM_GetActiveChannel
C:\Users\fastr\AppData\Local\Temp\ccUGQp9j.s:2997   .text.HAL_TIM_GetChannelState:00000000 $t
C:\Users\fastr\AppData\Local\Temp\ccUGQp9j.s:3003   .text.HAL_TIM_GetChannelState:00000000 HAL_TIM_GetChannelState
C:\Users\fastr\AppData\Local\Temp\ccUGQp9j.s:3036   .text.HAL_TIM_DMABurstState:00000000 $t
C:\Users\fastr\AppData\Local\Temp\ccUGQp9j.s:3042   .text.HAL_TIM_DMABurstState:00000000 HAL_TIM_DMABurstState
C:\Users\fastr\AppData\Local\Temp\ccUGQp9j.s:3053   .text.TIM_Base_SetConfig:00000000 $t
C:\Users\fastr\AppData\Local\Temp\ccUGQp9j.s:3059   .text.TIM_Base_SetConfig:00000000 TIM_Base_SetConfig
C:\Users\fastr\AppData\Local\Temp\ccUGQp9j.s:3148   .text.TIM_Base_SetConfig:00000094 $d
C:\Users\fastr\AppData\Local\Temp\ccUGQp9j.s:3157   .text.HAL_TIM_Base_Init:00000000 $t
C:\Users\fastr\AppData\Local\Temp\ccUGQp9j.s:3163   .text.HAL_TIM_Base_Init:00000000 HAL_TIM_Base_Init
C:\Users\fastr\AppData\Local\Temp\ccUGQp9j.s:3215   .text.HAL_TIM_OC_Init:00000000 $t
ARM GAS  C:\Users\fastr\AppData\Local\Temp\ccUGQp9j.s 			page 163


C:\Users\fastr\AppData\Local\Temp\ccUGQp9j.s:3221   .text.HAL_TIM_OC_Init:00000000 HAL_TIM_OC_Init
C:\Users\fastr\AppData\Local\Temp\ccUGQp9j.s:3273   .text.HAL_TIM_PWM_Init:00000000 $t
C:\Users\fastr\AppData\Local\Temp\ccUGQp9j.s:3279   .text.HAL_TIM_PWM_Init:00000000 HAL_TIM_PWM_Init
C:\Users\fastr\AppData\Local\Temp\ccUGQp9j.s:3331   .text.HAL_TIM_IC_Init:00000000 $t
C:\Users\fastr\AppData\Local\Temp\ccUGQp9j.s:3337   .text.HAL_TIM_IC_Init:00000000 HAL_TIM_IC_Init
C:\Users\fastr\AppData\Local\Temp\ccUGQp9j.s:3389   .text.HAL_TIM_OnePulse_Init:00000000 $t
C:\Users\fastr\AppData\Local\Temp\ccUGQp9j.s:3395   .text.HAL_TIM_OnePulse_Init:00000000 HAL_TIM_OnePulse_Init
C:\Users\fastr\AppData\Local\Temp\ccUGQp9j.s:3450   .text.HAL_TIM_Encoder_Init:00000000 $t
C:\Users\fastr\AppData\Local\Temp\ccUGQp9j.s:3456   .text.HAL_TIM_Encoder_Init:00000000 HAL_TIM_Encoder_Init
C:\Users\fastr\AppData\Local\Temp\ccUGQp9j.s:3548   .text.HAL_TIM_Encoder_Init:000000a8 $d
C:\Users\fastr\AppData\Local\Temp\ccUGQp9j.s:3553   .text.TIM_OC2_SetConfig:00000000 $t
C:\Users\fastr\AppData\Local\Temp\ccUGQp9j.s:3559   .text.TIM_OC2_SetConfig:00000000 TIM_OC2_SetConfig
C:\Users\fastr\AppData\Local\Temp\ccUGQp9j.s:3629   .text.TIM_OC2_SetConfig:00000078 $d
C:\Users\fastr\AppData\Local\Temp\ccUGQp9j.s:3637   .text.HAL_TIM_OC_ConfigChannel:00000000 $t
C:\Users\fastr\AppData\Local\Temp\ccUGQp9j.s:3643   .text.HAL_TIM_OC_ConfigChannel:00000000 HAL_TIM_OC_ConfigChannel
C:\Users\fastr\AppData\Local\Temp\ccUGQp9j.s:3697   .text.HAL_TIM_PWM_ConfigChannel:00000000 $t
C:\Users\fastr\AppData\Local\Temp\ccUGQp9j.s:3703   .text.HAL_TIM_PWM_ConfigChannel:00000000 HAL_TIM_PWM_ConfigChannel
C:\Users\fastr\AppData\Local\Temp\ccUGQp9j.s:3832   .text.HAL_TIM_PWM_ConfigChannel:000000ec $d
C:\Users\fastr\AppData\Local\Temp\ccUGQp9j.s:3835   .text.TIM_TI1_SetConfig:00000000 $t
C:\Users\fastr\AppData\Local\Temp\ccUGQp9j.s:3841   .text.TIM_TI1_SetConfig:00000000 TIM_TI1_SetConfig
C:\Users\fastr\AppData\Local\Temp\ccUGQp9j.s:3892   .text.TIM_TI1_SetConfig:00000054 $d
C:\Users\fastr\AppData\Local\Temp\ccUGQp9j.s:3897   .text.HAL_TIM_IC_ConfigChannel:00000000 $t
C:\Users\fastr\AppData\Local\Temp\ccUGQp9j.s:3903   .text.HAL_TIM_IC_ConfigChannel:00000000 HAL_TIM_IC_ConfigChannel
C:\Users\fastr\AppData\Local\Temp\ccUGQp9j.s:4012   .text.HAL_TIM_IC_ConfigChannel:000000c8 $d
C:\Users\fastr\AppData\Local\Temp\ccUGQp9j.s:4015   .text.HAL_TIM_OnePulse_ConfigChannel:00000000 $t
C:\Users\fastr\AppData\Local\Temp\ccUGQp9j.s:4021   .text.HAL_TIM_OnePulse_ConfigChannel:00000000 HAL_TIM_OnePulse_ConfigChannel
C:\Users\fastr\AppData\Local\Temp\ccUGQp9j.s:4164   .text.HAL_TIM_OnePulse_ConfigChannel:00000104 $d
C:\Users\fastr\AppData\Local\Temp\ccUGQp9j.s:4167   .text.TIM_ETR_SetConfig:00000000 $t
C:\Users\fastr\AppData\Local\Temp\ccUGQp9j.s:4173   .text.TIM_ETR_SetConfig:00000000 TIM_ETR_SetConfig
C:\Users\fastr\AppData\Local\Temp\ccUGQp9j.s:4192   .text.TIM_ETR_SetConfig:00000018 $d
C:\Users\fastr\AppData\Local\Temp\ccUGQp9j.s:4195   .text.HAL_TIM_ConfigOCrefClear:00000000 $t
C:\Users\fastr\AppData\Local\Temp\ccUGQp9j.s:4201   .text.HAL_TIM_ConfigOCrefClear:00000000 HAL_TIM_ConfigOCrefClear
C:\Users\fastr\AppData\Local\Temp\ccUGQp9j.s:4373   .text.HAL_TIM_ConfigOCrefClear:00000128 $d
C:\Users\fastr\AppData\Local\Temp\ccUGQp9j.s:4377   .text.HAL_TIM_ConfigClockSource:00000000 $t
C:\Users\fastr\AppData\Local\Temp\ccUGQp9j.s:4383   .text.HAL_TIM_ConfigClockSource:00000000 HAL_TIM_ConfigClockSource
C:\Users\fastr\AppData\Local\Temp\ccUGQp9j.s:4526   .text.HAL_TIM_ConfigClockSource:00000104 $d
C:\Users\fastr\AppData\Local\Temp\ccUGQp9j.s:4529   .text.TIM_SlaveTimer_SetConfig:00000000 $t
C:\Users\fastr\AppData\Local\Temp\ccUGQp9j.s:4534   .text.TIM_SlaveTimer_SetConfig:00000000 TIM_SlaveTimer_SetConfig
C:\Users\fastr\AppData\Local\Temp\ccUGQp9j.s:4648   .text.HAL_TIM_SlaveConfigSynchro:00000000 $t
C:\Users\fastr\AppData\Local\Temp\ccUGQp9j.s:4654   .text.HAL_TIM_SlaveConfigSynchro:00000000 HAL_TIM_SlaveConfigSynchro
C:\Users\fastr\AppData\Local\Temp\ccUGQp9j.s:4706   .text.HAL_TIM_SlaveConfigSynchro:00000058 $d
C:\Users\fastr\AppData\Local\Temp\ccUGQp9j.s:4709   .text.HAL_TIM_SlaveConfigSynchro_IT:00000000 $t
C:\Users\fastr\AppData\Local\Temp\ccUGQp9j.s:4715   .text.HAL_TIM_SlaveConfigSynchro_IT:00000000 HAL_TIM_SlaveConfigSynchro_IT
C:\Users\fastr\AppData\Local\Temp\ccUGQp9j.s:4767   .text.HAL_TIM_SlaveConfigSynchro_IT:00000058 $d
C:\Users\fastr\AppData\Local\Temp\ccUGQp9j.s:4770   .text.TIM_CCxChannelCmd:00000000 $t
C:\Users\fastr\AppData\Local\Temp\ccUGQp9j.s:4776   .text.TIM_CCxChannelCmd:00000000 TIM_CCxChannelCmd
C:\Users\fastr\AppData\Local\Temp\ccUGQp9j.s:4797   .text.HAL_TIM_OC_Start:00000000 $t
C:\Users\fastr\AppData\Local\Temp\ccUGQp9j.s:4803   .text.HAL_TIM_OC_Start:00000000 HAL_TIM_OC_Start
C:\Users\fastr\AppData\Local\Temp\ccUGQp9j.s:4938   .text.HAL_TIM_OC_Start:000000e8 $d
C:\Users\fastr\AppData\Local\Temp\ccUGQp9j.s:4945   .text.HAL_TIM_OC_Stop:00000000 $t
C:\Users\fastr\AppData\Local\Temp\ccUGQp9j.s:4951   .text.HAL_TIM_OC_Stop:00000000 HAL_TIM_OC_Stop
C:\Users\fastr\AppData\Local\Temp\ccUGQp9j.s:5033   .text.HAL_TIM_OC_Stop:0000008c $d
C:\Users\fastr\AppData\Local\Temp\ccUGQp9j.s:5042   .text.HAL_TIM_OC_Start_IT:00000000 $t
C:\Users\fastr\AppData\Local\Temp\ccUGQp9j.s:5048   .text.HAL_TIM_OC_Start_IT:00000000 HAL_TIM_OC_Start_IT
C:\Users\fastr\AppData\Local\Temp\ccUGQp9j.s:5223   .text.HAL_TIM_OC_Start_IT:0000012c $d
C:\Users\fastr\AppData\Local\Temp\ccUGQp9j.s:5230   .text.HAL_TIM_OC_Stop_IT:00000000 $t
C:\Users\fastr\AppData\Local\Temp\ccUGQp9j.s:5236   .text.HAL_TIM_OC_Stop_IT:00000000 HAL_TIM_OC_Stop_IT
ARM GAS  C:\Users\fastr\AppData\Local\Temp\ccUGQp9j.s 			page 164


C:\Users\fastr\AppData\Local\Temp\ccUGQp9j.s:5364   .text.HAL_TIM_OC_Stop_IT:000000dc $d
C:\Users\fastr\AppData\Local\Temp\ccUGQp9j.s:5373   .text.HAL_TIM_OC_Start_DMA:00000000 $t
C:\Users\fastr\AppData\Local\Temp\ccUGQp9j.s:5379   .text.HAL_TIM_OC_Start_DMA:00000000 HAL_TIM_OC_Start_DMA
C:\Users\fastr\AppData\Local\Temp\ccUGQp9j.s:5703   .text.HAL_TIM_OC_Start_DMA:00000234 $d
C:\Users\fastr\AppData\Local\Temp\ccUGQp9j.s:5713   .text.HAL_TIM_OC_Stop_DMA:00000000 $t
C:\Users\fastr\AppData\Local\Temp\ccUGQp9j.s:5719   .text.HAL_TIM_OC_Stop_DMA:00000000 HAL_TIM_OC_Stop_DMA
C:\Users\fastr\AppData\Local\Temp\ccUGQp9j.s:5855   .text.HAL_TIM_OC_Stop_DMA:000000f4 $d
C:\Users\fastr\AppData\Local\Temp\ccUGQp9j.s:5868   .text.HAL_TIM_PWM_Start:00000000 $t
C:\Users\fastr\AppData\Local\Temp\ccUGQp9j.s:5874   .text.HAL_TIM_PWM_Start:00000000 HAL_TIM_PWM_Start
C:\Users\fastr\AppData\Local\Temp\ccUGQp9j.s:6009   .text.HAL_TIM_PWM_Start:000000e8 $d
C:\Users\fastr\AppData\Local\Temp\ccUGQp9j.s:6016   .text.HAL_TIM_PWM_Stop:00000000 $t
C:\Users\fastr\AppData\Local\Temp\ccUGQp9j.s:6022   .text.HAL_TIM_PWM_Stop:00000000 HAL_TIM_PWM_Stop
C:\Users\fastr\AppData\Local\Temp\ccUGQp9j.s:6104   .text.HAL_TIM_PWM_Stop:0000008c $d
C:\Users\fastr\AppData\Local\Temp\ccUGQp9j.s:6113   .text.HAL_TIM_PWM_Start_IT:00000000 $t
C:\Users\fastr\AppData\Local\Temp\ccUGQp9j.s:6119   .text.HAL_TIM_PWM_Start_IT:00000000 HAL_TIM_PWM_Start_IT
C:\Users\fastr\AppData\Local\Temp\ccUGQp9j.s:6294   .text.HAL_TIM_PWM_Start_IT:0000012c $d
C:\Users\fastr\AppData\Local\Temp\ccUGQp9j.s:6301   .text.HAL_TIM_PWM_Stop_IT:00000000 $t
C:\Users\fastr\AppData\Local\Temp\ccUGQp9j.s:6307   .text.HAL_TIM_PWM_Stop_IT:00000000 HAL_TIM_PWM_Stop_IT
C:\Users\fastr\AppData\Local\Temp\ccUGQp9j.s:6435   .text.HAL_TIM_PWM_Stop_IT:000000dc $d
C:\Users\fastr\AppData\Local\Temp\ccUGQp9j.s:6444   .text.HAL_TIM_PWM_Start_DMA:00000000 $t
C:\Users\fastr\AppData\Local\Temp\ccUGQp9j.s:6450   .text.HAL_TIM_PWM_Start_DMA:00000000 HAL_TIM_PWM_Start_DMA
C:\Users\fastr\AppData\Local\Temp\ccUGQp9j.s:6774   .text.HAL_TIM_PWM_Start_DMA:00000234 $d
C:\Users\fastr\AppData\Local\Temp\ccUGQp9j.s:6784   .text.HAL_TIM_PWM_Stop_DMA:00000000 $t
C:\Users\fastr\AppData\Local\Temp\ccUGQp9j.s:6790   .text.HAL_TIM_PWM_Stop_DMA:00000000 HAL_TIM_PWM_Stop_DMA
C:\Users\fastr\AppData\Local\Temp\ccUGQp9j.s:6926   .text.HAL_TIM_PWM_Stop_DMA:000000f4 $d
C:\Users\fastr\AppData\Local\Temp\ccUGQp9j.s:6939   .text.HAL_TIM_IC_Start:00000000 $t
C:\Users\fastr\AppData\Local\Temp\ccUGQp9j.s:6945   .text.HAL_TIM_IC_Start:00000000 HAL_TIM_IC_Start
C:\Users\fastr\AppData\Local\Temp\ccUGQp9j.s:7091   .text.HAL_TIM_IC_Start:000000f4 $d
C:\Users\fastr\AppData\Local\Temp\ccUGQp9j.s:7096   .text.HAL_TIM_IC_Stop:00000000 $t
C:\Users\fastr\AppData\Local\Temp\ccUGQp9j.s:7102   .text.HAL_TIM_IC_Stop:00000000 HAL_TIM_IC_Stop
C:\Users\fastr\AppData\Local\Temp\ccUGQp9j.s:7176   .text.HAL_TIM_IC_Stop:00000078 $d
C:\Users\fastr\AppData\Local\Temp\ccUGQp9j.s:7180   .text.HAL_TIM_IC_Start_IT:00000000 $t
C:\Users\fastr\AppData\Local\Temp\ccUGQp9j.s:7186   .text.HAL_TIM_IC_Start_IT:00000000 HAL_TIM_IC_Start_IT
C:\Users\fastr\AppData\Local\Temp\ccUGQp9j.s:7374   .text.HAL_TIM_IC_Start_IT:0000013c $d
C:\Users\fastr\AppData\Local\Temp\ccUGQp9j.s:7379   .text.HAL_TIM_IC_Stop_IT:00000000 $t
C:\Users\fastr\AppData\Local\Temp\ccUGQp9j.s:7385   .text.HAL_TIM_IC_Stop_IT:00000000 HAL_TIM_IC_Stop_IT
C:\Users\fastr\AppData\Local\Temp\ccUGQp9j.s:7505   .text.HAL_TIM_IC_Stop_IT:000000c8 $d
C:\Users\fastr\AppData\Local\Temp\ccUGQp9j.s:7509   .text.HAL_TIM_IC_Start_DMA:00000000 $t
C:\Users\fastr\AppData\Local\Temp\ccUGQp9j.s:7515   .text.HAL_TIM_IC_Start_DMA:00000000 HAL_TIM_IC_Start_DMA
C:\Users\fastr\AppData\Local\Temp\ccUGQp9j.s:7822   .text.HAL_TIM_IC_Start_DMA:00000218 $d
C:\Users\fastr\AppData\Local\Temp\ccUGQp9j.s:7830   .text.HAL_TIM_IC_Stop_DMA:00000000 $t
C:\Users\fastr\AppData\Local\Temp\ccUGQp9j.s:7836   .text.HAL_TIM_IC_Stop_DMA:00000000 HAL_TIM_IC_Stop_DMA
C:\Users\fastr\AppData\Local\Temp\ccUGQp9j.s:7963   .text.HAL_TIM_IC_Stop_DMA:000000e0 $d
C:\Users\fastr\AppData\Local\Temp\ccUGQp9j.s:7971   .text.HAL_TIM_OnePulse_Start:00000000 $t
C:\Users\fastr\AppData\Local\Temp\ccUGQp9j.s:7977   .text.HAL_TIM_OnePulse_Start:00000000 HAL_TIM_OnePulse_Start
C:\Users\fastr\AppData\Local\Temp\ccUGQp9j.s:8061   .text.HAL_TIM_OnePulse_Start:00000094 $d
C:\Users\fastr\AppData\Local\Temp\ccUGQp9j.s:8067   .text.HAL_TIM_OnePulse_Stop:00000000 $t
C:\Users\fastr\AppData\Local\Temp\ccUGQp9j.s:8073   .text.HAL_TIM_OnePulse_Stop:00000000 HAL_TIM_OnePulse_Stop
C:\Users\fastr\AppData\Local\Temp\ccUGQp9j.s:8143   .text.HAL_TIM_OnePulse_Stop:0000007c $d
C:\Users\fastr\AppData\Local\Temp\ccUGQp9j.s:8152   .text.HAL_TIM_OnePulse_Start_IT:00000000 $t
C:\Users\fastr\AppData\Local\Temp\ccUGQp9j.s:8158   .text.HAL_TIM_OnePulse_Start_IT:00000000 HAL_TIM_OnePulse_Start_IT
C:\Users\fastr\AppData\Local\Temp\ccUGQp9j.s:8251   .text.HAL_TIM_OnePulse_Start_IT:000000a8 $d
C:\Users\fastr\AppData\Local\Temp\ccUGQp9j.s:8257   .text.HAL_TIM_OnePulse_Stop_IT:00000000 $t
C:\Users\fastr\AppData\Local\Temp\ccUGQp9j.s:8263   .text.HAL_TIM_OnePulse_Stop_IT:00000000 HAL_TIM_OnePulse_Stop_IT
C:\Users\fastr\AppData\Local\Temp\ccUGQp9j.s:8343   .text.HAL_TIM_OnePulse_Stop_IT:00000090 $d
C:\Users\fastr\AppData\Local\Temp\ccUGQp9j.s:8352   .text.HAL_TIM_Encoder_Start:00000000 $t
C:\Users\fastr\AppData\Local\Temp\ccUGQp9j.s:8358   .text.HAL_TIM_Encoder_Start:00000000 HAL_TIM_Encoder_Start
ARM GAS  C:\Users\fastr\AppData\Local\Temp\ccUGQp9j.s 			page 165


C:\Users\fastr\AppData\Local\Temp\ccUGQp9j.s:8473   .text.HAL_TIM_Encoder_Stop:00000000 $t
C:\Users\fastr\AppData\Local\Temp\ccUGQp9j.s:8479   .text.HAL_TIM_Encoder_Stop:00000000 HAL_TIM_Encoder_Stop
C:\Users\fastr\AppData\Local\Temp\ccUGQp9j.s:8557   .text.HAL_TIM_Encoder_Stop:00000088 $d
C:\Users\fastr\AppData\Local\Temp\ccUGQp9j.s:8561   .text.HAL_TIM_Encoder_Start_IT:00000000 $t
C:\Users\fastr\AppData\Local\Temp\ccUGQp9j.s:8567   .text.HAL_TIM_Encoder_Start_IT:00000000 HAL_TIM_Encoder_Start_IT
C:\Users\fastr\AppData\Local\Temp\ccUGQp9j.s:8702   .text.HAL_TIM_Encoder_Stop_IT:00000000 $t
C:\Users\fastr\AppData\Local\Temp\ccUGQp9j.s:8708   .text.HAL_TIM_Encoder_Stop_IT:00000000 HAL_TIM_Encoder_Stop_IT
C:\Users\fastr\AppData\Local\Temp\ccUGQp9j.s:8806   .text.HAL_TIM_Encoder_Stop_IT:000000b0 $d
C:\Users\fastr\AppData\Local\Temp\ccUGQp9j.s:8810   .text.HAL_TIM_Encoder_Start_DMA:00000000 $t
C:\Users\fastr\AppData\Local\Temp\ccUGQp9j.s:8816   .text.HAL_TIM_Encoder_Start_DMA:00000000 HAL_TIM_Encoder_Start_DMA
C:\Users\fastr\AppData\Local\Temp\ccUGQp9j.s:9172   .text.HAL_TIM_Encoder_Start_DMA:00000260 $d
C:\Users\fastr\AppData\Local\Temp\ccUGQp9j.s:9177   .text.HAL_TIM_Encoder_Stop_DMA:00000000 $t
C:\Users\fastr\AppData\Local\Temp\ccUGQp9j.s:9183   .text.HAL_TIM_Encoder_Stop_DMA:00000000 HAL_TIM_Encoder_Stop_DMA
C:\Users\fastr\AppData\Local\Temp\ccUGQp9j.s:9289   .text.HAL_TIM_Encoder_Stop_DMA:000000c8 $d

UNDEFINED SYMBOLS
HAL_DMA_Start_IT
HAL_DMA_Abort_IT
TIMEx_DMACommutationCplt
TIMEx_DMACommutationHalfCplt
HAL_TIMEx_BreakCallback
HAL_TIMEx_CommutCallback
