ARM GAS  C:\Users\fastr\AppData\Local\Temp\cce7iK0f.s 			page 1


   1              		.cpu cortex-m0
   2              		.arch armv6s-m
   3              		.fpu softvfp
   4              		.eabi_attribute 20, 1
   5              		.eabi_attribute 21, 1
   6              		.eabi_attribute 23, 3
   7              		.eabi_attribute 24, 1
   8              		.eabi_attribute 25, 1
   9              		.eabi_attribute 26, 1
  10              		.eabi_attribute 30, 1
  11              		.eabi_attribute 34, 0
  12              		.eabi_attribute 18, 4
  13              		.file	"stm32f0xx_hal_i2c.c"
  14              		.text
  15              		.section	.text.I2C_Flush_TXDR,"ax",%progbits
  16              		.align	1
  17              		.syntax unified
  18              		.code	16
  19              		.thumb_func
  21              	I2C_Flush_TXDR:
  22              		@ args = 0, pretend = 0, frame = 0
  23              		@ frame_needed = 0, uses_anonymous_args = 0
  24              		@ link register save eliminated.
  25 0000 0268     		ldr	r2, [r0]
  26 0002 9369     		ldr	r3, [r2, #24]
  27 0004 9B07     		lsls	r3, r3, #30
  28 0006 01D5     		bpl	.L2
  29 0008 0023     		movs	r3, #0
  30 000a 9362     		str	r3, [r2, #40]
  31              	.L2:
  32 000c 0368     		ldr	r3, [r0]
  33 000e 9A69     		ldr	r2, [r3, #24]
  34 0010 D207     		lsls	r2, r2, #31
  35 0012 03D4     		bmi	.L1
  36 0014 9A69     		ldr	r2, [r3, #24]
  37 0016 0121     		movs	r1, #1
  38 0018 0A43     		orrs	r2, r1
  39 001a 9A61     		str	r2, [r3, #24]
  40              	.L1:
  41              		@ sp needed
  42 001c 7047     		bx	lr
  44              		.section	.text.I2C_TransferConfig,"ax",%progbits
  45              		.align	1
  46              		.syntax unified
  47              		.code	16
  48              		.thumb_func
  50              	I2C_TransferConfig:
  51              		@ args = 4, pretend = 0, frame = 0
  52              		@ frame_needed = 0, uses_anonymous_args = 0
  53              		@ link register save eliminated.
  54 0000 8905     		lsls	r1, r1, #22
  55 0002 890D     		lsrs	r1, r1, #22
  56 0004 1204     		lsls	r2, r2, #16
  57 0006 1143     		orrs	r1, r2
  58 0008 1943     		orrs	r1, r3
  59 000a 009B     		ldr	r3, [sp]
  60 000c 1943     		orrs	r1, r3
ARM GAS  C:\Users\fastr\AppData\Local\Temp\cce7iK0f.s 			page 2


  61 000e 4900     		lsls	r1, r1, #1
  62 0010 4908     		lsrs	r1, r1, #1
  63 0012 0368     		ldr	r3, [r0]
  64 0014 9C46     		mov	ip, r3
  65 0016 5A68     		ldr	r2, [r3, #4]
  66 0018 009B     		ldr	r3, [sp]
  67 001a 5B0D     		lsrs	r3, r3, #21
  68 001c 8020     		movs	r0, #128
  69 001e C000     		lsls	r0, r0, #3
  70 0020 0340     		ands	r3, r0
  71 0022 0448     		ldr	r0, .L7
  72 0024 0343     		orrs	r3, r0
  73 0026 9A43     		bics	r2, r3
  74 0028 1300     		movs	r3, r2
  75 002a 0B43     		orrs	r3, r1
  76 002c 6246     		mov	r2, ip
  77 002e 5360     		str	r3, [r2, #4]
  78              		@ sp needed
  79 0030 7047     		bx	lr
  80              	.L8:
  81 0032 C046     		.align	2
  82              	.L7:
  83 0034 FF63FF03 		.word	67068927
  85              		.section	.text.I2C_Enable_IRQ,"ax",%progbits
  86              		.align	1
  87              		.syntax unified
  88              		.code	16
  89              		.thumb_func
  91              	I2C_Enable_IRQ:
  92              		@ args = 0, pretend = 0, frame = 0
  93              		@ frame_needed = 0, uses_anonymous_args = 0
  94              		@ link register save eliminated.
  95 0000 436B     		ldr	r3, [r0, #52]
  96 0002 214A     		ldr	r2, .L27
  97 0004 9342     		cmp	r3, r2
  98 0006 1DD0     		beq	.L10
  99 0008 204A     		ldr	r2, .L27+4
 100 000a 9342     		cmp	r3, r2
 101 000c 1AD0     		beq	.L10
 102 000e 204A     		ldr	r2, .L27+8
 103 0010 9342     		cmp	r3, r2
 104 0012 17D0     		beq	.L10
 105 0014 0BB2     		sxth	r3, r1
 106 0016 002B     		cmp	r3, #0
 107 0018 0DDB     		blt	.L21
 108 001a 0023     		movs	r3, #0
 109              	.L11:
 110 001c CA07     		lsls	r2, r1, #31
 111 001e 01D5     		bpl	.L12
 112 0020 F222     		movs	r2, #242
 113 0022 1343     		orrs	r3, r2
 114              	.L12:
 115 0024 8A07     		lsls	r2, r1, #30
 116 0026 08D5     		bpl	.L13
 117 0028 F422     		movs	r2, #244
 118 002a 1343     		orrs	r3, r2
 119              	.L14:
ARM GAS  C:\Users\fastr\AppData\Local\Temp\cce7iK0f.s 			page 3


 120 002c 2029     		cmp	r1, #32
 121 002e 19D1     		bne	.L15
 122 0030 2022     		movs	r2, #32
 123 0032 1343     		orrs	r3, r2
 124 0034 16E0     		b	.L15
 125              	.L21:
 126 0036 B823     		movs	r3, #184
 127 0038 F0E7     		b	.L11
 128              	.L13:
 129 003a 1029     		cmp	r1, #16
 130 003c F6D1     		bne	.L14
 131 003e 9022     		movs	r2, #144
 132 0040 1343     		orrs	r3, r2
 133 0042 0FE0     		b	.L15
 134              	.L10:
 135 0044 0BB2     		sxth	r3, r1
 136 0046 002B     		cmp	r3, #0
 137 0048 11DB     		blt	.L22
 138 004a 0023     		movs	r3, #0
 139              	.L16:
 140 004c CA07     		lsls	r2, r1, #31
 141 004e 01D5     		bpl	.L17
 142 0050 F222     		movs	r2, #242
 143 0052 1343     		orrs	r3, r2
 144              	.L17:
 145 0054 8A07     		lsls	r2, r1, #30
 146 0056 0CD5     		bpl	.L18
 147 0058 F422     		movs	r2, #244
 148 005a 1343     		orrs	r3, r2
 149              	.L19:
 150 005c 2029     		cmp	r1, #32
 151 005e 0DD0     		beq	.L25
 152              	.L20:
 153 0060 4029     		cmp	r1, #64
 154 0062 0ED0     		beq	.L26
 155              	.L15:
 156 0064 0168     		ldr	r1, [r0]
 157 0066 0A68     		ldr	r2, [r1]
 158 0068 1343     		orrs	r3, r2
 159 006a 0B60     		str	r3, [r1]
 160              		@ sp needed
 161 006c 7047     		bx	lr
 162              	.L22:
 163 006e B823     		movs	r3, #184
 164 0070 ECE7     		b	.L16
 165              	.L18:
 166 0072 1029     		cmp	r1, #16
 167 0074 F2D1     		bne	.L19
 168 0076 9022     		movs	r2, #144
 169 0078 1343     		orrs	r3, r2
 170 007a F1E7     		b	.L20
 171              	.L25:
 172 007c 6022     		movs	r2, #96
 173 007e 1343     		orrs	r3, r2
 174 0080 F0E7     		b	.L15
 175              	.L26:
 176 0082 4022     		movs	r2, #64
ARM GAS  C:\Users\fastr\AppData\Local\Temp\cce7iK0f.s 			page 4


 177 0084 1343     		orrs	r3, r2
 178 0086 EDE7     		b	.L15
 179              	.L28:
 180              		.align	2
 181              	.L27:
 182 0088 00000000 		.word	I2C_Master_ISR_DMA
 183 008c 00000000 		.word	I2C_Slave_ISR_DMA
 184 0090 00000000 		.word	I2C_Mem_ISR_DMA
 186              		.section	.text.I2C_Disable_IRQ,"ax",%progbits
 187              		.align	1
 188              		.syntax unified
 189              		.code	16
 190              		.thumb_func
 192              	I2C_Disable_IRQ:
 193              		@ args = 0, pretend = 0, frame = 0
 194              		@ frame_needed = 0, uses_anonymous_args = 0
 195 0000 30B5     		push	{r4, r5, lr}
 196 0002 CB07     		lsls	r3, r1, #31
 197 0004 09D5     		bpl	.L36
 198 0006 4123     		movs	r3, #65
 199 0008 C35C     		ldrb	r3, [r0, r3]
 200 000a 2822     		movs	r2, #40
 201 000c 1340     		ands	r3, r2
 202 000e 282B     		cmp	r3, #40
 203 0010 01D0     		beq	.L40
 204 0012 F223     		movs	r3, #242
 205 0014 02E0     		b	.L30
 206              	.L40:
 207 0016 1A33     		adds	r3, r3, #26
 208 0018 00E0     		b	.L30
 209              	.L36:
 210 001a 0023     		movs	r3, #0
 211              	.L30:
 212 001c 8A07     		lsls	r2, r1, #30
 213 001e 0AD5     		bpl	.L31
 214 0020 4422     		movs	r2, #68
 215 0022 1A43     		orrs	r2, r3
 216 0024 1500     		movs	r5, r2
 217 0026 4122     		movs	r2, #65
 218 0028 825C     		ldrb	r2, [r0, r2]
 219 002a 2824     		movs	r4, #40
 220 002c 2240     		ands	r2, r4
 221 002e 282A     		cmp	r2, #40
 222 0030 09D0     		beq	.L38
 223 0032 F422     		movs	r2, #244
 224 0034 1343     		orrs	r3, r2
 225              	.L31:
 226 0036 0AB2     		sxth	r2, r1
 227 0038 002A     		cmp	r2, #0
 228 003a 06DB     		blt	.L41
 229 003c 1029     		cmp	r1, #16
 230 003e 06D1     		bne	.L33
 231 0040 9022     		movs	r2, #144
 232 0042 1343     		orrs	r3, r2
 233 0044 05E0     		b	.L34
 234              	.L38:
 235 0046 2B00     		movs	r3, r5
ARM GAS  C:\Users\fastr\AppData\Local\Temp\cce7iK0f.s 			page 5


 236 0048 F5E7     		b	.L31
 237              	.L41:
 238 004a B822     		movs	r2, #184
 239 004c 1343     		orrs	r3, r2
 240              	.L33:
 241 004e 2029     		cmp	r1, #32
 242 0050 06D0     		beq	.L42
 243              	.L34:
 244 0052 4029     		cmp	r1, #64
 245 0054 07D0     		beq	.L43
 246              	.L35:
 247 0056 0168     		ldr	r1, [r0]
 248 0058 0A68     		ldr	r2, [r1]
 249 005a 9A43     		bics	r2, r3
 250 005c 0A60     		str	r2, [r1]
 251              		@ sp needed
 252 005e 30BD     		pop	{r4, r5, pc}
 253              	.L42:
 254 0060 2022     		movs	r2, #32
 255 0062 1343     		orrs	r3, r2
 256 0064 F7E7     		b	.L35
 257              	.L43:
 258 0066 4022     		movs	r2, #64
 259 0068 1343     		orrs	r3, r2
 260 006a F4E7     		b	.L35
 262              		.section	.text.I2C_ConvertOtherXferOptions,"ax",%progbits
 263              		.align	1
 264              		.syntax unified
 265              		.code	16
 266              		.thumb_func
 268              	I2C_ConvertOtherXferOptions:
 269              		@ args = 0, pretend = 0, frame = 0
 270              		@ frame_needed = 0, uses_anonymous_args = 0
 271              		@ link register save eliminated.
 272 0000 C36A     		ldr	r3, [r0, #44]
 273 0002 AA2B     		cmp	r3, #170
 274 0004 05D0     		beq	.L47
 275 0006 C26A     		ldr	r2, [r0, #44]
 276 0008 AA23     		movs	r3, #170
 277 000a 1B02     		lsls	r3, r3, #8
 278 000c 9A42     		cmp	r2, r3
 279 000e 03D0     		beq	.L48
 280              	.L44:
 281              		@ sp needed
 282 0010 7047     		bx	lr
 283              	.L47:
 284 0012 0023     		movs	r3, #0
 285 0014 C362     		str	r3, [r0, #44]
 286 0016 FBE7     		b	.L44
 287              	.L48:
 288 0018 8023     		movs	r3, #128
 289 001a 9B04     		lsls	r3, r3, #18
 290 001c C362     		str	r3, [r0, #44]
 291 001e F7E7     		b	.L44
 293              		.section	.text.I2C_IsErrorOccurred,"ax",%progbits
 294              		.align	1
 295              		.syntax unified
ARM GAS  C:\Users\fastr\AppData\Local\Temp\cce7iK0f.s 			page 6


 296              		.code	16
 297              		.thumb_func
 299              	I2C_IsErrorOccurred:
 300              		@ args = 0, pretend = 0, frame = 0
 301              		@ frame_needed = 0, uses_anonymous_args = 0
 302 0000 F0B5     		push	{r4, r5, r6, r7, lr}
 303 0002 C646     		mov	lr, r8
 304 0004 00B5     		push	{lr}
 305 0006 0400     		movs	r4, r0
 306 0008 0D00     		movs	r5, r1
 307 000a 1700     		movs	r7, r2
 308 000c 0168     		ldr	r1, [r0]
 309 000e 8B69     		ldr	r3, [r1, #24]
 310 0010 1022     		movs	r2, #16
 311 0012 1600     		movs	r6, r2
 312 0014 1E40     		ands	r6, r3
 313 0016 1A42     		tst	r2, r3
 314 0018 00D1     		bne	.LCB362
 315 001a 75E0     		b	.L66	@long jump
 316              	.LCB362:
 317 001c 1023     		movs	r3, #16
 318 001e CB61     		str	r3, [r1, #28]
 319 0020 0023     		movs	r3, #0
 320 0022 9846     		mov	r8, r3
 321 0024 0026     		movs	r6, #0
 322              	.L52:
 323 0026 2068     		ldr	r0, [r4]
 324 0028 8369     		ldr	r3, [r0, #24]
 325 002a 9B06     		lsls	r3, r3, #26
 326 002c 31D4     		bmi	.L58
 327 002e 002E     		cmp	r6, #0
 328 0030 2FD1     		bne	.L58
 329 0032 6B1C     		adds	r3, r5, #1
 330 0034 F7D0     		beq	.L52
 331 0036 FFF7FEFF 		bl	HAL_GetTick
 332 003a C01B     		subs	r0, r0, r7
 333 003c A842     		cmp	r0, r5
 334 003e 01D8     		bhi	.L53
 335 0040 002D     		cmp	r5, #0
 336 0042 F0D1     		bne	.L52
 337              	.L53:
 338 0044 2168     		ldr	r1, [r4]
 339 0046 4B68     		ldr	r3, [r1, #4]
 340 0048 8022     		movs	r2, #128
 341 004a D201     		lsls	r2, r2, #7
 342 004c 1340     		ands	r3, r2
 343 004e 4222     		movs	r2, #66
 344 0050 A25C     		ldrb	r2, [r4, r2]
 345 0052 D2B2     		uxtb	r2, r2
 346 0054 8869     		ldr	r0, [r1, #24]
 347 0056 0004     		lsls	r0, r0, #16
 348 0058 03D5     		bpl	.L56
 349 005a 002B     		cmp	r3, #0
 350 005c 01D1     		bne	.L56
 351 005e 202A     		cmp	r2, #32
 352 0060 0ED1     		bne	.L72
 353              	.L56:
ARM GAS  C:\Users\fastr\AppData\Local\Temp\cce7iK0f.s 			page 7


 354 0062 2368     		ldr	r3, [r4]
 355 0064 9B69     		ldr	r3, [r3, #24]
 356 0066 9B06     		lsls	r3, r3, #26
 357 0068 DDD4     		bmi	.L52
 358 006a FFF7FEFF 		bl	HAL_GetTick
 359 006e C01B     		subs	r0, r0, r7
 360 0070 1928     		cmp	r0, #25
 361 0072 F6D9     		bls	.L56
 362 0074 2023     		movs	r3, #32
 363 0076 4246     		mov	r2, r8
 364 0078 1A43     		orrs	r2, r3
 365 007a 9046     		mov	r8, r2
 366 007c 0126     		movs	r6, #1
 367 007e D2E7     		b	.L52
 368              	.L72:
 369 0080 4A68     		ldr	r2, [r1, #4]
 370 0082 8023     		movs	r3, #128
 371 0084 DB01     		lsls	r3, r3, #7
 372 0086 1343     		orrs	r3, r2
 373 0088 4B60     		str	r3, [r1, #4]
 374 008a FFF7FEFF 		bl	HAL_GetTick
 375 008e 0700     		movs	r7, r0
 376 0090 E7E7     		b	.L56
 377              	.L58:
 378 0092 002E     		cmp	r6, #0
 379 0094 01D1     		bne	.L60
 380 0096 2023     		movs	r3, #32
 381 0098 C361     		str	r3, [r0, #28]
 382              	.L60:
 383 009a 0426     		movs	r6, #4
 384 009c 4346     		mov	r3, r8
 385 009e 3343     		orrs	r3, r6
 386 00a0 1E00     		movs	r6, r3
 387 00a2 0125     		movs	r5, #1
 388              	.L50:
 389 00a4 2268     		ldr	r2, [r4]
 390 00a6 9369     		ldr	r3, [r2, #24]
 391 00a8 D905     		lsls	r1, r3, #23
 392 00aa 04D5     		bpl	.L61
 393 00ac 0121     		movs	r1, #1
 394 00ae 0E43     		orrs	r6, r1
 395 00b0 FF31     		adds	r1, r1, #255
 396 00b2 D161     		str	r1, [r2, #28]
 397 00b4 0125     		movs	r5, #1
 398              	.L61:
 399 00b6 5A05     		lsls	r2, r3, #21
 400 00b8 06D5     		bpl	.L62
 401 00ba 0822     		movs	r2, #8
 402 00bc 1643     		orrs	r6, r2
 403 00be 2268     		ldr	r2, [r4]
 404 00c0 8021     		movs	r1, #128
 405 00c2 C900     		lsls	r1, r1, #3
 406 00c4 D161     		str	r1, [r2, #28]
 407 00c6 0125     		movs	r5, #1
 408              	.L62:
 409 00c8 9B05     		lsls	r3, r3, #22
 410 00ca 1FD5     		bpl	.L63
ARM GAS  C:\Users\fastr\AppData\Local\Temp\cce7iK0f.s 			page 8


 411 00cc 0223     		movs	r3, #2
 412 00ce 1E43     		orrs	r6, r3
 413 00d0 2368     		ldr	r3, [r4]
 414 00d2 8022     		movs	r2, #128
 415 00d4 9200     		lsls	r2, r2, #2
 416 00d6 DA61     		str	r2, [r3, #28]
 417 00d8 0125     		movs	r5, #1
 418              	.L64:
 419 00da 2000     		movs	r0, r4
 420 00dc FFF7FEFF 		bl	I2C_Flush_TXDR
 421 00e0 2268     		ldr	r2, [r4]
 422 00e2 5368     		ldr	r3, [r2, #4]
 423 00e4 0B49     		ldr	r1, .L73
 424 00e6 0B40     		ands	r3, r1
 425 00e8 5360     		str	r3, [r2, #4]
 426 00ea 636C     		ldr	r3, [r4, #68]
 427 00ec 3343     		orrs	r3, r6
 428 00ee 6364     		str	r3, [r4, #68]
 429 00f0 4123     		movs	r3, #65
 430 00f2 2022     		movs	r2, #32
 431 00f4 E254     		strb	r2, [r4, r3]
 432 00f6 0023     		movs	r3, #0
 433 00f8 2232     		adds	r2, r2, #34
 434 00fa A354     		strb	r3, [r4, r2]
 435 00fc 023A     		subs	r2, r2, #2
 436 00fe A354     		strb	r3, [r4, r2]
 437              	.L65:
 438 0100 2800     		movs	r0, r5
 439              		@ sp needed
 440 0102 80BC     		pop	{r7}
 441 0104 B846     		mov	r8, r7
 442 0106 F0BD     		pop	{r4, r5, r6, r7, pc}
 443              	.L66:
 444 0108 0025     		movs	r5, #0
 445 010a CBE7     		b	.L50
 446              	.L63:
 447 010c 002D     		cmp	r5, #0
 448 010e F7D0     		beq	.L65
 449 0110 E3E7     		b	.L64
 450              	.L74:
 451 0112 C046     		.align	2
 452              	.L73:
 453 0114 00E800FE 		.word	-33495040
 455              		.section	.text.I2C_WaitOnTXISFlagUntilTimeout,"ax",%progbits
 456              		.align	1
 457              		.syntax unified
 458              		.code	16
 459              		.thumb_func
 461              	I2C_WaitOnTXISFlagUntilTimeout:
 462              		@ args = 0, pretend = 0, frame = 0
 463              		@ frame_needed = 0, uses_anonymous_args = 0
 464 0000 70B5     		push	{r4, r5, r6, lr}
 465 0002 0400     		movs	r4, r0
 466 0004 0D00     		movs	r5, r1
 467 0006 1600     		movs	r6, r2
 468              	.L78:
 469 0008 2368     		ldr	r3, [r4]
ARM GAS  C:\Users\fastr\AppData\Local\Temp\cce7iK0f.s 			page 9


 470 000a 9B69     		ldr	r3, [r3, #24]
 471 000c 9B07     		lsls	r3, r3, #30
 472 000e 20D4     		bmi	.L84
 473 0010 3200     		movs	r2, r6
 474 0012 2900     		movs	r1, r5
 475 0014 2000     		movs	r0, r4
 476 0016 FFF7FEFF 		bl	I2C_IsErrorOccurred
 477 001a 0028     		cmp	r0, #0
 478 001c 1BD1     		bne	.L81
 479 001e 6B1C     		adds	r3, r5, #1
 480 0020 F2D0     		beq	.L78
 481 0022 FFF7FEFF 		bl	HAL_GetTick
 482 0026 801B     		subs	r0, r0, r6
 483 0028 A842     		cmp	r0, r5
 484 002a 01D8     		bhi	.L79
 485 002c 002D     		cmp	r5, #0
 486 002e EBD1     		bne	.L78
 487              	.L79:
 488 0030 2368     		ldr	r3, [r4]
 489 0032 9B69     		ldr	r3, [r3, #24]
 490 0034 9B07     		lsls	r3, r3, #30
 491 0036 E7D4     		bmi	.L78
 492 0038 636C     		ldr	r3, [r4, #68]
 493 003a 2022     		movs	r2, #32
 494 003c 1343     		orrs	r3, r2
 495 003e 6364     		str	r3, [r4, #68]
 496 0040 4123     		movs	r3, #65
 497 0042 E254     		strb	r2, [r4, r3]
 498 0044 0023     		movs	r3, #0
 499 0046 2232     		adds	r2, r2, #34
 500 0048 A354     		strb	r3, [r4, r2]
 501 004a 023A     		subs	r2, r2, #2
 502 004c A354     		strb	r3, [r4, r2]
 503 004e 0120     		movs	r0, #1
 504 0050 00E0     		b	.L77
 505              	.L84:
 506 0052 0020     		movs	r0, #0
 507              	.L77:
 508              		@ sp needed
 509 0054 70BD     		pop	{r4, r5, r6, pc}
 510              	.L81:
 511 0056 0120     		movs	r0, #1
 512 0058 FCE7     		b	.L77
 514              		.section	.text.I2C_WaitOnFlagUntilTimeout,"ax",%progbits
 515              		.align	1
 516              		.syntax unified
 517              		.code	16
 518              		.thumb_func
 520              	I2C_WaitOnFlagUntilTimeout:
 521              		@ args = 4, pretend = 0, frame = 8
 522              		@ frame_needed = 0, uses_anonymous_args = 0
 523 0000 F0B5     		push	{r4, r5, r6, r7, lr}
 524 0002 C646     		mov	lr, r8
 525 0004 00B5     		push	{lr}
 526 0006 82B0     		sub	sp, sp, #8
 527 0008 0700     		movs	r7, r0
 528 000a 0C00     		movs	r4, r1
ARM GAS  C:\Users\fastr\AppData\Local\Temp\cce7iK0f.s 			page 10


 529 000c 1500     		movs	r5, r2
 530 000e 1E00     		movs	r6, r3
 531 0010 089B     		ldr	r3, [sp, #32]
 532 0012 9846     		mov	r8, r3
 533              	.L88:
 534 0014 3B68     		ldr	r3, [r7]
 535 0016 9B69     		ldr	r3, [r3, #24]
 536 0018 2340     		ands	r3, r4
 537 001a 1B1B     		subs	r3, r3, r4
 538 001c 5A42     		rsbs	r2, r3, #0
 539 001e 5341     		adcs	r3, r3, r2
 540 0020 0195     		str	r5, [sp, #4]
 541 0022 AB42     		cmp	r3, r5
 542 0024 26D1     		bne	.L93
 543 0026 4246     		mov	r2, r8
 544 0028 3100     		movs	r1, r6
 545 002a 3800     		movs	r0, r7
 546 002c FFF7FEFF 		bl	I2C_IsErrorOccurred
 547 0030 0028     		cmp	r0, #0
 548 0032 24D1     		bne	.L91
 549 0034 731C     		adds	r3, r6, #1
 550 0036 EDD0     		beq	.L88
 551 0038 FFF7FEFF 		bl	HAL_GetTick
 552 003c 4346     		mov	r3, r8
 553 003e C01A     		subs	r0, r0, r3
 554 0040 B042     		cmp	r0, r6
 555 0042 01D8     		bhi	.L89
 556 0044 002E     		cmp	r6, #0
 557 0046 E5D1     		bne	.L88
 558              	.L89:
 559 0048 3B68     		ldr	r3, [r7]
 560 004a 9B69     		ldr	r3, [r3, #24]
 561 004c 2340     		ands	r3, r4
 562 004e 1B1B     		subs	r3, r3, r4
 563 0050 5A42     		rsbs	r2, r3, #0
 564 0052 5341     		adcs	r3, r3, r2
 565 0054 019A     		ldr	r2, [sp, #4]
 566 0056 9342     		cmp	r3, r2
 567 0058 DCD1     		bne	.L88
 568 005a 7B6C     		ldr	r3, [r7, #68]
 569 005c 2022     		movs	r2, #32
 570 005e 1343     		orrs	r3, r2
 571 0060 7B64     		str	r3, [r7, #68]
 572 0062 4123     		movs	r3, #65
 573 0064 FA54     		strb	r2, [r7, r3]
 574 0066 0023     		movs	r3, #0
 575 0068 2232     		adds	r2, r2, #34
 576 006a BB54     		strb	r3, [r7, r2]
 577 006c 023A     		subs	r2, r2, #2
 578 006e BB54     		strb	r3, [r7, r2]
 579 0070 0120     		movs	r0, #1
 580 0072 00E0     		b	.L87
 581              	.L93:
 582 0074 0020     		movs	r0, #0
 583              	.L87:
 584 0076 02B0     		add	sp, sp, #8
 585              		@ sp needed
ARM GAS  C:\Users\fastr\AppData\Local\Temp\cce7iK0f.s 			page 11


 586 0078 80BC     		pop	{r7}
 587 007a B846     		mov	r8, r7
 588 007c F0BD     		pop	{r4, r5, r6, r7, pc}
 589              	.L91:
 590 007e 0120     		movs	r0, #1
 591 0080 F9E7     		b	.L87
 593              		.section	.text.I2C_RequestMemoryWrite,"ax",%progbits
 594              		.align	1
 595              		.syntax unified
 596              		.code	16
 597              		.thumb_func
 599              	I2C_RequestMemoryWrite:
 600              		@ args = 8, pretend = 0, frame = 0
 601              		@ frame_needed = 0, uses_anonymous_args = 0
 602 0000 70B5     		push	{r4, r5, r6, lr}
 603 0002 82B0     		sub	sp, sp, #8
 604 0004 0400     		movs	r4, r0
 605 0006 1600     		movs	r6, r2
 606 0008 1D00     		movs	r5, r3
 607 000a 8023     		movs	r3, #128
 608 000c EAB2     		uxtb	r2, r5
 609 000e 1A48     		ldr	r0, .L102
 610 0010 0090     		str	r0, [sp]
 611 0012 5B04     		lsls	r3, r3, #17
 612 0014 2000     		movs	r0, r4
 613 0016 FFF7FEFF 		bl	I2C_TransferConfig
 614 001a 079A     		ldr	r2, [sp, #28]
 615 001c 0699     		ldr	r1, [sp, #24]
 616 001e 2000     		movs	r0, r4
 617 0020 FFF7FEFF 		bl	I2C_WaitOnTXISFlagUntilTimeout
 618 0024 0028     		cmp	r0, #0
 619 0026 20D1     		bne	.L98
 620 0028 012D     		cmp	r5, #1
 621 002a 0FD1     		bne	.L96
 622 002c 2268     		ldr	r2, [r4]
 623 002e FF23     		movs	r3, #255
 624 0030 3340     		ands	r3, r6
 625 0032 9362     		str	r3, [r2, #40]
 626              	.L97:
 627 0034 079B     		ldr	r3, [sp, #28]
 628 0036 0093     		str	r3, [sp]
 629 0038 069B     		ldr	r3, [sp, #24]
 630 003a 0022     		movs	r2, #0
 631 003c 8021     		movs	r1, #128
 632 003e 2000     		movs	r0, r4
 633 0040 FFF7FEFF 		bl	I2C_WaitOnFlagUntilTimeout
 634 0044 0028     		cmp	r0, #0
 635 0046 14D1     		bne	.L101
 636              	.L95:
 637 0048 02B0     		add	sp, sp, #8
 638              		@ sp needed
 639 004a 70BD     		pop	{r4, r5, r6, pc}
 640              	.L96:
 641 004c 330A     		lsrs	r3, r6, #8
 642 004e 2268     		ldr	r2, [r4]
 643 0050 9362     		str	r3, [r2, #40]
 644 0052 079A     		ldr	r2, [sp, #28]
ARM GAS  C:\Users\fastr\AppData\Local\Temp\cce7iK0f.s 			page 12


 645 0054 0699     		ldr	r1, [sp, #24]
 646 0056 2000     		movs	r0, r4
 647 0058 FFF7FEFF 		bl	I2C_WaitOnTXISFlagUntilTimeout
 648 005c 0028     		cmp	r0, #0
 649 005e 06D1     		bne	.L99
 650 0060 2268     		ldr	r2, [r4]
 651 0062 FF23     		movs	r3, #255
 652 0064 3340     		ands	r3, r6
 653 0066 9362     		str	r3, [r2, #40]
 654 0068 E4E7     		b	.L97
 655              	.L98:
 656 006a 0120     		movs	r0, #1
 657 006c ECE7     		b	.L95
 658              	.L99:
 659 006e 0120     		movs	r0, #1
 660 0070 EAE7     		b	.L95
 661              	.L101:
 662 0072 0120     		movs	r0, #1
 663 0074 E8E7     		b	.L95
 664              	.L103:
 665 0076 C046     		.align	2
 666              	.L102:
 667 0078 00200080 		.word	-2147475456
 669              		.section	.text.I2C_RequestMemoryRead,"ax",%progbits
 670              		.align	1
 671              		.syntax unified
 672              		.code	16
 673              		.thumb_func
 675              	I2C_RequestMemoryRead:
 676              		@ args = 8, pretend = 0, frame = 0
 677              		@ frame_needed = 0, uses_anonymous_args = 0
 678 0000 70B5     		push	{r4, r5, r6, lr}
 679 0002 82B0     		sub	sp, sp, #8
 680 0004 0400     		movs	r4, r0
 681 0006 1600     		movs	r6, r2
 682 0008 1D00     		movs	r5, r3
 683 000a DAB2     		uxtb	r2, r3
 684 000c 194B     		ldr	r3, .L112
 685 000e 0093     		str	r3, [sp]
 686 0010 0023     		movs	r3, #0
 687 0012 FFF7FEFF 		bl	I2C_TransferConfig
 688 0016 079A     		ldr	r2, [sp, #28]
 689 0018 0699     		ldr	r1, [sp, #24]
 690 001a 2000     		movs	r0, r4
 691 001c FFF7FEFF 		bl	I2C_WaitOnTXISFlagUntilTimeout
 692 0020 0028     		cmp	r0, #0
 693 0022 20D1     		bne	.L108
 694 0024 012D     		cmp	r5, #1
 695 0026 0FD1     		bne	.L106
 696 0028 2268     		ldr	r2, [r4]
 697 002a FF23     		movs	r3, #255
 698 002c 3340     		ands	r3, r6
 699 002e 9362     		str	r3, [r2, #40]
 700              	.L107:
 701 0030 079B     		ldr	r3, [sp, #28]
 702 0032 0093     		str	r3, [sp]
 703 0034 069B     		ldr	r3, [sp, #24]
ARM GAS  C:\Users\fastr\AppData\Local\Temp\cce7iK0f.s 			page 13


 704 0036 0022     		movs	r2, #0
 705 0038 4021     		movs	r1, #64
 706 003a 2000     		movs	r0, r4
 707 003c FFF7FEFF 		bl	I2C_WaitOnFlagUntilTimeout
 708 0040 0028     		cmp	r0, #0
 709 0042 14D1     		bne	.L111
 710              	.L105:
 711 0044 02B0     		add	sp, sp, #8
 712              		@ sp needed
 713 0046 70BD     		pop	{r4, r5, r6, pc}
 714              	.L106:
 715 0048 330A     		lsrs	r3, r6, #8
 716 004a 2268     		ldr	r2, [r4]
 717 004c 9362     		str	r3, [r2, #40]
 718 004e 079A     		ldr	r2, [sp, #28]
 719 0050 0699     		ldr	r1, [sp, #24]
 720 0052 2000     		movs	r0, r4
 721 0054 FFF7FEFF 		bl	I2C_WaitOnTXISFlagUntilTimeout
 722 0058 0028     		cmp	r0, #0
 723 005a 06D1     		bne	.L109
 724 005c 2268     		ldr	r2, [r4]
 725 005e FF23     		movs	r3, #255
 726 0060 3340     		ands	r3, r6
 727 0062 9362     		str	r3, [r2, #40]
 728 0064 E4E7     		b	.L107
 729              	.L108:
 730 0066 0120     		movs	r0, #1
 731 0068 ECE7     		b	.L105
 732              	.L109:
 733 006a 0120     		movs	r0, #1
 734 006c EAE7     		b	.L105
 735              	.L111:
 736 006e 0120     		movs	r0, #1
 737 0070 E8E7     		b	.L105
 738              	.L113:
 739 0072 C046     		.align	2
 740              	.L112:
 741 0074 00200080 		.word	-2147475456
 743              		.section	.text.I2C_WaitOnSTOPFlagUntilTimeout,"ax",%progbits
 744              		.align	1
 745              		.syntax unified
 746              		.code	16
 747              		.thumb_func
 749              	I2C_WaitOnSTOPFlagUntilTimeout:
 750              		@ args = 0, pretend = 0, frame = 0
 751              		@ frame_needed = 0, uses_anonymous_args = 0
 752 0000 70B5     		push	{r4, r5, r6, lr}
 753 0002 0400     		movs	r4, r0
 754 0004 0D00     		movs	r5, r1
 755 0006 1600     		movs	r6, r2
 756 0008 03E0     		b	.L115
 757              	.L117:
 758 000a 2368     		ldr	r3, [r4]
 759 000c 9B69     		ldr	r3, [r3, #24]
 760 000e 9B06     		lsls	r3, r3, #26
 761 0010 12D5     		bpl	.L121
 762              	.L115:
ARM GAS  C:\Users\fastr\AppData\Local\Temp\cce7iK0f.s 			page 14


 763 0012 2368     		ldr	r3, [r4]
 764 0014 9B69     		ldr	r3, [r3, #24]
 765 0016 9B06     		lsls	r3, r3, #26
 766 0018 1BD4     		bmi	.L122
 767 001a 3200     		movs	r2, r6
 768 001c 2900     		movs	r1, r5
 769 001e 2000     		movs	r0, r4
 770 0020 FFF7FEFF 		bl	I2C_IsErrorOccurred
 771 0024 0028     		cmp	r0, #0
 772 0026 16D1     		bne	.L119
 773 0028 FFF7FEFF 		bl	HAL_GetTick
 774 002c 801B     		subs	r0, r0, r6
 775 002e A842     		cmp	r0, r5
 776 0030 EBD8     		bhi	.L117
 777 0032 002D     		cmp	r5, #0
 778 0034 EDD1     		bne	.L115
 779 0036 E8E7     		b	.L117
 780              	.L121:
 781 0038 636C     		ldr	r3, [r4, #68]
 782 003a 2022     		movs	r2, #32
 783 003c 1343     		orrs	r3, r2
 784 003e 6364     		str	r3, [r4, #68]
 785 0040 4123     		movs	r3, #65
 786 0042 E254     		strb	r2, [r4, r3]
 787 0044 0023     		movs	r3, #0
 788 0046 2232     		adds	r2, r2, #34
 789 0048 A354     		strb	r3, [r4, r2]
 790 004a 023A     		subs	r2, r2, #2
 791 004c A354     		strb	r3, [r4, r2]
 792 004e 0120     		movs	r0, #1
 793 0050 00E0     		b	.L116
 794              	.L122:
 795 0052 0020     		movs	r0, #0
 796              	.L116:
 797              		@ sp needed
 798 0054 70BD     		pop	{r4, r5, r6, pc}
 799              	.L119:
 800 0056 0120     		movs	r0, #1
 801 0058 FCE7     		b	.L116
 803              		.section	.text.I2C_WaitOnRXNEFlagUntilTimeout,"ax",%progbits
 804              		.align	1
 805              		.syntax unified
 806              		.code	16
 807              		.thumb_func
 809              	I2C_WaitOnRXNEFlagUntilTimeout:
 810              		@ args = 0, pretend = 0, frame = 0
 811              		@ frame_needed = 0, uses_anonymous_args = 0
 812 0000 F8B5     		push	{r3, r4, r5, r6, r7, lr}
 813 0002 0400     		movs	r4, r0
 814 0004 0E00     		movs	r6, r1
 815 0006 1700     		movs	r7, r2
 816 0008 0025     		movs	r5, #0
 817 000a 18E0     		b	.L124
 818              	.L127:
 819 000c 0023     		movs	r3, #0
 820 000e 6364     		str	r3, [r4, #68]
 821              	.L126:
ARM GAS  C:\Users\fastr\AppData\Local\Temp\cce7iK0f.s 			page 15


 822 0010 FFF7FEFF 		bl	HAL_GetTick
 823 0014 C01B     		subs	r0, r0, r7
 824 0016 B042     		cmp	r0, r6
 825 0018 01D8     		bhi	.L128
 826 001a 002E     		cmp	r6, #0
 827 001c 0FD1     		bne	.L124
 828              	.L128:
 829 001e 002D     		cmp	r5, #0
 830 0020 0DD1     		bne	.L124
 831 0022 2368     		ldr	r3, [r4]
 832 0024 9B69     		ldr	r3, [r3, #24]
 833 0026 5B07     		lsls	r3, r3, #29
 834 0028 09D4     		bmi	.L124
 835 002a 636C     		ldr	r3, [r4, #68]
 836 002c 2022     		movs	r2, #32
 837 002e 1343     		orrs	r3, r2
 838 0030 6364     		str	r3, [r4, #68]
 839 0032 4123     		movs	r3, #65
 840 0034 E254     		strb	r2, [r4, r3]
 841 0036 013B     		subs	r3, r3, #1
 842 0038 0022     		movs	r2, #0
 843 003a E254     		strb	r2, [r4, r3]
 844 003c 0135     		adds	r5, r5, #1
 845              	.L124:
 846 003e 2368     		ldr	r3, [r4]
 847 0040 9B69     		ldr	r3, [r3, #24]
 848 0042 5B07     		lsls	r3, r3, #29
 849 0044 28D4     		bmi	.L130
 850 0046 002D     		cmp	r5, #0
 851 0048 26D1     		bne	.L130
 852 004a 3A00     		movs	r2, r7
 853 004c 3100     		movs	r1, r6
 854 004e 2000     		movs	r0, r4
 855 0050 FFF7FEFF 		bl	I2C_IsErrorOccurred
 856 0054 0028     		cmp	r0, #0
 857 0056 00D0     		beq	.L125
 858 0058 0125     		movs	r5, #1
 859              	.L125:
 860 005a 2268     		ldr	r2, [r4]
 861 005c 9369     		ldr	r3, [r2, #24]
 862 005e 9B06     		lsls	r3, r3, #26
 863 0060 D6D5     		bpl	.L126
 864 0062 002D     		cmp	r5, #0
 865 0064 D4D1     		bne	.L126
 866 0066 9369     		ldr	r3, [r2, #24]
 867 0068 9369     		ldr	r3, [r2, #24]
 868 006a DB06     		lsls	r3, r3, #27
 869 006c CED5     		bpl	.L127
 870 006e 1023     		movs	r3, #16
 871 0070 D361     		str	r3, [r2, #28]
 872 0072 0C3B     		subs	r3, r3, #12
 873 0074 6364     		str	r3, [r4, #68]
 874 0076 2368     		ldr	r3, [r4]
 875 0078 2022     		movs	r2, #32
 876 007a DA61     		str	r2, [r3, #28]
 877 007c 2168     		ldr	r1, [r4]
 878 007e 4B68     		ldr	r3, [r1, #4]
ARM GAS  C:\Users\fastr\AppData\Local\Temp\cce7iK0f.s 			page 16


 879 0080 0648     		ldr	r0, .L136
 880 0082 0340     		ands	r3, r0
 881 0084 4B60     		str	r3, [r1, #4]
 882 0086 4123     		movs	r3, #65
 883 0088 E254     		strb	r2, [r4, r3]
 884 008a 0023     		movs	r3, #0
 885 008c 2232     		adds	r2, r2, #34
 886 008e A354     		strb	r3, [r4, r2]
 887 0090 023A     		subs	r2, r2, #2
 888 0092 A354     		strb	r3, [r4, r2]
 889 0094 0135     		adds	r5, r5, #1
 890 0096 BBE7     		b	.L126
 891              	.L130:
 892 0098 2800     		movs	r0, r5
 893              		@ sp needed
 894 009a F8BD     		pop	{r3, r4, r5, r6, r7, pc}
 895              	.L137:
 896              		.align	2
 897              	.L136:
 898 009c 00E800FE 		.word	-33495040
 900              		.section	.text.HAL_I2C_MspInit,"ax",%progbits
 901              		.align	1
 902              		.weak	HAL_I2C_MspInit
 903              		.syntax unified
 904              		.code	16
 905              		.thumb_func
 907              	HAL_I2C_MspInit:
 908              		@ args = 0, pretend = 0, frame = 0
 909              		@ frame_needed = 0, uses_anonymous_args = 0
 910              		@ link register save eliminated.
 911              		@ sp needed
 912 0000 7047     		bx	lr
 914              		.section	.text.HAL_I2C_Init,"ax",%progbits
 915              		.align	1
 916              		.global	HAL_I2C_Init
 917              		.syntax unified
 918              		.code	16
 919              		.thumb_func
 921              	HAL_I2C_Init:
 922              		@ args = 0, pretend = 0, frame = 0
 923              		@ frame_needed = 0, uses_anonymous_args = 0
 924 0000 10B5     		push	{r4, lr}
 925 0002 041E     		subs	r4, r0, #0
 926 0004 60D0     		beq	.L146
 927 0006 4123     		movs	r3, #65
 928 0008 C35C     		ldrb	r3, [r0, r3]
 929 000a 002B     		cmp	r3, #0
 930 000c 48D0     		beq	.L147
 931              	.L141:
 932 000e 4123     		movs	r3, #65
 933 0010 2422     		movs	r2, #36
 934 0012 E254     		strb	r2, [r4, r3]
 935 0014 2268     		ldr	r2, [r4]
 936 0016 1368     		ldr	r3, [r2]
 937 0018 0121     		movs	r1, #1
 938 001a 8B43     		bics	r3, r1
 939 001c 1360     		str	r3, [r2]
ARM GAS  C:\Users\fastr\AppData\Local\Temp\cce7iK0f.s 			page 17


 940 001e 6368     		ldr	r3, [r4, #4]
 941 0020 2268     		ldr	r2, [r4]
 942 0022 2A49     		ldr	r1, .L150
 943 0024 0B40     		ands	r3, r1
 944 0026 1361     		str	r3, [r2, #16]
 945 0028 2268     		ldr	r2, [r4]
 946 002a 9368     		ldr	r3, [r2, #8]
 947 002c 2849     		ldr	r1, .L150+4
 948 002e 0B40     		ands	r3, r1
 949 0030 9360     		str	r3, [r2, #8]
 950 0032 E368     		ldr	r3, [r4, #12]
 951 0034 012B     		cmp	r3, #1
 952 0036 39D0     		beq	.L148
 953 0038 A168     		ldr	r1, [r4, #8]
 954 003a 2268     		ldr	r2, [r4]
 955 003c 8423     		movs	r3, #132
 956 003e 1B02     		lsls	r3, r3, #8
 957 0040 0B43     		orrs	r3, r1
 958 0042 9360     		str	r3, [r2, #8]
 959              	.L143:
 960 0044 E368     		ldr	r3, [r4, #12]
 961 0046 022B     		cmp	r3, #2
 962 0048 37D0     		beq	.L149
 963 004a 2268     		ldr	r2, [r4]
 964 004c 5368     		ldr	r3, [r2, #4]
 965 004e 2149     		ldr	r1, .L150+8
 966 0050 0B40     		ands	r3, r1
 967 0052 5360     		str	r3, [r2, #4]
 968              	.L145:
 969 0054 2268     		ldr	r2, [r4]
 970 0056 5168     		ldr	r1, [r2, #4]
 971 0058 1F4B     		ldr	r3, .L150+12
 972 005a 0B43     		orrs	r3, r1
 973 005c 5360     		str	r3, [r2, #4]
 974 005e 2268     		ldr	r2, [r4]
 975 0060 D368     		ldr	r3, [r2, #12]
 976 0062 1B49     		ldr	r1, .L150+4
 977 0064 0B40     		ands	r3, r1
 978 0066 D360     		str	r3, [r2, #12]
 979 0068 2369     		ldr	r3, [r4, #16]
 980 006a 6269     		ldr	r2, [r4, #20]
 981 006c 1343     		orrs	r3, r2
 982 006e A269     		ldr	r2, [r4, #24]
 983 0070 1202     		lsls	r2, r2, #8
 984 0072 2168     		ldr	r1, [r4]
 985 0074 1343     		orrs	r3, r2
 986 0076 CB60     		str	r3, [r1, #12]
 987 0078 E369     		ldr	r3, [r4, #28]
 988 007a 216A     		ldr	r1, [r4, #32]
 989 007c 2268     		ldr	r2, [r4]
 990 007e 0B43     		orrs	r3, r1
 991 0080 1360     		str	r3, [r2]
 992 0082 2268     		ldr	r2, [r4]
 993 0084 1368     		ldr	r3, [r2]
 994 0086 0121     		movs	r1, #1
 995 0088 0B43     		orrs	r3, r1
 996 008a 1360     		str	r3, [r2]
ARM GAS  C:\Users\fastr\AppData\Local\Temp\cce7iK0f.s 			page 18


 997 008c 0023     		movs	r3, #0
 998 008e 6364     		str	r3, [r4, #68]
 999 0090 4122     		movs	r2, #65
 1000 0092 1F31     		adds	r1, r1, #31
 1001 0094 A154     		strb	r1, [r4, r2]
 1002 0096 2363     		str	r3, [r4, #48]
 1003 0098 0132     		adds	r2, r2, #1
 1004 009a A354     		strb	r3, [r4, r2]
 1005 009c 0020     		movs	r0, #0
 1006              	.L140:
 1007              		@ sp needed
 1008 009e 10BD     		pop	{r4, pc}
 1009              	.L147:
 1010 00a0 4033     		adds	r3, r3, #64
 1011 00a2 0022     		movs	r2, #0
 1012 00a4 C254     		strb	r2, [r0, r3]
 1013 00a6 FFF7FEFF 		bl	HAL_I2C_MspInit
 1014 00aa B0E7     		b	.L141
 1015              	.L148:
 1016 00ac A168     		ldr	r1, [r4, #8]
 1017 00ae 2268     		ldr	r2, [r4]
 1018 00b0 8023     		movs	r3, #128
 1019 00b2 1B02     		lsls	r3, r3, #8
 1020 00b4 0B43     		orrs	r3, r1
 1021 00b6 9360     		str	r3, [r2, #8]
 1022 00b8 C4E7     		b	.L143
 1023              	.L149:
 1024 00ba 2268     		ldr	r2, [r4]
 1025 00bc 5168     		ldr	r1, [r2, #4]
 1026 00be 8023     		movs	r3, #128
 1027 00c0 1B01     		lsls	r3, r3, #4
 1028 00c2 0B43     		orrs	r3, r1
 1029 00c4 5360     		str	r3, [r2, #4]
 1030 00c6 C5E7     		b	.L145
 1031              	.L146:
 1032 00c8 0120     		movs	r0, #1
 1033 00ca E8E7     		b	.L140
 1034              	.L151:
 1035              		.align	2
 1036              	.L150:
 1037 00cc FFFFFFF0 		.word	-251658241
 1038 00d0 FF7FFFFF 		.word	-32769
 1039 00d4 FFF7FFFF 		.word	-2049
 1040 00d8 00800002 		.word	33587200
 1042              		.section	.text.HAL_I2C_MspDeInit,"ax",%progbits
 1043              		.align	1
 1044              		.weak	HAL_I2C_MspDeInit
 1045              		.syntax unified
 1046              		.code	16
 1047              		.thumb_func
 1049              	HAL_I2C_MspDeInit:
 1050              		@ args = 0, pretend = 0, frame = 0
 1051              		@ frame_needed = 0, uses_anonymous_args = 0
 1052              		@ link register save eliminated.
 1053              		@ sp needed
 1054 0000 7047     		bx	lr
 1056              		.section	.text.HAL_I2C_DeInit,"ax",%progbits
ARM GAS  C:\Users\fastr\AppData\Local\Temp\cce7iK0f.s 			page 19


 1057              		.align	1
 1058              		.global	HAL_I2C_DeInit
 1059              		.syntax unified
 1060              		.code	16
 1061              		.thumb_func
 1063              	HAL_I2C_DeInit:
 1064              		@ args = 0, pretend = 0, frame = 0
 1065              		@ frame_needed = 0, uses_anonymous_args = 0
 1066 0000 70B5     		push	{r4, r5, r6, lr}
 1067 0002 041E     		subs	r4, r0, #0
 1068 0004 13D0     		beq	.L155
 1069 0006 2423     		movs	r3, #36
 1070 0008 4125     		movs	r5, #65
 1071 000a 4355     		strb	r3, [r0, r5]
 1072 000c 0268     		ldr	r2, [r0]
 1073 000e 1368     		ldr	r3, [r2]
 1074 0010 0121     		movs	r1, #1
 1075 0012 8B43     		bics	r3, r1
 1076 0014 1360     		str	r3, [r2]
 1077 0016 FFF7FEFF 		bl	HAL_I2C_MspDeInit
 1078 001a 0023     		movs	r3, #0
 1079 001c 6364     		str	r3, [r4, #68]
 1080 001e 6355     		strb	r3, [r4, r5]
 1081 0020 2363     		str	r3, [r4, #48]
 1082 0022 4222     		movs	r2, #66
 1083 0024 A354     		strb	r3, [r4, r2]
 1084 0026 023A     		subs	r2, r2, #2
 1085 0028 A354     		strb	r3, [r4, r2]
 1086 002a 0020     		movs	r0, #0
 1087              	.L154:
 1088              		@ sp needed
 1089 002c 70BD     		pop	{r4, r5, r6, pc}
 1090              	.L155:
 1091 002e 0120     		movs	r0, #1
 1092 0030 FCE7     		b	.L154
 1094              		.section	.text.HAL_I2C_Master_Transmit,"ax",%progbits
 1095              		.align	1
 1096              		.global	HAL_I2C_Master_Transmit
 1097              		.syntax unified
 1098              		.code	16
 1099              		.thumb_func
 1101              	HAL_I2C_Master_Transmit:
 1102              		@ args = 4, pretend = 0, frame = 0
 1103              		@ frame_needed = 0, uses_anonymous_args = 0
 1104 0000 F0B5     		push	{r4, r5, r6, r7, lr}
 1105 0002 C646     		mov	lr, r8
 1106 0004 00B5     		push	{lr}
 1107 0006 82B0     		sub	sp, sp, #8
 1108 0008 0400     		movs	r4, r0
 1109 000a 8846     		mov	r8, r1
 1110 000c 1600     		movs	r6, r2
 1111 000e 1F00     		movs	r7, r3
 1112 0010 4123     		movs	r3, #65
 1113 0012 C35C     		ldrb	r3, [r0, r3]
 1114 0014 202B     		cmp	r3, #32
 1115 0016 00D0     		beq	.LCB1307
 1116 0018 A8E0     		b	.L166	@long jump
ARM GAS  C:\Users\fastr\AppData\Local\Temp\cce7iK0f.s 			page 20


 1117              	.LCB1307:
 1118 001a 2033     		adds	r3, r3, #32
 1119 001c C35C     		ldrb	r3, [r0, r3]
 1120 001e 012B     		cmp	r3, #1
 1121 0020 00D1     		bne	.LCB1311
 1122 0022 A8E0     		b	.L167	@long jump
 1123              	.LCB1311:
 1124 0024 4023     		movs	r3, #64
 1125 0026 0122     		movs	r2, #1
 1126 0028 C254     		strb	r2, [r0, r3]
 1127 002a FFF7FEFF 		bl	HAL_GetTick
 1128 002e 0500     		movs	r5, r0
 1129 0030 8021     		movs	r1, #128
 1130 0032 0090     		str	r0, [sp]
 1131 0034 1923     		movs	r3, #25
 1132 0036 0122     		movs	r2, #1
 1133 0038 0902     		lsls	r1, r1, #8
 1134 003a 2000     		movs	r0, r4
 1135 003c FFF7FEFF 		bl	I2C_WaitOnFlagUntilTimeout
 1136 0040 0028     		cmp	r0, #0
 1137 0042 00D0     		beq	.LCB1326
 1138 0044 99E0     		b	.L168	@long jump
 1139              	.LCB1326:
 1140 0046 4123     		movs	r3, #65
 1141 0048 2122     		movs	r2, #33
 1142 004a E254     		strb	r2, [r4, r3]
 1143 004c 0133     		adds	r3, r3, #1
 1144 004e 113A     		subs	r2, r2, #17
 1145 0050 E254     		strb	r2, [r4, r3]
 1146 0052 0023     		movs	r3, #0
 1147 0054 6364     		str	r3, [r4, #68]
 1148 0056 6662     		str	r6, [r4, #36]
 1149 0058 6785     		strh	r7, [r4, #42]
 1150 005a 6363     		str	r3, [r4, #52]
 1151 005c 638D     		ldrh	r3, [r4, #42]
 1152 005e FF2B     		cmp	r3, #255
 1153 0060 1ED9     		bls	.L158
 1154 0062 FF23     		movs	r3, #255
 1155 0064 2385     		strh	r3, [r4, #40]
 1156 0066 8023     		movs	r3, #128
 1157 0068 5B04     		lsls	r3, r3, #17
 1158              	.L159:
 1159 006a 228D     		ldrh	r2, [r4, #40]
 1160 006c 002A     		cmp	r2, #0
 1161 006e 1CD0     		beq	.L160
 1162 0070 2268     		ldr	r2, [r4]
 1163 0072 3178     		ldrb	r1, [r6]
 1164 0074 9162     		str	r1, [r2, #40]
 1165 0076 626A     		ldr	r2, [r4, #36]
 1166 0078 0132     		adds	r2, r2, #1
 1167 007a 6262     		str	r2, [r4, #36]
 1168 007c 628D     		ldrh	r2, [r4, #42]
 1169 007e 013A     		subs	r2, r2, #1
 1170 0080 92B2     		uxth	r2, r2
 1171 0082 6285     		strh	r2, [r4, #42]
 1172 0084 228D     		ldrh	r2, [r4, #40]
 1173 0086 013A     		subs	r2, r2, #1
ARM GAS  C:\Users\fastr\AppData\Local\Temp\cce7iK0f.s 			page 21


 1174 0088 92B2     		uxth	r2, r2
 1175 008a 2285     		strh	r2, [r4, #40]
 1176 008c D2B2     		uxtb	r2, r2
 1177 008e 0132     		adds	r2, r2, #1
 1178 0090 D2B2     		uxtb	r2, r2
 1179 0092 3E49     		ldr	r1, .L173
 1180 0094 0091     		str	r1, [sp]
 1181 0096 4146     		mov	r1, r8
 1182 0098 2000     		movs	r0, r4
 1183 009a FFF7FEFF 		bl	I2C_TransferConfig
 1184 009e 18E0     		b	.L164
 1185              	.L158:
 1186 00a0 638D     		ldrh	r3, [r4, #42]
 1187 00a2 2385     		strh	r3, [r4, #40]
 1188 00a4 8023     		movs	r3, #128
 1189 00a6 9B04     		lsls	r3, r3, #18
 1190 00a8 DFE7     		b	.L159
 1191              	.L160:
 1192 00aa D2B2     		uxtb	r2, r2
 1193 00ac 3749     		ldr	r1, .L173
 1194 00ae 0091     		str	r1, [sp]
 1195 00b0 4146     		mov	r1, r8
 1196 00b2 2000     		movs	r0, r4
 1197 00b4 FFF7FEFF 		bl	I2C_TransferConfig
 1198 00b8 0BE0     		b	.L164
 1199              	.L163:
 1200 00ba 628D     		ldrh	r2, [r4, #42]
 1201 00bc 92B2     		uxth	r2, r2
 1202 00be 2285     		strh	r2, [r4, #40]
 1203 00c0 8023     		movs	r3, #128
 1204 00c2 D2B2     		uxtb	r2, r2
 1205 00c4 0021     		movs	r1, #0
 1206 00c6 0091     		str	r1, [sp]
 1207 00c8 9B04     		lsls	r3, r3, #18
 1208 00ca 4146     		mov	r1, r8
 1209 00cc 2000     		movs	r0, r4
 1210 00ce FFF7FEFF 		bl	I2C_TransferConfig
 1211              	.L164:
 1212 00d2 638D     		ldrh	r3, [r4, #42]
 1213 00d4 002B     		cmp	r3, #0
 1214 00d6 32D0     		beq	.L172
 1215 00d8 2A00     		movs	r2, r5
 1216 00da 0899     		ldr	r1, [sp, #32]
 1217 00dc 2000     		movs	r0, r4
 1218 00de FFF7FEFF 		bl	I2C_WaitOnTXISFlagUntilTimeout
 1219 00e2 0028     		cmp	r0, #0
 1220 00e4 4BD1     		bne	.L169
 1221 00e6 626A     		ldr	r2, [r4, #36]
 1222 00e8 2368     		ldr	r3, [r4]
 1223 00ea 1278     		ldrb	r2, [r2]
 1224 00ec 9A62     		str	r2, [r3, #40]
 1225 00ee 636A     		ldr	r3, [r4, #36]
 1226 00f0 0133     		adds	r3, r3, #1
 1227 00f2 6362     		str	r3, [r4, #36]
 1228 00f4 638D     		ldrh	r3, [r4, #42]
 1229 00f6 013B     		subs	r3, r3, #1
 1230 00f8 9BB2     		uxth	r3, r3
ARM GAS  C:\Users\fastr\AppData\Local\Temp\cce7iK0f.s 			page 22


 1231 00fa 6385     		strh	r3, [r4, #42]
 1232 00fc 238D     		ldrh	r3, [r4, #40]
 1233 00fe 013B     		subs	r3, r3, #1
 1234 0100 9BB2     		uxth	r3, r3
 1235 0102 2385     		strh	r3, [r4, #40]
 1236 0104 628D     		ldrh	r2, [r4, #42]
 1237 0106 002A     		cmp	r2, #0
 1238 0108 E3D0     		beq	.L164
 1239 010a 002B     		cmp	r3, #0
 1240 010c E1D1     		bne	.L164
 1241 010e 0095     		str	r5, [sp]
 1242 0110 089B     		ldr	r3, [sp, #32]
 1243 0112 0022     		movs	r2, #0
 1244 0114 8021     		movs	r1, #128
 1245 0116 2000     		movs	r0, r4
 1246 0118 FFF7FEFF 		bl	I2C_WaitOnFlagUntilTimeout
 1247 011c 0028     		cmp	r0, #0
 1248 011e 30D1     		bne	.L170
 1249 0120 638D     		ldrh	r3, [r4, #42]
 1250 0122 FF2B     		cmp	r3, #255
 1251 0124 C9D9     		bls	.L163
 1252 0126 FF23     		movs	r3, #255
 1253 0128 2385     		strh	r3, [r4, #40]
 1254 012a 7F3B     		subs	r3, r3, #127
 1255 012c 0022     		movs	r2, #0
 1256 012e 0092     		str	r2, [sp]
 1257 0130 5B04     		lsls	r3, r3, #17
 1258 0132 FF32     		adds	r2, r2, #255
 1259 0134 4146     		mov	r1, r8
 1260 0136 2000     		movs	r0, r4
 1261 0138 FFF7FEFF 		bl	I2C_TransferConfig
 1262 013c C9E7     		b	.L164
 1263              	.L172:
 1264 013e 2A00     		movs	r2, r5
 1265 0140 0899     		ldr	r1, [sp, #32]
 1266 0142 2000     		movs	r0, r4
 1267 0144 FFF7FEFF 		bl	I2C_WaitOnSTOPFlagUntilTimeout
 1268 0148 0028     		cmp	r0, #0
 1269 014a 1CD1     		bne	.L171
 1270 014c 2368     		ldr	r3, [r4]
 1271 014e 2022     		movs	r2, #32
 1272 0150 DA61     		str	r2, [r3, #28]
 1273 0152 2168     		ldr	r1, [r4]
 1274 0154 4B68     		ldr	r3, [r1, #4]
 1275 0156 0E4D     		ldr	r5, .L173+4
 1276 0158 2B40     		ands	r3, r5
 1277 015a 4B60     		str	r3, [r1, #4]
 1278 015c 4123     		movs	r3, #65
 1279 015e E254     		strb	r2, [r4, r3]
 1280 0160 0023     		movs	r3, #0
 1281 0162 2232     		adds	r2, r2, #34
 1282 0164 A354     		strb	r3, [r4, r2]
 1283 0166 023A     		subs	r2, r2, #2
 1284 0168 A354     		strb	r3, [r4, r2]
 1285 016a 00E0     		b	.L157
 1286              	.L166:
 1287 016c 0220     		movs	r0, #2
ARM GAS  C:\Users\fastr\AppData\Local\Temp\cce7iK0f.s 			page 23


 1288              	.L157:
 1289 016e 02B0     		add	sp, sp, #8
 1290              		@ sp needed
 1291 0170 80BC     		pop	{r7}
 1292 0172 B846     		mov	r8, r7
 1293 0174 F0BD     		pop	{r4, r5, r6, r7, pc}
 1294              	.L167:
 1295 0176 0220     		movs	r0, #2
 1296 0178 F9E7     		b	.L157
 1297              	.L168:
 1298 017a 0120     		movs	r0, #1
 1299 017c F7E7     		b	.L157
 1300              	.L169:
 1301 017e 0120     		movs	r0, #1
 1302 0180 F5E7     		b	.L157
 1303              	.L170:
 1304 0182 0120     		movs	r0, #1
 1305 0184 F3E7     		b	.L157
 1306              	.L171:
 1307 0186 0120     		movs	r0, #1
 1308 0188 F1E7     		b	.L157
 1309              	.L174:
 1310 018a C046     		.align	2
 1311              	.L173:
 1312 018c 00200080 		.word	-2147475456
 1313 0190 00E800FE 		.word	-33495040
 1315              		.section	.text.HAL_I2C_Master_Receive,"ax",%progbits
 1316              		.align	1
 1317              		.global	HAL_I2C_Master_Receive
 1318              		.syntax unified
 1319              		.code	16
 1320              		.thumb_func
 1322              	HAL_I2C_Master_Receive:
 1323              		@ args = 4, pretend = 0, frame = 0
 1324              		@ frame_needed = 0, uses_anonymous_args = 0
 1325 0000 F0B5     		push	{r4, r5, r6, r7, lr}
 1326 0002 C646     		mov	lr, r8
 1327 0004 00B5     		push	{lr}
 1328 0006 82B0     		sub	sp, sp, #8
 1329 0008 0400     		movs	r4, r0
 1330 000a 8846     		mov	r8, r1
 1331 000c 1600     		movs	r6, r2
 1332 000e 1F00     		movs	r7, r3
 1333 0010 4123     		movs	r3, #65
 1334 0012 C35C     		ldrb	r3, [r0, r3]
 1335 0014 202B     		cmp	r3, #32
 1336 0016 00D0     		beq	.LCB1563
 1337 0018 95E0     		b	.L183	@long jump
 1338              	.LCB1563:
 1339 001a 2033     		adds	r3, r3, #32
 1340 001c C35C     		ldrb	r3, [r0, r3]
 1341 001e 012B     		cmp	r3, #1
 1342 0020 00D1     		bne	.LCB1567
 1343 0022 95E0     		b	.L184	@long jump
 1344              	.LCB1567:
 1345 0024 4023     		movs	r3, #64
 1346 0026 0122     		movs	r2, #1
ARM GAS  C:\Users\fastr\AppData\Local\Temp\cce7iK0f.s 			page 24


 1347 0028 C254     		strb	r2, [r0, r3]
 1348 002a FFF7FEFF 		bl	HAL_GetTick
 1349 002e 0500     		movs	r5, r0
 1350 0030 8021     		movs	r1, #128
 1351 0032 0090     		str	r0, [sp]
 1352 0034 1923     		movs	r3, #25
 1353 0036 0122     		movs	r2, #1
 1354 0038 0902     		lsls	r1, r1, #8
 1355 003a 2000     		movs	r0, r4
 1356 003c FFF7FEFF 		bl	I2C_WaitOnFlagUntilTimeout
 1357 0040 0028     		cmp	r0, #0
 1358 0042 00D0     		beq	.LCB1582
 1359 0044 86E0     		b	.L185	@long jump
 1360              	.LCB1582:
 1361 0046 4123     		movs	r3, #65
 1362 0048 2222     		movs	r2, #34
 1363 004a E254     		strb	r2, [r4, r3]
 1364 004c 0133     		adds	r3, r3, #1
 1365 004e 123A     		subs	r2, r2, #18
 1366 0050 E254     		strb	r2, [r4, r3]
 1367 0052 0023     		movs	r3, #0
 1368 0054 6364     		str	r3, [r4, #68]
 1369 0056 6662     		str	r6, [r4, #36]
 1370 0058 6785     		strh	r7, [r4, #42]
 1371 005a 6363     		str	r3, [r4, #52]
 1372 005c 638D     		ldrh	r3, [r4, #42]
 1373 005e FF2B     		cmp	r3, #255
 1374 0060 0BD9     		bls	.L177
 1375 0062 0123     		movs	r3, #1
 1376 0064 2385     		strh	r3, [r4, #40]
 1377 0066 7F33     		adds	r3, r3, #127
 1378 0068 3E4A     		ldr	r2, .L190
 1379 006a 0092     		str	r2, [sp]
 1380 006c 5B04     		lsls	r3, r3, #17
 1381 006e 0122     		movs	r2, #1
 1382 0070 4146     		mov	r1, r8
 1383 0072 2000     		movs	r0, r4
 1384 0074 FFF7FEFF 		bl	I2C_TransferConfig
 1385 0078 18E0     		b	.L181
 1386              	.L177:
 1387 007a 628D     		ldrh	r2, [r4, #42]
 1388 007c 92B2     		uxth	r2, r2
 1389 007e 2285     		strh	r2, [r4, #40]
 1390 0080 8023     		movs	r3, #128
 1391 0082 D2B2     		uxtb	r2, r2
 1392 0084 3749     		ldr	r1, .L190
 1393 0086 0091     		str	r1, [sp]
 1394 0088 9B04     		lsls	r3, r3, #18
 1395 008a 4146     		mov	r1, r8
 1396 008c 2000     		movs	r0, r4
 1397 008e FFF7FEFF 		bl	I2C_TransferConfig
 1398 0092 0BE0     		b	.L181
 1399              	.L180:
 1400 0094 628D     		ldrh	r2, [r4, #42]
 1401 0096 92B2     		uxth	r2, r2
 1402 0098 2285     		strh	r2, [r4, #40]
 1403 009a 8023     		movs	r3, #128
ARM GAS  C:\Users\fastr\AppData\Local\Temp\cce7iK0f.s 			page 25


 1404 009c D2B2     		uxtb	r2, r2
 1405 009e 0021     		movs	r1, #0
 1406 00a0 0091     		str	r1, [sp]
 1407 00a2 9B04     		lsls	r3, r3, #18
 1408 00a4 4146     		mov	r1, r8
 1409 00a6 2000     		movs	r0, r4
 1410 00a8 FFF7FEFF 		bl	I2C_TransferConfig
 1411              	.L181:
 1412 00ac 638D     		ldrh	r3, [r4, #42]
 1413 00ae 002B     		cmp	r3, #0
 1414 00b0 32D0     		beq	.L189
 1415 00b2 2A00     		movs	r2, r5
 1416 00b4 0899     		ldr	r1, [sp, #32]
 1417 00b6 2000     		movs	r0, r4
 1418 00b8 FFF7FEFF 		bl	I2C_WaitOnRXNEFlagUntilTimeout
 1419 00bc 0028     		cmp	r0, #0
 1420 00be 4BD1     		bne	.L186
 1421 00c0 2368     		ldr	r3, [r4]
 1422 00c2 5A6A     		ldr	r2, [r3, #36]
 1423 00c4 636A     		ldr	r3, [r4, #36]
 1424 00c6 1A70     		strb	r2, [r3]
 1425 00c8 636A     		ldr	r3, [r4, #36]
 1426 00ca 0133     		adds	r3, r3, #1
 1427 00cc 6362     		str	r3, [r4, #36]
 1428 00ce 238D     		ldrh	r3, [r4, #40]
 1429 00d0 013B     		subs	r3, r3, #1
 1430 00d2 9BB2     		uxth	r3, r3
 1431 00d4 2385     		strh	r3, [r4, #40]
 1432 00d6 628D     		ldrh	r2, [r4, #42]
 1433 00d8 013A     		subs	r2, r2, #1
 1434 00da 92B2     		uxth	r2, r2
 1435 00dc 6285     		strh	r2, [r4, #42]
 1436 00de 628D     		ldrh	r2, [r4, #42]
 1437 00e0 002A     		cmp	r2, #0
 1438 00e2 E3D0     		beq	.L181
 1439 00e4 002B     		cmp	r3, #0
 1440 00e6 E1D1     		bne	.L181
 1441 00e8 0095     		str	r5, [sp]
 1442 00ea 089B     		ldr	r3, [sp, #32]
 1443 00ec 0022     		movs	r2, #0
 1444 00ee 8021     		movs	r1, #128
 1445 00f0 2000     		movs	r0, r4
 1446 00f2 FFF7FEFF 		bl	I2C_WaitOnFlagUntilTimeout
 1447 00f6 0028     		cmp	r0, #0
 1448 00f8 30D1     		bne	.L187
 1449 00fa 638D     		ldrh	r3, [r4, #42]
 1450 00fc FF2B     		cmp	r3, #255
 1451 00fe C9D9     		bls	.L180
 1452 0100 FF23     		movs	r3, #255
 1453 0102 2385     		strh	r3, [r4, #40]
 1454 0104 7F3B     		subs	r3, r3, #127
 1455 0106 0022     		movs	r2, #0
 1456 0108 0092     		str	r2, [sp]
 1457 010a 5B04     		lsls	r3, r3, #17
 1458 010c FF32     		adds	r2, r2, #255
 1459 010e 4146     		mov	r1, r8
 1460 0110 2000     		movs	r0, r4
ARM GAS  C:\Users\fastr\AppData\Local\Temp\cce7iK0f.s 			page 26


 1461 0112 FFF7FEFF 		bl	I2C_TransferConfig
 1462 0116 C9E7     		b	.L181
 1463              	.L189:
 1464 0118 2A00     		movs	r2, r5
 1465 011a 0899     		ldr	r1, [sp, #32]
 1466 011c 2000     		movs	r0, r4
 1467 011e FFF7FEFF 		bl	I2C_WaitOnSTOPFlagUntilTimeout
 1468 0122 0028     		cmp	r0, #0
 1469 0124 1CD1     		bne	.L188
 1470 0126 2368     		ldr	r3, [r4]
 1471 0128 2022     		movs	r2, #32
 1472 012a DA61     		str	r2, [r3, #28]
 1473 012c 2168     		ldr	r1, [r4]
 1474 012e 4B68     		ldr	r3, [r1, #4]
 1475 0130 0D4D     		ldr	r5, .L190+4
 1476 0132 2B40     		ands	r3, r5
 1477 0134 4B60     		str	r3, [r1, #4]
 1478 0136 4123     		movs	r3, #65
 1479 0138 E254     		strb	r2, [r4, r3]
 1480 013a 0023     		movs	r3, #0
 1481 013c 2232     		adds	r2, r2, #34
 1482 013e A354     		strb	r3, [r4, r2]
 1483 0140 023A     		subs	r2, r2, #2
 1484 0142 A354     		strb	r3, [r4, r2]
 1485 0144 00E0     		b	.L176
 1486              	.L183:
 1487 0146 0220     		movs	r0, #2
 1488              	.L176:
 1489 0148 02B0     		add	sp, sp, #8
 1490              		@ sp needed
 1491 014a 80BC     		pop	{r7}
 1492 014c B846     		mov	r8, r7
 1493 014e F0BD     		pop	{r4, r5, r6, r7, pc}
 1494              	.L184:
 1495 0150 0220     		movs	r0, #2
 1496 0152 F9E7     		b	.L176
 1497              	.L185:
 1498 0154 0120     		movs	r0, #1
 1499 0156 F7E7     		b	.L176
 1500              	.L186:
 1501 0158 0120     		movs	r0, #1
 1502 015a F5E7     		b	.L176
 1503              	.L187:
 1504 015c 0120     		movs	r0, #1
 1505 015e F3E7     		b	.L176
 1506              	.L188:
 1507 0160 0120     		movs	r0, #1
 1508 0162 F1E7     		b	.L176
 1509              	.L191:
 1510              		.align	2
 1511              	.L190:
 1512 0164 00240080 		.word	-2147474432
 1513 0168 00E800FE 		.word	-33495040
 1515              		.section	.text.HAL_I2C_Slave_Transmit,"ax",%progbits
 1516              		.align	1
 1517              		.global	HAL_I2C_Slave_Transmit
 1518              		.syntax unified
ARM GAS  C:\Users\fastr\AppData\Local\Temp\cce7iK0f.s 			page 27


 1519              		.code	16
 1520              		.thumb_func
 1522              	HAL_I2C_Slave_Transmit:
 1523              		@ args = 0, pretend = 0, frame = 0
 1524              		@ frame_needed = 0, uses_anonymous_args = 0
 1525 0000 F0B5     		push	{r4, r5, r6, r7, lr}
 1526 0002 C646     		mov	lr, r8
 1527 0004 00B5     		push	{lr}
 1528 0006 82B0     		sub	sp, sp, #8
 1529 0008 0400     		movs	r4, r0
 1530 000a 0F00     		movs	r7, r1
 1531 000c 9046     		mov	r8, r2
 1532 000e 1D00     		movs	r5, r3
 1533 0010 4123     		movs	r3, #65
 1534 0012 C35C     		ldrb	r3, [r0, r3]
 1535 0014 202B     		cmp	r3, #32
 1536 0016 00D0     		beq	.LCB1791
 1537 0018 EDE0     		b	.L208	@long jump
 1538              	.LCB1791:
 1539 001a 0029     		cmp	r1, #0
 1540 001c 51D0     		beq	.L194
 1541 001e 002A     		cmp	r2, #0
 1542 0020 4FD0     		beq	.L194
 1543 0022 4023     		movs	r3, #64
 1544 0024 C35C     		ldrb	r3, [r0, r3]
 1545 0026 012B     		cmp	r3, #1
 1546 0028 00D1     		bne	.LCB1799
 1547 002a E9E0     		b	.L209	@long jump
 1548              	.LCB1799:
 1549 002c 4023     		movs	r3, #64
 1550 002e 0122     		movs	r2, #1
 1551 0030 C254     		strb	r2, [r0, r3]
 1552 0032 FFF7FEFF 		bl	HAL_GetTick
 1553 0036 0600     		movs	r6, r0
 1554 0038 4123     		movs	r3, #65
 1555 003a 2122     		movs	r2, #33
 1556 003c E254     		strb	r2, [r4, r3]
 1557 003e 0133     		adds	r3, r3, #1
 1558 0040 013A     		subs	r2, r2, #1
 1559 0042 E254     		strb	r2, [r4, r3]
 1560 0044 0023     		movs	r3, #0
 1561 0046 6364     		str	r3, [r4, #68]
 1562 0048 6762     		str	r7, [r4, #36]
 1563 004a 4246     		mov	r2, r8
 1564 004c 6285     		strh	r2, [r4, #42]
 1565 004e 6363     		str	r3, [r4, #52]
 1566 0050 2268     		ldr	r2, [r4]
 1567 0052 5368     		ldr	r3, [r2, #4]
 1568 0054 6B49     		ldr	r1, .L218
 1569 0056 0B40     		ands	r3, r1
 1570 0058 5360     		str	r3, [r2, #4]
 1571 005a 226A     		ldr	r2, [r4, #32]
 1572 005c 8023     		movs	r3, #128
 1573 005e 9B02     		lsls	r3, r3, #10
 1574 0060 9A42     		cmp	r2, r3
 1575 0062 33D0     		beq	.L210
 1576              	.L196:
ARM GAS  C:\Users\fastr\AppData\Local\Temp\cce7iK0f.s 			page 28


 1577 0064 0096     		str	r6, [sp]
 1578 0066 2B00     		movs	r3, r5
 1579 0068 0022     		movs	r2, #0
 1580 006a 0821     		movs	r1, #8
 1581 006c 2000     		movs	r0, r4
 1582 006e FFF7FEFF 		bl	I2C_WaitOnFlagUntilTimeout
 1583 0072 0028     		cmp	r0, #0
 1584 0074 36D1     		bne	.L211
 1585 0076 2368     		ldr	r3, [r4]
 1586 0078 0822     		movs	r2, #8
 1587 007a DA61     		str	r2, [r3, #28]
 1588 007c E368     		ldr	r3, [r4, #12]
 1589 007e 022B     		cmp	r3, #2
 1590 0080 3BD0     		beq	.L212
 1591              	.L198:
 1592 0082 8021     		movs	r1, #128
 1593 0084 0096     		str	r6, [sp]
 1594 0086 2B00     		movs	r3, r5
 1595 0088 0022     		movs	r2, #0
 1596 008a 4902     		lsls	r1, r1, #9
 1597 008c 2000     		movs	r0, r4
 1598 008e FFF7FEFF 		bl	I2C_WaitOnFlagUntilTimeout
 1599 0092 0028     		cmp	r0, #0
 1600 0094 49D1     		bne	.L213
 1601              	.L200:
 1602 0096 638D     		ldrh	r3, [r4, #42]
 1603 0098 002B     		cmp	r3, #0
 1604 009a 59D0     		beq	.L214
 1605 009c 3200     		movs	r2, r6
 1606 009e 2900     		movs	r1, r5
 1607 00a0 2000     		movs	r0, r4
 1608 00a2 FFF7FEFF 		bl	I2C_WaitOnTXISFlagUntilTimeout
 1609 00a6 0028     		cmp	r0, #0
 1610 00a8 4AD1     		bne	.L215
 1611 00aa 626A     		ldr	r2, [r4, #36]
 1612 00ac 2368     		ldr	r3, [r4]
 1613 00ae 1278     		ldrb	r2, [r2]
 1614 00b0 9A62     		str	r2, [r3, #40]
 1615 00b2 626A     		ldr	r2, [r4, #36]
 1616 00b4 0132     		adds	r2, r2, #1
 1617 00b6 6262     		str	r2, [r4, #36]
 1618 00b8 628D     		ldrh	r2, [r4, #42]
 1619 00ba 013A     		subs	r2, r2, #1
 1620 00bc 92B2     		uxth	r2, r2
 1621 00be 6285     		strh	r2, [r4, #42]
 1622 00c0 E9E7     		b	.L200
 1623              	.L194:
 1624 00c2 8023     		movs	r3, #128
 1625 00c4 9B00     		lsls	r3, r3, #2
 1626 00c6 6364     		str	r3, [r4, #68]
 1627 00c8 0120     		movs	r0, #1
 1628 00ca 95E0     		b	.L193
 1629              	.L210:
 1630 00cc 626A     		ldr	r2, [r4, #36]
 1631 00ce 2368     		ldr	r3, [r4]
 1632 00d0 1278     		ldrb	r2, [r2]
 1633 00d2 9A62     		str	r2, [r3, #40]
ARM GAS  C:\Users\fastr\AppData\Local\Temp\cce7iK0f.s 			page 29


 1634 00d4 636A     		ldr	r3, [r4, #36]
 1635 00d6 0133     		adds	r3, r3, #1
 1636 00d8 6362     		str	r3, [r4, #36]
 1637 00da 638D     		ldrh	r3, [r4, #42]
 1638 00dc 013B     		subs	r3, r3, #1
 1639 00de 9BB2     		uxth	r3, r3
 1640 00e0 6385     		strh	r3, [r4, #42]
 1641 00e2 BFE7     		b	.L196
 1642              	.L211:
 1643 00e4 2268     		ldr	r2, [r4]
 1644 00e6 5168     		ldr	r1, [r2, #4]
 1645 00e8 8023     		movs	r3, #128
 1646 00ea 1B02     		lsls	r3, r3, #8
 1647 00ec 0B43     		orrs	r3, r1
 1648 00ee 5360     		str	r3, [r2, #4]
 1649 00f0 2000     		movs	r0, r4
 1650 00f2 FFF7FEFF 		bl	I2C_Flush_TXDR
 1651 00f6 0120     		movs	r0, #1
 1652 00f8 7EE0     		b	.L193
 1653              	.L212:
 1654 00fa 0096     		str	r6, [sp]
 1655 00fc 2B00     		movs	r3, r5
 1656 00fe 0022     		movs	r2, #0
 1657 0100 0821     		movs	r1, #8
 1658 0102 2000     		movs	r0, r4
 1659 0104 FFF7FEFF 		bl	I2C_WaitOnFlagUntilTimeout
 1660 0108 0028     		cmp	r0, #0
 1661 010a 03D1     		bne	.L216
 1662 010c 2368     		ldr	r3, [r4]
 1663 010e 0822     		movs	r2, #8
 1664 0110 DA61     		str	r2, [r3, #28]
 1665 0112 B6E7     		b	.L198
 1666              	.L216:
 1667 0114 2268     		ldr	r2, [r4]
 1668 0116 5168     		ldr	r1, [r2, #4]
 1669 0118 8023     		movs	r3, #128
 1670 011a 1B02     		lsls	r3, r3, #8
 1671 011c 0B43     		orrs	r3, r1
 1672 011e 5360     		str	r3, [r2, #4]
 1673 0120 2000     		movs	r0, r4
 1674 0122 FFF7FEFF 		bl	I2C_Flush_TXDR
 1675 0126 0120     		movs	r0, #1
 1676 0128 66E0     		b	.L193
 1677              	.L213:
 1678 012a 2268     		ldr	r2, [r4]
 1679 012c 5168     		ldr	r1, [r2, #4]
 1680 012e 8023     		movs	r3, #128
 1681 0130 1B02     		lsls	r3, r3, #8
 1682 0132 0B43     		orrs	r3, r1
 1683 0134 5360     		str	r3, [r2, #4]
 1684 0136 2000     		movs	r0, r4
 1685 0138 FFF7FEFF 		bl	I2C_Flush_TXDR
 1686 013c 0120     		movs	r0, #1
 1687 013e 5BE0     		b	.L193
 1688              	.L215:
 1689 0140 2268     		ldr	r2, [r4]
 1690 0142 5168     		ldr	r1, [r2, #4]
ARM GAS  C:\Users\fastr\AppData\Local\Temp\cce7iK0f.s 			page 30


 1691 0144 8023     		movs	r3, #128
 1692 0146 1B02     		lsls	r3, r3, #8
 1693 0148 0B43     		orrs	r3, r1
 1694 014a 5360     		str	r3, [r2, #4]
 1695 014c 0120     		movs	r0, #1
 1696 014e 53E0     		b	.L193
 1697              	.L214:
 1698 0150 0096     		str	r6, [sp]
 1699 0152 2B00     		movs	r3, r5
 1700 0154 0022     		movs	r2, #0
 1701 0156 1021     		movs	r1, #16
 1702 0158 2000     		movs	r0, r4
 1703 015a FFF7FEFF 		bl	I2C_WaitOnFlagUntilTimeout
 1704 015e 0028     		cmp	r0, #0
 1705 0160 21D0     		beq	.L203
 1706 0162 638D     		ldrh	r3, [r4, #42]
 1707 0164 9BB2     		uxth	r3, r3
 1708 0166 626C     		ldr	r2, [r4, #68]
 1709 0168 042A     		cmp	r2, #4
 1710 016a 14D1     		bne	.L204
 1711 016c 002B     		cmp	r3, #0
 1712 016e 12D1     		bne	.L204
 1713 0170 6364     		str	r3, [r4, #68]
 1714              	.L205:
 1715 0172 8021     		movs	r1, #128
 1716 0174 0096     		str	r6, [sp]
 1717 0176 2B00     		movs	r3, r5
 1718 0178 0122     		movs	r2, #1
 1719 017a 0902     		lsls	r1, r1, #8
 1720 017c 2000     		movs	r0, r4
 1721 017e FFF7FEFF 		bl	I2C_WaitOnFlagUntilTimeout
 1722 0182 0028     		cmp	r0, #0
 1723 0184 28D0     		beq	.L207
 1724 0186 2268     		ldr	r2, [r4]
 1725 0188 5168     		ldr	r1, [r2, #4]
 1726 018a 8023     		movs	r3, #128
 1727 018c 1B02     		lsls	r3, r3, #8
 1728 018e 0B43     		orrs	r3, r1
 1729 0190 5360     		str	r3, [r2, #4]
 1730 0192 0120     		movs	r0, #1
 1731 0194 30E0     		b	.L193
 1732              	.L204:
 1733 0196 2268     		ldr	r2, [r4]
 1734 0198 5168     		ldr	r1, [r2, #4]
 1735 019a 8023     		movs	r3, #128
 1736 019c 1B02     		lsls	r3, r3, #8
 1737 019e 0B43     		orrs	r3, r1
 1738 01a0 5360     		str	r3, [r2, #4]
 1739 01a2 0120     		movs	r0, #1
 1740 01a4 28E0     		b	.L193
 1741              	.L203:
 1742 01a6 2000     		movs	r0, r4
 1743 01a8 FFF7FEFF 		bl	I2C_Flush_TXDR
 1744 01ac 2368     		ldr	r3, [r4]
 1745 01ae 1022     		movs	r2, #16
 1746 01b0 DA61     		str	r2, [r3, #28]
 1747 01b2 3200     		movs	r2, r6
ARM GAS  C:\Users\fastr\AppData\Local\Temp\cce7iK0f.s 			page 31


 1748 01b4 2900     		movs	r1, r5
 1749 01b6 2000     		movs	r0, r4
 1750 01b8 FFF7FEFF 		bl	I2C_WaitOnSTOPFlagUntilTimeout
 1751 01bc 0028     		cmp	r0, #0
 1752 01be 03D1     		bne	.L217
 1753 01c0 2368     		ldr	r3, [r4]
 1754 01c2 2022     		movs	r2, #32
 1755 01c4 DA61     		str	r2, [r3, #28]
 1756 01c6 D4E7     		b	.L205
 1757              	.L217:
 1758 01c8 2268     		ldr	r2, [r4]
 1759 01ca 5168     		ldr	r1, [r2, #4]
 1760 01cc 8023     		movs	r3, #128
 1761 01ce 1B02     		lsls	r3, r3, #8
 1762 01d0 0B43     		orrs	r3, r1
 1763 01d2 5360     		str	r3, [r2, #4]
 1764 01d4 0120     		movs	r0, #1
 1765 01d6 0FE0     		b	.L193
 1766              	.L207:
 1767 01d8 2268     		ldr	r2, [r4]
 1768 01da 5168     		ldr	r1, [r2, #4]
 1769 01dc 8023     		movs	r3, #128
 1770 01de 1B02     		lsls	r3, r3, #8
 1771 01e0 0B43     		orrs	r3, r1
 1772 01e2 5360     		str	r3, [r2, #4]
 1773 01e4 4123     		movs	r3, #65
 1774 01e6 2022     		movs	r2, #32
 1775 01e8 E254     		strb	r2, [r4, r3]
 1776 01ea 0023     		movs	r3, #0
 1777 01ec 2232     		adds	r2, r2, #34
 1778 01ee A354     		strb	r3, [r4, r2]
 1779 01f0 023A     		subs	r2, r2, #2
 1780 01f2 A354     		strb	r3, [r4, r2]
 1781 01f4 00E0     		b	.L193
 1782              	.L208:
 1783 01f6 0220     		movs	r0, #2
 1784              	.L193:
 1785 01f8 02B0     		add	sp, sp, #8
 1786              		@ sp needed
 1787 01fa 80BC     		pop	{r7}
 1788 01fc B846     		mov	r8, r7
 1789 01fe F0BD     		pop	{r4, r5, r6, r7, pc}
 1790              	.L209:
 1791 0200 0220     		movs	r0, #2
 1792 0202 F9E7     		b	.L193
 1793              	.L219:
 1794              		.align	2
 1795              	.L218:
 1796 0204 FF7FFFFF 		.word	-32769
 1798              		.section	.text.HAL_I2C_Slave_Receive,"ax",%progbits
 1799              		.align	1
 1800              		.global	HAL_I2C_Slave_Receive
 1801              		.syntax unified
 1802              		.code	16
 1803              		.thumb_func
 1805              	HAL_I2C_Slave_Receive:
 1806              		@ args = 0, pretend = 0, frame = 0
ARM GAS  C:\Users\fastr\AppData\Local\Temp\cce7iK0f.s 			page 32


 1807              		@ frame_needed = 0, uses_anonymous_args = 0
 1808 0000 F0B5     		push	{r4, r5, r6, r7, lr}
 1809 0002 C646     		mov	lr, r8
 1810 0004 00B5     		push	{lr}
 1811 0006 82B0     		sub	sp, sp, #8
 1812 0008 0400     		movs	r4, r0
 1813 000a 0E00     		movs	r6, r1
 1814 000c 1700     		movs	r7, r2
 1815 000e 1D00     		movs	r5, r3
 1816 0010 4123     		movs	r3, #65
 1817 0012 C35C     		ldrb	r3, [r0, r3]
 1818 0014 202B     		cmp	r3, #32
 1819 0016 00D0     		beq	.LCB2114
 1820 0018 B2E0     		b	.L231	@long jump
 1821              	.LCB2114:
 1822 001a 0029     		cmp	r1, #0
 1823 001c 2FD0     		beq	.L222
 1824 001e 002A     		cmp	r2, #0
 1825 0020 2DD0     		beq	.L222
 1826 0022 4023     		movs	r3, #64
 1827 0024 C35C     		ldrb	r3, [r0, r3]
 1828 0026 012B     		cmp	r3, #1
 1829 0028 00D1     		bne	.LCB2122
 1830 002a AEE0     		b	.L232	@long jump
 1831              	.LCB2122:
 1832 002c 4023     		movs	r3, #64
 1833 002e 0122     		movs	r2, #1
 1834 0030 C254     		strb	r2, [r0, r3]
 1835 0032 FFF7FEFF 		bl	HAL_GetTick
 1836 0036 8046     		mov	r8, r0
 1837 0038 4123     		movs	r3, #65
 1838 003a 2222     		movs	r2, #34
 1839 003c E254     		strb	r2, [r4, r3]
 1840 003e 0133     		adds	r3, r3, #1
 1841 0040 023A     		subs	r2, r2, #2
 1842 0042 E254     		strb	r2, [r4, r3]
 1843 0044 0023     		movs	r3, #0
 1844 0046 6364     		str	r3, [r4, #68]
 1845 0048 6662     		str	r6, [r4, #36]
 1846 004a 6785     		strh	r7, [r4, #42]
 1847 004c 628D     		ldrh	r2, [r4, #42]
 1848 004e 2285     		strh	r2, [r4, #40]
 1849 0050 6363     		str	r3, [r4, #52]
 1850 0052 2268     		ldr	r2, [r4]
 1851 0054 5368     		ldr	r3, [r2, #4]
 1852 0056 4E49     		ldr	r1, .L237
 1853 0058 0B40     		ands	r3, r1
 1854 005a 5360     		str	r3, [r2, #4]
 1855 005c 0090     		str	r0, [sp]
 1856 005e 2B00     		movs	r3, r5
 1857 0060 0022     		movs	r2, #0
 1858 0062 0821     		movs	r1, #8
 1859 0064 2000     		movs	r0, r4
 1860 0066 FFF7FEFF 		bl	I2C_WaitOnFlagUntilTimeout
 1861 006a 0028     		cmp	r0, #0
 1862 006c 0CD0     		beq	.L224
 1863 006e 2268     		ldr	r2, [r4]
ARM GAS  C:\Users\fastr\AppData\Local\Temp\cce7iK0f.s 			page 33


 1864 0070 5168     		ldr	r1, [r2, #4]
 1865 0072 8023     		movs	r3, #128
 1866 0074 1B02     		lsls	r3, r3, #8
 1867 0076 0B43     		orrs	r3, r1
 1868 0078 5360     		str	r3, [r2, #4]
 1869 007a 0120     		movs	r0, #1
 1870 007c 81E0     		b	.L221
 1871              	.L222:
 1872 007e 8023     		movs	r3, #128
 1873 0080 9B00     		lsls	r3, r3, #2
 1874 0082 6364     		str	r3, [r4, #68]
 1875 0084 0120     		movs	r0, #1
 1876 0086 7CE0     		b	.L221
 1877              	.L224:
 1878 0088 2368     		ldr	r3, [r4]
 1879 008a 0822     		movs	r2, #8
 1880 008c DA61     		str	r2, [r3, #28]
 1881 008e 8021     		movs	r1, #128
 1882 0090 4346     		mov	r3, r8
 1883 0092 0093     		str	r3, [sp]
 1884 0094 2B00     		movs	r3, r5
 1885 0096 073A     		subs	r2, r2, #7
 1886 0098 4902     		lsls	r1, r1, #9
 1887 009a 2000     		movs	r0, r4
 1888 009c FFF7FEFF 		bl	I2C_WaitOnFlagUntilTimeout
 1889 00a0 0028     		cmp	r0, #0
 1890 00a2 18D1     		bne	.L234
 1891              	.L225:
 1892 00a4 638D     		ldrh	r3, [r4, #42]
 1893 00a6 002B     		cmp	r3, #0
 1894 00a8 36D0     		beq	.L235
 1895 00aa 4246     		mov	r2, r8
 1896 00ac 2900     		movs	r1, r5
 1897 00ae 2000     		movs	r0, r4
 1898 00b0 FFF7FEFF 		bl	I2C_WaitOnRXNEFlagUntilTimeout
 1899 00b4 0028     		cmp	r0, #0
 1900 00b6 16D1     		bne	.L236
 1901 00b8 2368     		ldr	r3, [r4]
 1902 00ba 5A6A     		ldr	r2, [r3, #36]
 1903 00bc 636A     		ldr	r3, [r4, #36]
 1904 00be 1A70     		strb	r2, [r3]
 1905 00c0 636A     		ldr	r3, [r4, #36]
 1906 00c2 0133     		adds	r3, r3, #1
 1907 00c4 6362     		str	r3, [r4, #36]
 1908 00c6 628D     		ldrh	r2, [r4, #42]
 1909 00c8 013A     		subs	r2, r2, #1
 1910 00ca 92B2     		uxth	r2, r2
 1911 00cc 6285     		strh	r2, [r4, #42]
 1912 00ce 238D     		ldrh	r3, [r4, #40]
 1913 00d0 013B     		subs	r3, r3, #1
 1914 00d2 2385     		strh	r3, [r4, #40]
 1915 00d4 E6E7     		b	.L225
 1916              	.L234:
 1917 00d6 2268     		ldr	r2, [r4]
 1918 00d8 5168     		ldr	r1, [r2, #4]
 1919 00da 8023     		movs	r3, #128
 1920 00dc 1B02     		lsls	r3, r3, #8
ARM GAS  C:\Users\fastr\AppData\Local\Temp\cce7iK0f.s 			page 34


 1921 00de 0B43     		orrs	r3, r1
 1922 00e0 5360     		str	r3, [r2, #4]
 1923 00e2 0120     		movs	r0, #1
 1924 00e4 4DE0     		b	.L221
 1925              	.L236:
 1926 00e6 2268     		ldr	r2, [r4]
 1927 00e8 5168     		ldr	r1, [r2, #4]
 1928 00ea 8023     		movs	r3, #128
 1929 00ec 1B02     		lsls	r3, r3, #8
 1930 00ee 0B43     		orrs	r3, r1
 1931 00f0 5360     		str	r3, [r2, #4]
 1932 00f2 2268     		ldr	r2, [r4]
 1933 00f4 9369     		ldr	r3, [r2, #24]
 1934 00f6 5B07     		lsls	r3, r3, #29
 1935 00f8 0CD5     		bpl	.L227
 1936 00fa 526A     		ldr	r2, [r2, #36]
 1937 00fc 636A     		ldr	r3, [r4, #36]
 1938 00fe 1A70     		strb	r2, [r3]
 1939 0100 636A     		ldr	r3, [r4, #36]
 1940 0102 0133     		adds	r3, r3, #1
 1941 0104 6362     		str	r3, [r4, #36]
 1942 0106 638D     		ldrh	r3, [r4, #42]
 1943 0108 013B     		subs	r3, r3, #1
 1944 010a 9BB2     		uxth	r3, r3
 1945 010c 6385     		strh	r3, [r4, #42]
 1946 010e 238D     		ldrh	r3, [r4, #40]
 1947 0110 013B     		subs	r3, r3, #1
 1948 0112 2385     		strh	r3, [r4, #40]
 1949              	.L227:
 1950 0114 0120     		movs	r0, #1
 1951 0116 34E0     		b	.L221
 1952              	.L235:
 1953 0118 4246     		mov	r2, r8
 1954 011a 2900     		movs	r1, r5
 1955 011c 2000     		movs	r0, r4
 1956 011e FFF7FEFF 		bl	I2C_WaitOnSTOPFlagUntilTimeout
 1957 0122 0028     		cmp	r0, #0
 1958 0124 07D0     		beq	.L229
 1959 0126 2268     		ldr	r2, [r4]
 1960 0128 5168     		ldr	r1, [r2, #4]
 1961 012a 8023     		movs	r3, #128
 1962 012c 1B02     		lsls	r3, r3, #8
 1963 012e 0B43     		orrs	r3, r1
 1964 0130 5360     		str	r3, [r2, #4]
 1965 0132 0120     		movs	r0, #1
 1966 0134 25E0     		b	.L221
 1967              	.L229:
 1968 0136 2368     		ldr	r3, [r4]
 1969 0138 2022     		movs	r2, #32
 1970 013a DA61     		str	r2, [r3, #28]
 1971 013c 8021     		movs	r1, #128
 1972 013e 4346     		mov	r3, r8
 1973 0140 0093     		str	r3, [sp]
 1974 0142 2B00     		movs	r3, r5
 1975 0144 1F3A     		subs	r2, r2, #31
 1976 0146 0902     		lsls	r1, r1, #8
 1977 0148 2000     		movs	r0, r4
ARM GAS  C:\Users\fastr\AppData\Local\Temp\cce7iK0f.s 			page 35


 1978 014a FFF7FEFF 		bl	I2C_WaitOnFlagUntilTimeout
 1979 014e 0028     		cmp	r0, #0
 1980 0150 07D0     		beq	.L230
 1981 0152 2268     		ldr	r2, [r4]
 1982 0154 5168     		ldr	r1, [r2, #4]
 1983 0156 8023     		movs	r3, #128
 1984 0158 1B02     		lsls	r3, r3, #8
 1985 015a 0B43     		orrs	r3, r1
 1986 015c 5360     		str	r3, [r2, #4]
 1987 015e 0120     		movs	r0, #1
 1988 0160 0FE0     		b	.L221
 1989              	.L230:
 1990 0162 2268     		ldr	r2, [r4]
 1991 0164 5168     		ldr	r1, [r2, #4]
 1992 0166 8023     		movs	r3, #128
 1993 0168 1B02     		lsls	r3, r3, #8
 1994 016a 0B43     		orrs	r3, r1
 1995 016c 5360     		str	r3, [r2, #4]
 1996 016e 4123     		movs	r3, #65
 1997 0170 2022     		movs	r2, #32
 1998 0172 E254     		strb	r2, [r4, r3]
 1999 0174 0023     		movs	r3, #0
 2000 0176 2232     		adds	r2, r2, #34
 2001 0178 A354     		strb	r3, [r4, r2]
 2002 017a 023A     		subs	r2, r2, #2
 2003 017c A354     		strb	r3, [r4, r2]
 2004 017e 00E0     		b	.L221
 2005              	.L231:
 2006 0180 0220     		movs	r0, #2
 2007              	.L221:
 2008 0182 02B0     		add	sp, sp, #8
 2009              		@ sp needed
 2010 0184 80BC     		pop	{r7}
 2011 0186 B846     		mov	r8, r7
 2012 0188 F0BD     		pop	{r4, r5, r6, r7, pc}
 2013              	.L232:
 2014 018a 0220     		movs	r0, #2
 2015 018c F9E7     		b	.L221
 2016              	.L238:
 2017 018e C046     		.align	2
 2018              	.L237:
 2019 0190 FF7FFFFF 		.word	-32769
 2021              		.section	.text.HAL_I2C_Master_Transmit_IT,"ax",%progbits
 2022              		.align	1
 2023              		.global	HAL_I2C_Master_Transmit_IT
 2024              		.syntax unified
 2025              		.code	16
 2026              		.thumb_func
 2028              	HAL_I2C_Master_Transmit_IT:
 2029              		@ args = 0, pretend = 0, frame = 0
 2030              		@ frame_needed = 0, uses_anonymous_args = 0
 2031 0000 30B5     		push	{r4, r5, lr}
 2032 0002 83B0     		sub	sp, sp, #12
 2033 0004 0400     		movs	r4, r0
 2034 0006 4120     		movs	r0, #65
 2035 0008 205C     		ldrb	r0, [r4, r0]
 2036 000a 2028     		cmp	r0, #32
ARM GAS  C:\Users\fastr\AppData\Local\Temp\cce7iK0f.s 			page 36


 2037 000c 4FD1     		bne	.L245
 2038 000e 2068     		ldr	r0, [r4]
 2039 0010 8446     		mov	ip, r0
 2040 0012 8069     		ldr	r0, [r0, #24]
 2041 0014 0004     		lsls	r0, r0, #16
 2042 0016 4CD4     		bmi	.L246
 2043 0018 4020     		movs	r0, #64
 2044 001a 205C     		ldrb	r0, [r4, r0]
 2045 001c 0128     		cmp	r0, #1
 2046 001e 4AD0     		beq	.L247
 2047 0020 4020     		movs	r0, #64
 2048 0022 0125     		movs	r5, #1
 2049 0024 2554     		strb	r5, [r4, r0]
 2050 0026 0130     		adds	r0, r0, #1
 2051 0028 2035     		adds	r5, r5, #32
 2052 002a 2554     		strb	r5, [r4, r0]
 2053 002c 0130     		adds	r0, r0, #1
 2054 002e 113D     		subs	r5, r5, #17
 2055 0030 2554     		strb	r5, [r4, r0]
 2056 0032 0020     		movs	r0, #0
 2057 0034 6064     		str	r0, [r4, #68]
 2058 0036 6262     		str	r2, [r4, #36]
 2059 0038 6385     		strh	r3, [r4, #42]
 2060 003a 204B     		ldr	r3, .L248
 2061 003c E362     		str	r3, [r4, #44]
 2062 003e 204B     		ldr	r3, .L248+4
 2063 0040 6363     		str	r3, [r4, #52]
 2064 0042 638D     		ldrh	r3, [r4, #42]
 2065 0044 FF2B     		cmp	r3, #255
 2066 0046 26D9     		bls	.L241
 2067 0048 FF23     		movs	r3, #255
 2068 004a 2385     		strh	r3, [r4, #40]
 2069 004c 8023     		movs	r3, #128
 2070 004e 5B04     		lsls	r3, r3, #17
 2071              	.L242:
 2072 0050 208D     		ldrh	r0, [r4, #40]
 2073 0052 0028     		cmp	r0, #0
 2074 0054 24D0     		beq	.L243
 2075 0056 1278     		ldrb	r2, [r2]
 2076 0058 6046     		mov	r0, ip
 2077 005a 8262     		str	r2, [r0, #40]
 2078 005c 626A     		ldr	r2, [r4, #36]
 2079 005e 0132     		adds	r2, r2, #1
 2080 0060 6262     		str	r2, [r4, #36]
 2081 0062 628D     		ldrh	r2, [r4, #42]
 2082 0064 013A     		subs	r2, r2, #1
 2083 0066 92B2     		uxth	r2, r2
 2084 0068 6285     		strh	r2, [r4, #42]
 2085 006a 228D     		ldrh	r2, [r4, #40]
 2086 006c 013A     		subs	r2, r2, #1
 2087 006e 92B2     		uxth	r2, r2
 2088 0070 2285     		strh	r2, [r4, #40]
 2089 0072 D2B2     		uxtb	r2, r2
 2090 0074 0132     		adds	r2, r2, #1
 2091 0076 D2B2     		uxtb	r2, r2
 2092 0078 1248     		ldr	r0, .L248+8
 2093 007a 0090     		str	r0, [sp]
ARM GAS  C:\Users\fastr\AppData\Local\Temp\cce7iK0f.s 			page 37


 2094 007c 2000     		movs	r0, r4
 2095 007e FFF7FEFF 		bl	I2C_TransferConfig
 2096              	.L244:
 2097 0082 4023     		movs	r3, #64
 2098 0084 0022     		movs	r2, #0
 2099 0086 E254     		strb	r2, [r4, r3]
 2100 0088 0121     		movs	r1, #1
 2101 008a 2000     		movs	r0, r4
 2102 008c FFF7FEFF 		bl	I2C_Enable_IRQ
 2103 0090 0020     		movs	r0, #0
 2104              	.L240:
 2105 0092 03B0     		add	sp, sp, #12
 2106              		@ sp needed
 2107 0094 30BD     		pop	{r4, r5, pc}
 2108              	.L241:
 2109 0096 638D     		ldrh	r3, [r4, #42]
 2110 0098 2385     		strh	r3, [r4, #40]
 2111 009a 8023     		movs	r3, #128
 2112 009c 9B04     		lsls	r3, r3, #18
 2113 009e D7E7     		b	.L242
 2114              	.L243:
 2115 00a0 C2B2     		uxtb	r2, r0
 2116 00a2 0848     		ldr	r0, .L248+8
 2117 00a4 0090     		str	r0, [sp]
 2118 00a6 2000     		movs	r0, r4
 2119 00a8 FFF7FEFF 		bl	I2C_TransferConfig
 2120 00ac E9E7     		b	.L244
 2121              	.L245:
 2122 00ae 0220     		movs	r0, #2
 2123 00b0 EFE7     		b	.L240
 2124              	.L246:
 2125 00b2 0220     		movs	r0, #2
 2126 00b4 EDE7     		b	.L240
 2127              	.L247:
 2128 00b6 0220     		movs	r0, #2
 2129 00b8 EBE7     		b	.L240
 2130              	.L249:
 2131 00ba C046     		.align	2
 2132              	.L248:
 2133 00bc 0000FFFF 		.word	-65536
 2134 00c0 00000000 		.word	I2C_Master_ISR_IT
 2135 00c4 00200080 		.word	-2147475456
 2137              		.section	.text.HAL_I2C_Master_Receive_IT,"ax",%progbits
 2138              		.align	1
 2139              		.global	HAL_I2C_Master_Receive_IT
 2140              		.syntax unified
 2141              		.code	16
 2142              		.thumb_func
 2144              	HAL_I2C_Master_Receive_IT:
 2145              		@ args = 0, pretend = 0, frame = 0
 2146              		@ frame_needed = 0, uses_anonymous_args = 0
 2147 0000 30B5     		push	{r4, r5, lr}
 2148 0002 83B0     		sub	sp, sp, #12
 2149 0004 0400     		movs	r4, r0
 2150 0006 4120     		movs	r0, #65
 2151 0008 205C     		ldrb	r0, [r4, r0]
 2152 000a 2028     		cmp	r0, #32
ARM GAS  C:\Users\fastr\AppData\Local\Temp\cce7iK0f.s 			page 38


 2153 000c 35D1     		bne	.L254
 2154 000e 2068     		ldr	r0, [r4]
 2155 0010 8069     		ldr	r0, [r0, #24]
 2156 0012 0004     		lsls	r0, r0, #16
 2157 0014 33D4     		bmi	.L255
 2158 0016 4020     		movs	r0, #64
 2159 0018 205C     		ldrb	r0, [r4, r0]
 2160 001a 0128     		cmp	r0, #1
 2161 001c 31D0     		beq	.L256
 2162 001e 4020     		movs	r0, #64
 2163 0020 0125     		movs	r5, #1
 2164 0022 2554     		strb	r5, [r4, r0]
 2165 0024 0130     		adds	r0, r0, #1
 2166 0026 2135     		adds	r5, r5, #33
 2167 0028 2554     		strb	r5, [r4, r0]
 2168 002a 0130     		adds	r0, r0, #1
 2169 002c 123D     		subs	r5, r5, #18
 2170 002e 2554     		strb	r5, [r4, r0]
 2171 0030 0020     		movs	r0, #0
 2172 0032 6064     		str	r0, [r4, #68]
 2173 0034 6262     		str	r2, [r4, #36]
 2174 0036 6385     		strh	r3, [r4, #42]
 2175 0038 134B     		ldr	r3, .L257
 2176 003a E362     		str	r3, [r4, #44]
 2177 003c 134B     		ldr	r3, .L257+4
 2178 003e 6363     		str	r3, [r4, #52]
 2179 0040 638D     		ldrh	r3, [r4, #42]
 2180 0042 FF2B     		cmp	r3, #255
 2181 0044 14D9     		bls	.L252
 2182 0046 0123     		movs	r3, #1
 2183 0048 2385     		strh	r3, [r4, #40]
 2184 004a 8023     		movs	r3, #128
 2185 004c 5B04     		lsls	r3, r3, #17
 2186              	.L253:
 2187 004e 228D     		ldrh	r2, [r4, #40]
 2188 0050 D2B2     		uxtb	r2, r2
 2189 0052 0F48     		ldr	r0, .L257+8
 2190 0054 0090     		str	r0, [sp]
 2191 0056 2000     		movs	r0, r4
 2192 0058 FFF7FEFF 		bl	I2C_TransferConfig
 2193 005c 4023     		movs	r3, #64
 2194 005e 0022     		movs	r2, #0
 2195 0060 E254     		strb	r2, [r4, r3]
 2196 0062 0221     		movs	r1, #2
 2197 0064 2000     		movs	r0, r4
 2198 0066 FFF7FEFF 		bl	I2C_Enable_IRQ
 2199 006a 0020     		movs	r0, #0
 2200              	.L251:
 2201 006c 03B0     		add	sp, sp, #12
 2202              		@ sp needed
 2203 006e 30BD     		pop	{r4, r5, pc}
 2204              	.L252:
 2205 0070 638D     		ldrh	r3, [r4, #42]
 2206 0072 2385     		strh	r3, [r4, #40]
 2207 0074 8023     		movs	r3, #128
 2208 0076 9B04     		lsls	r3, r3, #18
 2209 0078 E9E7     		b	.L253
ARM GAS  C:\Users\fastr\AppData\Local\Temp\cce7iK0f.s 			page 39


 2210              	.L254:
 2211 007a 0220     		movs	r0, #2
 2212 007c F6E7     		b	.L251
 2213              	.L255:
 2214 007e 0220     		movs	r0, #2
 2215 0080 F4E7     		b	.L251
 2216              	.L256:
 2217 0082 0220     		movs	r0, #2
 2218 0084 F2E7     		b	.L251
 2219              	.L258:
 2220 0086 C046     		.align	2
 2221              	.L257:
 2222 0088 0000FFFF 		.word	-65536
 2223 008c 00000000 		.word	I2C_Master_ISR_IT
 2224 0090 00240080 		.word	-2147474432
 2226              		.section	.text.HAL_I2C_Slave_Transmit_IT,"ax",%progbits
 2227              		.align	1
 2228              		.global	HAL_I2C_Slave_Transmit_IT
 2229              		.syntax unified
 2230              		.code	16
 2231              		.thumb_func
 2233              	HAL_I2C_Slave_Transmit_IT:
 2234              		@ args = 0, pretend = 0, frame = 0
 2235              		@ frame_needed = 0, uses_anonymous_args = 0
 2236 0000 10B5     		push	{r4, lr}
 2237 0002 4123     		movs	r3, #65
 2238 0004 C35C     		ldrb	r3, [r0, r3]
 2239 0006 202B     		cmp	r3, #32
 2240 0008 38D1     		bne	.L262
 2241 000a 2033     		adds	r3, r3, #32
 2242 000c C35C     		ldrb	r3, [r0, r3]
 2243 000e 012B     		cmp	r3, #1
 2244 0010 36D0     		beq	.L263
 2245 0012 4023     		movs	r3, #64
 2246 0014 0124     		movs	r4, #1
 2247 0016 C454     		strb	r4, [r0, r3]
 2248 0018 0133     		adds	r3, r3, #1
 2249 001a 2034     		adds	r4, r4, #32
 2250 001c C454     		strb	r4, [r0, r3]
 2251 001e 0133     		adds	r3, r3, #1
 2252 0020 013C     		subs	r4, r4, #1
 2253 0022 C454     		strb	r4, [r0, r3]
 2254 0024 0023     		movs	r3, #0
 2255 0026 4364     		str	r3, [r0, #68]
 2256 0028 0368     		ldr	r3, [r0]
 2257 002a 9C46     		mov	ip, r3
 2258 002c 5B68     		ldr	r3, [r3, #4]
 2259 002e 154C     		ldr	r4, .L265
 2260 0030 2340     		ands	r3, r4
 2261 0032 6446     		mov	r4, ip
 2262 0034 6360     		str	r3, [r4, #4]
 2263 0036 4162     		str	r1, [r0, #36]
 2264 0038 4285     		strh	r2, [r0, #42]
 2265 003a 438D     		ldrh	r3, [r0, #42]
 2266 003c 0385     		strh	r3, [r0, #40]
 2267 003e 124B     		ldr	r3, .L265+4
 2268 0040 C362     		str	r3, [r0, #44]
ARM GAS  C:\Users\fastr\AppData\Local\Temp\cce7iK0f.s 			page 40


 2269 0042 124B     		ldr	r3, .L265+8
 2270 0044 4363     		str	r3, [r0, #52]
 2271 0046 026A     		ldr	r2, [r0, #32]
 2272 0048 8023     		movs	r3, #128
 2273 004a 9B02     		lsls	r3, r3, #10
 2274 004c 9A42     		cmp	r2, r3
 2275 004e 07D0     		beq	.L264
 2276              	.L261:
 2277 0050 4023     		movs	r3, #64
 2278 0052 0022     		movs	r2, #0
 2279 0054 C254     		strb	r2, [r0, r3]
 2280 0056 0E49     		ldr	r1, .L265+12
 2281 0058 FFF7FEFF 		bl	I2C_Enable_IRQ
 2282 005c 0020     		movs	r0, #0
 2283              	.L260:
 2284              		@ sp needed
 2285 005e 10BD     		pop	{r4, pc}
 2286              	.L264:
 2287 0060 0368     		ldr	r3, [r0]
 2288 0062 0A78     		ldrb	r2, [r1]
 2289 0064 9A62     		str	r2, [r3, #40]
 2290 0066 436A     		ldr	r3, [r0, #36]
 2291 0068 0133     		adds	r3, r3, #1
 2292 006a 4362     		str	r3, [r0, #36]
 2293 006c 438D     		ldrh	r3, [r0, #42]
 2294 006e 013B     		subs	r3, r3, #1
 2295 0070 9BB2     		uxth	r3, r3
 2296 0072 4385     		strh	r3, [r0, #42]
 2297 0074 038D     		ldrh	r3, [r0, #40]
 2298 0076 013B     		subs	r3, r3, #1
 2299 0078 0385     		strh	r3, [r0, #40]
 2300 007a E9E7     		b	.L261
 2301              	.L262:
 2302 007c 0220     		movs	r0, #2
 2303 007e EEE7     		b	.L260
 2304              	.L263:
 2305 0080 0220     		movs	r0, #2
 2306 0082 ECE7     		b	.L260
 2307              	.L266:
 2308              		.align	2
 2309              	.L265:
 2310 0084 FF7FFFFF 		.word	-32769
 2311 0088 0000FFFF 		.word	-65536
 2312 008c 00000000 		.word	I2C_Slave_ISR_IT
 2313 0090 01800000 		.word	32769
 2315              		.section	.text.HAL_I2C_Slave_Receive_IT,"ax",%progbits
 2316              		.align	1
 2317              		.global	HAL_I2C_Slave_Receive_IT
 2318              		.syntax unified
 2319              		.code	16
 2320              		.thumb_func
 2322              	HAL_I2C_Slave_Receive_IT:
 2323              		@ args = 0, pretend = 0, frame = 0
 2324              		@ frame_needed = 0, uses_anonymous_args = 0
 2325 0000 70B5     		push	{r4, r5, r6, lr}
 2326 0002 1500     		movs	r5, r2
 2327 0004 4123     		movs	r3, #65
ARM GAS  C:\Users\fastr\AppData\Local\Temp\cce7iK0f.s 			page 41


 2328 0006 C35C     		ldrb	r3, [r0, r3]
 2329 0008 202B     		cmp	r3, #32
 2330 000a 24D1     		bne	.L269
 2331 000c 2033     		adds	r3, r3, #32
 2332 000e C35C     		ldrb	r3, [r0, r3]
 2333 0010 012B     		cmp	r3, #1
 2334 0012 22D0     		beq	.L270
 2335 0014 4023     		movs	r3, #64
 2336 0016 9C46     		mov	ip, r3
 2337 0018 3F3B     		subs	r3, r3, #63
 2338 001a 6246     		mov	r2, ip
 2339 001c 8354     		strb	r3, [r0, r2]
 2340 001e 4033     		adds	r3, r3, #64
 2341 0020 2224     		movs	r4, #34
 2342 0022 C454     		strb	r4, [r0, r3]
 2343 0024 0133     		adds	r3, r3, #1
 2344 0026 023C     		subs	r4, r4, #2
 2345 0028 C454     		strb	r4, [r0, r3]
 2346 002a 0022     		movs	r2, #0
 2347 002c 4264     		str	r2, [r0, #68]
 2348 002e 0468     		ldr	r4, [r0]
 2349 0030 6368     		ldr	r3, [r4, #4]
 2350 0032 0B4E     		ldr	r6, .L271
 2351 0034 3340     		ands	r3, r6
 2352 0036 6360     		str	r3, [r4, #4]
 2353 0038 4162     		str	r1, [r0, #36]
 2354 003a 4585     		strh	r5, [r0, #42]
 2355 003c 438D     		ldrh	r3, [r0, #42]
 2356 003e 0385     		strh	r3, [r0, #40]
 2357 0040 084B     		ldr	r3, .L271+4
 2358 0042 C362     		str	r3, [r0, #44]
 2359 0044 084B     		ldr	r3, .L271+8
 2360 0046 4363     		str	r3, [r0, #52]
 2361 0048 6346     		mov	r3, ip
 2362 004a C254     		strb	r2, [r0, r3]
 2363 004c 0749     		ldr	r1, .L271+12
 2364 004e FFF7FEFF 		bl	I2C_Enable_IRQ
 2365 0052 0020     		movs	r0, #0
 2366              	.L268:
 2367              		@ sp needed
 2368 0054 70BD     		pop	{r4, r5, r6, pc}
 2369              	.L269:
 2370 0056 0220     		movs	r0, #2
 2371 0058 FCE7     		b	.L268
 2372              	.L270:
 2373 005a 0220     		movs	r0, #2
 2374 005c FAE7     		b	.L268
 2375              	.L272:
 2376 005e C046     		.align	2
 2377              	.L271:
 2378 0060 FF7FFFFF 		.word	-32769
 2379 0064 0000FFFF 		.word	-65536
 2380 0068 00000000 		.word	I2C_Slave_ISR_IT
 2381 006c 02800000 		.word	32770
 2383              		.section	.text.HAL_I2C_Master_Transmit_DMA,"ax",%progbits
 2384              		.align	1
 2385              		.global	HAL_I2C_Master_Transmit_DMA
ARM GAS  C:\Users\fastr\AppData\Local\Temp\cce7iK0f.s 			page 42


 2386              		.syntax unified
 2387              		.code	16
 2388              		.thumb_func
 2390              	HAL_I2C_Master_Transmit_DMA:
 2391              		@ args = 0, pretend = 0, frame = 0
 2392              		@ frame_needed = 0, uses_anonymous_args = 0
 2393 0000 F0B5     		push	{r4, r5, r6, r7, lr}
 2394 0002 83B0     		sub	sp, sp, #12
 2395 0004 0400     		movs	r4, r0
 2396 0006 0E00     		movs	r6, r1
 2397 0008 1500     		movs	r5, r2
 2398 000a 4121     		movs	r1, #65
 2399 000c 415C     		ldrb	r1, [r0, r1]
 2400 000e 2029     		cmp	r1, #32
 2401 0010 00D0     		beq	.LCB2792
 2402 0012 A4E0     		b	.L283	@long jump
 2403              	.LCB2792:
 2404 0014 0268     		ldr	r2, [r0]
 2405 0016 9446     		mov	ip, r2
 2406 0018 9069     		ldr	r0, [r2, #24]
 2407 001a 8021     		movs	r1, #128
 2408 001c 0902     		lsls	r1, r1, #8
 2409 001e 0200     		movs	r2, r0
 2410 0020 0A40     		ands	r2, r1
 2411 0022 0842     		tst	r0, r1
 2412 0024 00D0     		beq	.LCB2801
 2413 0026 9DE0     		b	.L284	@long jump
 2414              	.LCB2801:
 2415 0028 4021     		movs	r1, #64
 2416 002a 615C     		ldrb	r1, [r4, r1]
 2417 002c 0129     		cmp	r1, #1
 2418 002e 00D1     		bne	.LCB2805
 2419 0030 9AE0     		b	.L285	@long jump
 2420              	.LCB2805:
 2421 0032 4021     		movs	r1, #64
 2422 0034 0120     		movs	r0, #1
 2423 0036 6054     		strb	r0, [r4, r1]
 2424 0038 0131     		adds	r1, r1, #1
 2425 003a 2030     		adds	r0, r0, #32
 2426 003c 6054     		strb	r0, [r4, r1]
 2427 003e 0131     		adds	r1, r1, #1
 2428 0040 1138     		subs	r0, r0, #17
 2429 0042 6054     		strb	r0, [r4, r1]
 2430 0044 0021     		movs	r1, #0
 2431 0046 6164     		str	r1, [r4, #68]
 2432 0048 6562     		str	r5, [r4, #36]
 2433 004a 6385     		strh	r3, [r4, #42]
 2434 004c 474B     		ldr	r3, .L288
 2435 004e E362     		str	r3, [r4, #44]
 2436 0050 474B     		ldr	r3, .L288+4
 2437 0052 6363     		str	r3, [r4, #52]
 2438 0054 638D     		ldrh	r3, [r4, #42]
 2439 0056 FF2B     		cmp	r3, #255
 2440 0058 3BD9     		bls	.L275
 2441 005a FF23     		movs	r3, #255
 2442 005c 2385     		strh	r3, [r4, #40]
 2443 005e 8023     		movs	r3, #128
ARM GAS  C:\Users\fastr\AppData\Local\Temp\cce7iK0f.s 			page 43


 2444 0060 5B04     		lsls	r3, r3, #17
 2445 0062 1F00     		movs	r7, r3
 2446              	.L276:
 2447 0064 238D     		ldrh	r3, [r4, #40]
 2448 0066 002B     		cmp	r3, #0
 2449 0068 0CD0     		beq	.L277
 2450 006a 2B78     		ldrb	r3, [r5]
 2451 006c 6246     		mov	r2, ip
 2452 006e 9362     		str	r3, [r2, #40]
 2453 0070 636A     		ldr	r3, [r4, #36]
 2454 0072 0133     		adds	r3, r3, #1
 2455 0074 6362     		str	r3, [r4, #36]
 2456 0076 228D     		ldrh	r2, [r4, #40]
 2457 0078 638D     		ldrh	r3, [r4, #42]
 2458 007a 013B     		subs	r3, r3, #1
 2459 007c 9BB2     		uxth	r3, r3
 2460 007e 6385     		strh	r3, [r4, #42]
 2461 0080 531E     		subs	r3, r2, #1
 2462 0082 2385     		strh	r3, [r4, #40]
 2463              	.L277:
 2464 0084 238D     		ldrh	r3, [r4, #40]
 2465 0086 002B     		cmp	r3, #0
 2466 0088 55D0     		beq	.L278
 2467 008a A36B     		ldr	r3, [r4, #56]
 2468 008c 002B     		cmp	r3, #0
 2469 008e 26D0     		beq	.L279
 2470 0090 384A     		ldr	r2, .L288+8
 2471 0092 9A62     		str	r2, [r3, #40]
 2472 0094 A36B     		ldr	r3, [r4, #56]
 2473 0096 384A     		ldr	r2, .L288+12
 2474 0098 1A63     		str	r2, [r3, #48]
 2475 009a A26B     		ldr	r2, [r4, #56]
 2476 009c 0023     		movs	r3, #0
 2477 009e D362     		str	r3, [r2, #44]
 2478 00a0 A26B     		ldr	r2, [r4, #56]
 2479 00a2 5363     		str	r3, [r2, #52]
 2480 00a4 616A     		ldr	r1, [r4, #36]
 2481 00a6 2268     		ldr	r2, [r4]
 2482 00a8 2832     		adds	r2, r2, #40
 2483 00aa 238D     		ldrh	r3, [r4, #40]
 2484 00ac A06B     		ldr	r0, [r4, #56]
 2485 00ae FFF7FEFF 		bl	HAL_DMA_Start_IT
 2486 00b2 0028     		cmp	r0, #0
 2487 00b4 21D0     		beq	.L287
 2488 00b6 4123     		movs	r3, #65
 2489 00b8 2022     		movs	r2, #32
 2490 00ba E254     		strb	r2, [r4, r3]
 2491 00bc 0022     		movs	r2, #0
 2492 00be 0133     		adds	r3, r3, #1
 2493 00c0 E254     		strb	r2, [r4, r3]
 2494 00c2 636C     		ldr	r3, [r4, #68]
 2495 00c4 1021     		movs	r1, #16
 2496 00c6 0B43     		orrs	r3, r1
 2497 00c8 6364     		str	r3, [r4, #68]
 2498 00ca 4023     		movs	r3, #64
 2499 00cc E254     		strb	r2, [r4, r3]
 2500 00ce 0120     		movs	r0, #1
ARM GAS  C:\Users\fastr\AppData\Local\Temp\cce7iK0f.s 			page 44


 2501 00d0 46E0     		b	.L274
 2502              	.L275:
 2503 00d2 638D     		ldrh	r3, [r4, #42]
 2504 00d4 2385     		strh	r3, [r4, #40]
 2505 00d6 8023     		movs	r3, #128
 2506 00d8 9B04     		lsls	r3, r3, #18
 2507 00da 1F00     		movs	r7, r3
 2508 00dc C2E7     		b	.L276
 2509              	.L279:
 2510 00de 4123     		movs	r3, #65
 2511 00e0 2022     		movs	r2, #32
 2512 00e2 E254     		strb	r2, [r4, r3]
 2513 00e4 0022     		movs	r2, #0
 2514 00e6 0133     		adds	r3, r3, #1
 2515 00e8 E254     		strb	r2, [r4, r3]
 2516 00ea 636C     		ldr	r3, [r4, #68]
 2517 00ec 8021     		movs	r1, #128
 2518 00ee 0B43     		orrs	r3, r1
 2519 00f0 6364     		str	r3, [r4, #68]
 2520 00f2 4023     		movs	r3, #64
 2521 00f4 E254     		strb	r2, [r4, r3]
 2522 00f6 0120     		movs	r0, #1
 2523 00f8 32E0     		b	.L274
 2524              	.L287:
 2525 00fa 228D     		ldrh	r2, [r4, #40]
 2526 00fc D2B2     		uxtb	r2, r2
 2527 00fe 0132     		adds	r2, r2, #1
 2528 0100 D2B2     		uxtb	r2, r2
 2529 0102 1E4B     		ldr	r3, .L288+16
 2530 0104 0093     		str	r3, [sp]
 2531 0106 3B00     		movs	r3, r7
 2532 0108 3100     		movs	r1, r6
 2533 010a 2000     		movs	r0, r4
 2534 010c FFF7FEFF 		bl	I2C_TransferConfig
 2535 0110 638D     		ldrh	r3, [r4, #42]
 2536 0112 228D     		ldrh	r2, [r4, #40]
 2537 0114 9B1A     		subs	r3, r3, r2
 2538 0116 9BB2     		uxth	r3, r3
 2539 0118 6385     		strh	r3, [r4, #42]
 2540 011a 4023     		movs	r3, #64
 2541 011c 0022     		movs	r2, #0
 2542 011e E254     		strb	r2, [r4, r3]
 2543 0120 1021     		movs	r1, #16
 2544 0122 2000     		movs	r0, r4
 2545 0124 FFF7FEFF 		bl	I2C_Enable_IRQ
 2546 0128 2268     		ldr	r2, [r4]
 2547 012a 1168     		ldr	r1, [r2]
 2548 012c 8023     		movs	r3, #128
 2549 012e DB01     		lsls	r3, r3, #7
 2550 0130 0B43     		orrs	r3, r1
 2551 0132 1360     		str	r3, [r2]
 2552 0134 11E0     		b	.L282
 2553              	.L278:
 2554 0136 124B     		ldr	r3, .L288+20
 2555 0138 6363     		str	r3, [r4, #52]
 2556 013a 8023     		movs	r3, #128
 2557 013c D2B2     		uxtb	r2, r2
ARM GAS  C:\Users\fastr\AppData\Local\Temp\cce7iK0f.s 			page 45


 2558 013e 0F49     		ldr	r1, .L288+16
 2559 0140 0091     		str	r1, [sp]
 2560 0142 9B04     		lsls	r3, r3, #18
 2561 0144 3100     		movs	r1, r6
 2562 0146 2000     		movs	r0, r4
 2563 0148 FFF7FEFF 		bl	I2C_TransferConfig
 2564 014c 4023     		movs	r3, #64
 2565 014e 0022     		movs	r2, #0
 2566 0150 E254     		strb	r2, [r4, r3]
 2567 0152 0121     		movs	r1, #1
 2568 0154 2000     		movs	r0, r4
 2569 0156 FFF7FEFF 		bl	I2C_Enable_IRQ
 2570              	.L282:
 2571 015a 0020     		movs	r0, #0
 2572 015c 00E0     		b	.L274
 2573              	.L283:
 2574 015e 0220     		movs	r0, #2
 2575              	.L274:
 2576 0160 03B0     		add	sp, sp, #12
 2577              		@ sp needed
 2578 0162 F0BD     		pop	{r4, r5, r6, r7, pc}
 2579              	.L284:
 2580 0164 0220     		movs	r0, #2
 2581 0166 FBE7     		b	.L274
 2582              	.L285:
 2583 0168 0220     		movs	r0, #2
 2584 016a F9E7     		b	.L274
 2585              	.L289:
 2586              		.align	2
 2587              	.L288:
 2588 016c 0000FFFF 		.word	-65536
 2589 0170 00000000 		.word	I2C_Master_ISR_DMA
 2590 0174 00000000 		.word	I2C_DMAMasterTransmitCplt
 2591 0178 00000000 		.word	I2C_DMAError
 2592 017c 00200080 		.word	-2147475456
 2593 0180 00000000 		.word	I2C_Master_ISR_IT
 2595              		.section	.text.HAL_I2C_Master_Receive_DMA,"ax",%progbits
 2596              		.align	1
 2597              		.global	HAL_I2C_Master_Receive_DMA
 2598              		.syntax unified
 2599              		.code	16
 2600              		.thumb_func
 2602              	HAL_I2C_Master_Receive_DMA:
 2603              		@ args = 0, pretend = 0, frame = 0
 2604              		@ frame_needed = 0, uses_anonymous_args = 0
 2605 0000 70B5     		push	{r4, r5, r6, lr}
 2606 0002 82B0     		sub	sp, sp, #8
 2607 0004 0400     		movs	r4, r0
 2608 0006 0D00     		movs	r5, r1
 2609 0008 4121     		movs	r1, #65
 2610 000a 415C     		ldrb	r1, [r0, r1]
 2611 000c 2029     		cmp	r1, #32
 2612 000e 00D0     		beq	.LCB3025
 2613 0010 8CE0     		b	.L299	@long jump
 2614              	.LCB3025:
 2615 0012 0168     		ldr	r1, [r0]
 2616 0014 8969     		ldr	r1, [r1, #24]
ARM GAS  C:\Users\fastr\AppData\Local\Temp\cce7iK0f.s 			page 46


 2617 0016 0904     		lsls	r1, r1, #16
 2618 0018 00D5     		bpl	.LCB3031
 2619 001a 8AE0     		b	.L300	@long jump
 2620              	.LCB3031:
 2621 001c 4021     		movs	r1, #64
 2622 001e 415C     		ldrb	r1, [r0, r1]
 2623 0020 0129     		cmp	r1, #1
 2624 0022 00D1     		bne	.LCB3035
 2625 0024 87E0     		b	.L301	@long jump
 2626              	.LCB3035:
 2627 0026 4021     		movs	r1, #64
 2628 0028 0120     		movs	r0, #1
 2629 002a 6054     		strb	r0, [r4, r1]
 2630 002c 0131     		adds	r1, r1, #1
 2631 002e 2130     		adds	r0, r0, #33
 2632 0030 6054     		strb	r0, [r4, r1]
 2633 0032 0131     		adds	r1, r1, #1
 2634 0034 1238     		subs	r0, r0, #18
 2635 0036 6054     		strb	r0, [r4, r1]
 2636 0038 0021     		movs	r1, #0
 2637 003a 6164     		str	r1, [r4, #68]
 2638 003c 6262     		str	r2, [r4, #36]
 2639 003e 6385     		strh	r3, [r4, #42]
 2640 0040 3E4B     		ldr	r3, .L304
 2641 0042 E362     		str	r3, [r4, #44]
 2642 0044 3E4B     		ldr	r3, .L304+4
 2643 0046 6363     		str	r3, [r4, #52]
 2644 0048 638D     		ldrh	r3, [r4, #42]
 2645 004a FF2B     		cmp	r3, #255
 2646 004c 2AD9     		bls	.L292
 2647 004e 0123     		movs	r3, #1
 2648 0050 2385     		strh	r3, [r4, #40]
 2649 0052 8023     		movs	r3, #128
 2650 0054 5B04     		lsls	r3, r3, #17
 2651 0056 1E00     		movs	r6, r3
 2652              	.L293:
 2653 0058 218D     		ldrh	r1, [r4, #40]
 2654 005a 0029     		cmp	r1, #0
 2655 005c 52D0     		beq	.L294
 2656 005e E36B     		ldr	r3, [r4, #60]
 2657 0060 002B     		cmp	r3, #0
 2658 0062 25D0     		beq	.L295
 2659 0064 3749     		ldr	r1, .L304+8
 2660 0066 9962     		str	r1, [r3, #40]
 2661 0068 E36B     		ldr	r3, [r4, #60]
 2662 006a 3749     		ldr	r1, .L304+12
 2663 006c 1963     		str	r1, [r3, #48]
 2664 006e E16B     		ldr	r1, [r4, #60]
 2665 0070 0023     		movs	r3, #0
 2666 0072 CB62     		str	r3, [r1, #44]
 2667 0074 E16B     		ldr	r1, [r4, #60]
 2668 0076 4B63     		str	r3, [r1, #52]
 2669 0078 2168     		ldr	r1, [r4]
 2670 007a 2431     		adds	r1, r1, #36
 2671 007c 238D     		ldrh	r3, [r4, #40]
 2672 007e E06B     		ldr	r0, [r4, #60]
 2673 0080 FFF7FEFF 		bl	HAL_DMA_Start_IT
ARM GAS  C:\Users\fastr\AppData\Local\Temp\cce7iK0f.s 			page 47


 2674 0084 0028     		cmp	r0, #0
 2675 0086 21D0     		beq	.L303
 2676 0088 4123     		movs	r3, #65
 2677 008a 2022     		movs	r2, #32
 2678 008c E254     		strb	r2, [r4, r3]
 2679 008e 0022     		movs	r2, #0
 2680 0090 0133     		adds	r3, r3, #1
 2681 0092 E254     		strb	r2, [r4, r3]
 2682 0094 636C     		ldr	r3, [r4, #68]
 2683 0096 1021     		movs	r1, #16
 2684 0098 0B43     		orrs	r3, r1
 2685 009a 6364     		str	r3, [r4, #68]
 2686 009c 4023     		movs	r3, #64
 2687 009e E254     		strb	r2, [r4, r3]
 2688 00a0 0120     		movs	r0, #1
 2689 00a2 44E0     		b	.L291
 2690              	.L292:
 2691 00a4 638D     		ldrh	r3, [r4, #42]
 2692 00a6 2385     		strh	r3, [r4, #40]
 2693 00a8 8023     		movs	r3, #128
 2694 00aa 9B04     		lsls	r3, r3, #18
 2695 00ac 1E00     		movs	r6, r3
 2696 00ae D3E7     		b	.L293
 2697              	.L295:
 2698 00b0 4123     		movs	r3, #65
 2699 00b2 2022     		movs	r2, #32
 2700 00b4 E254     		strb	r2, [r4, r3]
 2701 00b6 0022     		movs	r2, #0
 2702 00b8 0133     		adds	r3, r3, #1
 2703 00ba E254     		strb	r2, [r4, r3]
 2704 00bc 636C     		ldr	r3, [r4, #68]
 2705 00be 8021     		movs	r1, #128
 2706 00c0 0B43     		orrs	r3, r1
 2707 00c2 6364     		str	r3, [r4, #68]
 2708 00c4 4023     		movs	r3, #64
 2709 00c6 E254     		strb	r2, [r4, r3]
 2710 00c8 0120     		movs	r0, #1
 2711 00ca 30E0     		b	.L291
 2712              	.L303:
 2713 00cc 228D     		ldrh	r2, [r4, #40]
 2714 00ce D2B2     		uxtb	r2, r2
 2715 00d0 1E4B     		ldr	r3, .L304+16
 2716 00d2 0093     		str	r3, [sp]
 2717 00d4 3300     		movs	r3, r6
 2718 00d6 2900     		movs	r1, r5
 2719 00d8 2000     		movs	r0, r4
 2720 00da FFF7FEFF 		bl	I2C_TransferConfig
 2721 00de 638D     		ldrh	r3, [r4, #42]
 2722 00e0 228D     		ldrh	r2, [r4, #40]
 2723 00e2 9B1A     		subs	r3, r3, r2
 2724 00e4 9BB2     		uxth	r3, r3
 2725 00e6 6385     		strh	r3, [r4, #42]
 2726 00e8 4023     		movs	r3, #64
 2727 00ea 0022     		movs	r2, #0
 2728 00ec E254     		strb	r2, [r4, r3]
 2729 00ee 1021     		movs	r1, #16
 2730 00f0 2000     		movs	r0, r4
ARM GAS  C:\Users\fastr\AppData\Local\Temp\cce7iK0f.s 			page 48


 2731 00f2 FFF7FEFF 		bl	I2C_Enable_IRQ
 2732 00f6 2268     		ldr	r2, [r4]
 2733 00f8 1168     		ldr	r1, [r2]
 2734 00fa 8023     		movs	r3, #128
 2735 00fc 1B02     		lsls	r3, r3, #8
 2736 00fe 0B43     		orrs	r3, r1
 2737 0100 1360     		str	r3, [r2]
 2738 0102 11E0     		b	.L298
 2739              	.L294:
 2740 0104 124B     		ldr	r3, .L304+20
 2741 0106 6363     		str	r3, [r4, #52]
 2742 0108 8023     		movs	r3, #128
 2743 010a CAB2     		uxtb	r2, r1
 2744 010c 0F49     		ldr	r1, .L304+16
 2745 010e 0091     		str	r1, [sp]
 2746 0110 9B04     		lsls	r3, r3, #18
 2747 0112 2900     		movs	r1, r5
 2748 0114 2000     		movs	r0, r4
 2749 0116 FFF7FEFF 		bl	I2C_TransferConfig
 2750 011a 4023     		movs	r3, #64
 2751 011c 0022     		movs	r2, #0
 2752 011e E254     		strb	r2, [r4, r3]
 2753 0120 0221     		movs	r1, #2
 2754 0122 2000     		movs	r0, r4
 2755 0124 FFF7FEFF 		bl	I2C_Enable_IRQ
 2756              	.L298:
 2757 0128 0020     		movs	r0, #0
 2758 012a 00E0     		b	.L291
 2759              	.L299:
 2760 012c 0220     		movs	r0, #2
 2761              	.L291:
 2762 012e 02B0     		add	sp, sp, #8
 2763              		@ sp needed
 2764 0130 70BD     		pop	{r4, r5, r6, pc}
 2765              	.L300:
 2766 0132 0220     		movs	r0, #2
 2767 0134 FBE7     		b	.L291
 2768              	.L301:
 2769 0136 0220     		movs	r0, #2
 2770 0138 F9E7     		b	.L291
 2771              	.L305:
 2772 013a C046     		.align	2
 2773              	.L304:
 2774 013c 0000FFFF 		.word	-65536
 2775 0140 00000000 		.word	I2C_Master_ISR_DMA
 2776 0144 00000000 		.word	I2C_DMAMasterReceiveCplt
 2777 0148 00000000 		.word	I2C_DMAError
 2778 014c 00240080 		.word	-2147474432
 2779 0150 00000000 		.word	I2C_Master_ISR_IT
 2781              		.section	.text.HAL_I2C_Slave_Transmit_DMA,"ax",%progbits
 2782              		.align	1
 2783              		.global	HAL_I2C_Slave_Transmit_DMA
 2784              		.syntax unified
 2785              		.code	16
 2786              		.thumb_func
 2788              	HAL_I2C_Slave_Transmit_DMA:
 2789              		@ args = 0, pretend = 0, frame = 0
ARM GAS  C:\Users\fastr\AppData\Local\Temp\cce7iK0f.s 			page 49


 2790              		@ frame_needed = 0, uses_anonymous_args = 0
 2791 0000 10B5     		push	{r4, lr}
 2792 0002 0400     		movs	r4, r0
 2793 0004 4123     		movs	r3, #65
 2794 0006 C35C     		ldrb	r3, [r0, r3]
 2795 0008 202B     		cmp	r3, #32
 2796 000a 00D0     		beq	.LCB3230
 2797 000c 8BE0     		b	.L316	@long jump
 2798              	.LCB3230:
 2799 000e 0029     		cmp	r1, #0
 2800 0010 45D0     		beq	.L308
 2801 0012 002A     		cmp	r2, #0
 2802 0014 43D0     		beq	.L308
 2803 0016 4023     		movs	r3, #64
 2804 0018 C35C     		ldrb	r3, [r0, r3]
 2805 001a 012B     		cmp	r3, #1
 2806 001c 00D1     		bne	.LCB3238
 2807 001e 84E0     		b	.L317	@long jump
 2808              	.LCB3238:
 2809 0020 4023     		movs	r3, #64
 2810 0022 0120     		movs	r0, #1
 2811 0024 E054     		strb	r0, [r4, r3]
 2812 0026 0133     		adds	r3, r3, #1
 2813 0028 2030     		adds	r0, r0, #32
 2814 002a E054     		strb	r0, [r4, r3]
 2815 002c 0133     		adds	r3, r3, #1
 2816 002e 0138     		subs	r0, r0, #1
 2817 0030 E054     		strb	r0, [r4, r3]
 2818 0032 0023     		movs	r3, #0
 2819 0034 6364     		str	r3, [r4, #68]
 2820 0036 6162     		str	r1, [r4, #36]
 2821 0038 6285     		strh	r2, [r4, #42]
 2822 003a 638D     		ldrh	r3, [r4, #42]
 2823 003c 2385     		strh	r3, [r4, #40]
 2824 003e 3C4B     		ldr	r3, .L321
 2825 0040 E362     		str	r3, [r4, #44]
 2826 0042 3C4B     		ldr	r3, .L321+4
 2827 0044 6363     		str	r3, [r4, #52]
 2828 0046 226A     		ldr	r2, [r4, #32]
 2829 0048 8023     		movs	r3, #128
 2830 004a 9B02     		lsls	r3, r3, #10
 2831 004c 9A42     		cmp	r2, r3
 2832 004e 2BD0     		beq	.L319
 2833              	.L310:
 2834 0050 638D     		ldrh	r3, [r4, #42]
 2835 0052 002B     		cmp	r3, #0
 2836 0054 58D0     		beq	.L311
 2837 0056 A36B     		ldr	r3, [r4, #56]
 2838 0058 002B     		cmp	r3, #0
 2839 005a 33D0     		beq	.L312
 2840 005c 364A     		ldr	r2, .L321+8
 2841 005e 9A62     		str	r2, [r3, #40]
 2842 0060 A36B     		ldr	r3, [r4, #56]
 2843 0062 364A     		ldr	r2, .L321+12
 2844 0064 1A63     		str	r2, [r3, #48]
 2845 0066 A26B     		ldr	r2, [r4, #56]
 2846 0068 0023     		movs	r3, #0
ARM GAS  C:\Users\fastr\AppData\Local\Temp\cce7iK0f.s 			page 50


 2847 006a D362     		str	r3, [r2, #44]
 2848 006c A26B     		ldr	r2, [r4, #56]
 2849 006e 5363     		str	r3, [r2, #52]
 2850 0070 616A     		ldr	r1, [r4, #36]
 2851 0072 2268     		ldr	r2, [r4]
 2852 0074 2832     		adds	r2, r2, #40
 2853 0076 238D     		ldrh	r3, [r4, #40]
 2854 0078 A06B     		ldr	r0, [r4, #56]
 2855 007a FFF7FEFF 		bl	HAL_DMA_Start_IT
 2856 007e 0028     		cmp	r0, #0
 2857 0080 2ED0     		beq	.L320
 2858 0082 4123     		movs	r3, #65
 2859 0084 2822     		movs	r2, #40
 2860 0086 E254     		strb	r2, [r4, r3]
 2861 0088 0022     		movs	r2, #0
 2862 008a 0133     		adds	r3, r3, #1
 2863 008c E254     		strb	r2, [r4, r3]
 2864 008e 636C     		ldr	r3, [r4, #68]
 2865 0090 1021     		movs	r1, #16
 2866 0092 0B43     		orrs	r3, r1
 2867 0094 6364     		str	r3, [r4, #68]
 2868 0096 4023     		movs	r3, #64
 2869 0098 E254     		strb	r2, [r4, r3]
 2870 009a 0120     		movs	r0, #1
 2871 009c 44E0     		b	.L307
 2872              	.L308:
 2873 009e 8023     		movs	r3, #128
 2874 00a0 9B00     		lsls	r3, r3, #2
 2875 00a2 6364     		str	r3, [r4, #68]
 2876 00a4 0120     		movs	r0, #1
 2877 00a6 3FE0     		b	.L307
 2878              	.L319:
 2879 00a8 2368     		ldr	r3, [r4]
 2880 00aa 0A78     		ldrb	r2, [r1]
 2881 00ac 9A62     		str	r2, [r3, #40]
 2882 00ae 636A     		ldr	r3, [r4, #36]
 2883 00b0 0133     		adds	r3, r3, #1
 2884 00b2 6362     		str	r3, [r4, #36]
 2885 00b4 638D     		ldrh	r3, [r4, #42]
 2886 00b6 013B     		subs	r3, r3, #1
 2887 00b8 9BB2     		uxth	r3, r3
 2888 00ba 6385     		strh	r3, [r4, #42]
 2889 00bc 238D     		ldrh	r3, [r4, #40]
 2890 00be 013B     		subs	r3, r3, #1
 2891 00c0 2385     		strh	r3, [r4, #40]
 2892 00c2 C5E7     		b	.L310
 2893              	.L312:
 2894 00c4 4123     		movs	r3, #65
 2895 00c6 2822     		movs	r2, #40
 2896 00c8 E254     		strb	r2, [r4, r3]
 2897 00ca 0022     		movs	r2, #0
 2898 00cc 0133     		adds	r3, r3, #1
 2899 00ce E254     		strb	r2, [r4, r3]
 2900 00d0 636C     		ldr	r3, [r4, #68]
 2901 00d2 8021     		movs	r1, #128
 2902 00d4 0B43     		orrs	r3, r1
 2903 00d6 6364     		str	r3, [r4, #68]
ARM GAS  C:\Users\fastr\AppData\Local\Temp\cce7iK0f.s 			page 51


 2904 00d8 4023     		movs	r3, #64
 2905 00da E254     		strb	r2, [r4, r3]
 2906 00dc 0120     		movs	r0, #1
 2907 00de 23E0     		b	.L307
 2908              	.L320:
 2909 00e0 2268     		ldr	r2, [r4]
 2910 00e2 5368     		ldr	r3, [r2, #4]
 2911 00e4 1649     		ldr	r1, .L321+16
 2912 00e6 0B40     		ands	r3, r1
 2913 00e8 5360     		str	r3, [r2, #4]
 2914 00ea 4023     		movs	r3, #64
 2915 00ec 0022     		movs	r2, #0
 2916 00ee E254     		strb	r2, [r4, r3]
 2917 00f0 8021     		movs	r1, #128
 2918 00f2 0902     		lsls	r1, r1, #8
 2919 00f4 2000     		movs	r0, r4
 2920 00f6 FFF7FEFF 		bl	I2C_Enable_IRQ
 2921 00fa 2268     		ldr	r2, [r4]
 2922 00fc 1168     		ldr	r1, [r2]
 2923 00fe 8023     		movs	r3, #128
 2924 0100 DB01     		lsls	r3, r3, #7
 2925 0102 0B43     		orrs	r3, r1
 2926 0104 1360     		str	r3, [r2]
 2927 0106 0CE0     		b	.L315
 2928              	.L311:
 2929 0108 2268     		ldr	r2, [r4]
 2930 010a 5368     		ldr	r3, [r2, #4]
 2931 010c 0C49     		ldr	r1, .L321+16
 2932 010e 0B40     		ands	r3, r1
 2933 0110 5360     		str	r3, [r2, #4]
 2934 0112 4023     		movs	r3, #64
 2935 0114 0022     		movs	r2, #0
 2936 0116 E254     		strb	r2, [r4, r3]
 2937 0118 8021     		movs	r1, #128
 2938 011a 0902     		lsls	r1, r1, #8
 2939 011c 2000     		movs	r0, r4
 2940 011e FFF7FEFF 		bl	I2C_Enable_IRQ
 2941              	.L315:
 2942 0122 0020     		movs	r0, #0
 2943 0124 00E0     		b	.L307
 2944              	.L316:
 2945 0126 0220     		movs	r0, #2
 2946              	.L307:
 2947              		@ sp needed
 2948 0128 10BD     		pop	{r4, pc}
 2949              	.L317:
 2950 012a 0220     		movs	r0, #2
 2951 012c FCE7     		b	.L307
 2952              	.L322:
 2953 012e C046     		.align	2
 2954              	.L321:
 2955 0130 0000FFFF 		.word	-65536
 2956 0134 00000000 		.word	I2C_Slave_ISR_DMA
 2957 0138 00000000 		.word	I2C_DMASlaveTransmitCplt
 2958 013c 00000000 		.word	I2C_DMAError
 2959 0140 FF7FFFFF 		.word	-32769
 2961              		.section	.text.HAL_I2C_Slave_Receive_DMA,"ax",%progbits
ARM GAS  C:\Users\fastr\AppData\Local\Temp\cce7iK0f.s 			page 52


 2962              		.align	1
 2963              		.global	HAL_I2C_Slave_Receive_DMA
 2964              		.syntax unified
 2965              		.code	16
 2966              		.thumb_func
 2968              	HAL_I2C_Slave_Receive_DMA:
 2969              		@ args = 0, pretend = 0, frame = 0
 2970              		@ frame_needed = 0, uses_anonymous_args = 0
 2971 0000 70B5     		push	{r4, r5, r6, lr}
 2972 0002 0400     		movs	r4, r0
 2973 0004 4123     		movs	r3, #65
 2974 0006 C35C     		ldrb	r3, [r0, r3]
 2975 0008 202B     		cmp	r3, #32
 2976 000a 6BD1     		bne	.L330
 2977 000c 0029     		cmp	r1, #0
 2978 000e 40D0     		beq	.L325
 2979 0010 002A     		cmp	r2, #0
 2980 0012 3ED0     		beq	.L325
 2981 0014 4023     		movs	r3, #64
 2982 0016 C35C     		ldrb	r3, [r0, r3]
 2983 0018 012B     		cmp	r3, #1
 2984 001a 67D0     		beq	.L331
 2985 001c 4023     		movs	r3, #64
 2986 001e 0120     		movs	r0, #1
 2987 0020 E054     		strb	r0, [r4, r3]
 2988 0022 0133     		adds	r3, r3, #1
 2989 0024 2130     		adds	r0, r0, #33
 2990 0026 E054     		strb	r0, [r4, r3]
 2991 0028 0133     		adds	r3, r3, #1
 2992 002a 0238     		subs	r0, r0, #2
 2993 002c E054     		strb	r0, [r4, r3]
 2994 002e 0023     		movs	r3, #0
 2995 0030 6364     		str	r3, [r4, #68]
 2996 0032 6162     		str	r1, [r4, #36]
 2997 0034 6285     		strh	r2, [r4, #42]
 2998 0036 638D     		ldrh	r3, [r4, #42]
 2999 0038 2385     		strh	r3, [r4, #40]
 3000 003a 2E4B     		ldr	r3, .L334
 3001 003c E362     		str	r3, [r4, #44]
 3002 003e 2E4B     		ldr	r3, .L334+4
 3003 0040 6363     		str	r3, [r4, #52]
 3004 0042 E36B     		ldr	r3, [r4, #60]
 3005 0044 002B     		cmp	r3, #0
 3006 0046 2AD0     		beq	.L327
 3007 0048 2C4A     		ldr	r2, .L334+8
 3008 004a 9A62     		str	r2, [r3, #40]
 3009 004c E36B     		ldr	r3, [r4, #60]
 3010 004e 2C4A     		ldr	r2, .L334+12
 3011 0050 1A63     		str	r2, [r3, #48]
 3012 0052 E26B     		ldr	r2, [r4, #60]
 3013 0054 0023     		movs	r3, #0
 3014 0056 D362     		str	r3, [r2, #44]
 3015 0058 E26B     		ldr	r2, [r4, #60]
 3016 005a 5363     		str	r3, [r2, #52]
 3017 005c 2368     		ldr	r3, [r4]
 3018 005e 2422     		movs	r2, #36
 3019 0060 9446     		mov	ip, r2
ARM GAS  C:\Users\fastr\AppData\Local\Temp\cce7iK0f.s 			page 53


 3020 0062 9C44     		add	ip, ip, r3
 3021 0064 238D     		ldrh	r3, [r4, #40]
 3022 0066 E06B     		ldr	r0, [r4, #60]
 3023 0068 0A00     		movs	r2, r1
 3024 006a 6146     		mov	r1, ip
 3025 006c FFF7FEFF 		bl	HAL_DMA_Start_IT
 3026 0070 051E     		subs	r5, r0, #0
 3027 0072 23D0     		beq	.L333
 3028 0074 4123     		movs	r3, #65
 3029 0076 2822     		movs	r2, #40
 3030 0078 E254     		strb	r2, [r4, r3]
 3031 007a 0022     		movs	r2, #0
 3032 007c 0133     		adds	r3, r3, #1
 3033 007e E254     		strb	r2, [r4, r3]
 3034 0080 636C     		ldr	r3, [r4, #68]
 3035 0082 1021     		movs	r1, #16
 3036 0084 0B43     		orrs	r3, r1
 3037 0086 6364     		str	r3, [r4, #68]
 3038 0088 4023     		movs	r3, #64
 3039 008a E254     		strb	r2, [r4, r3]
 3040 008c 3F3B     		subs	r3, r3, #63
 3041 008e 1D00     		movs	r5, r3
 3042 0090 2AE0     		b	.L324
 3043              	.L325:
 3044 0092 8023     		movs	r3, #128
 3045 0094 9B00     		lsls	r3, r3, #2
 3046 0096 6364     		str	r3, [r4, #68]
 3047 0098 0123     		movs	r3, #1
 3048 009a 1D00     		movs	r5, r3
 3049 009c 24E0     		b	.L324
 3050              	.L327:
 3051 009e 4123     		movs	r3, #65
 3052 00a0 2822     		movs	r2, #40
 3053 00a2 E254     		strb	r2, [r4, r3]
 3054 00a4 0022     		movs	r2, #0
 3055 00a6 0133     		adds	r3, r3, #1
 3056 00a8 E254     		strb	r2, [r4, r3]
 3057 00aa 636C     		ldr	r3, [r4, #68]
 3058 00ac 8021     		movs	r1, #128
 3059 00ae 0B43     		orrs	r3, r1
 3060 00b0 6364     		str	r3, [r4, #68]
 3061 00b2 4023     		movs	r3, #64
 3062 00b4 E254     		strb	r2, [r4, r3]
 3063 00b6 3F3B     		subs	r3, r3, #63
 3064 00b8 1D00     		movs	r5, r3
 3065 00ba 15E0     		b	.L324
 3066              	.L333:
 3067 00bc 2268     		ldr	r2, [r4]
 3068 00be 5368     		ldr	r3, [r2, #4]
 3069 00c0 1049     		ldr	r1, .L334+16
 3070 00c2 0B40     		ands	r3, r1
 3071 00c4 5360     		str	r3, [r2, #4]
 3072 00c6 4023     		movs	r3, #64
 3073 00c8 0022     		movs	r2, #0
 3074 00ca E254     		strb	r2, [r4, r3]
 3075 00cc 8021     		movs	r1, #128
 3076 00ce 0902     		lsls	r1, r1, #8
ARM GAS  C:\Users\fastr\AppData\Local\Temp\cce7iK0f.s 			page 54


 3077 00d0 2000     		movs	r0, r4
 3078 00d2 FFF7FEFF 		bl	I2C_Enable_IRQ
 3079 00d6 2268     		ldr	r2, [r4]
 3080 00d8 1368     		ldr	r3, [r2]
 3081 00da 8021     		movs	r1, #128
 3082 00dc 0902     		lsls	r1, r1, #8
 3083 00de 0B43     		orrs	r3, r1
 3084 00e0 1360     		str	r3, [r2]
 3085 00e2 01E0     		b	.L324
 3086              	.L330:
 3087 00e4 0223     		movs	r3, #2
 3088 00e6 1D00     		movs	r5, r3
 3089              	.L324:
 3090 00e8 2800     		movs	r0, r5
 3091              		@ sp needed
 3092 00ea 70BD     		pop	{r4, r5, r6, pc}
 3093              	.L331:
 3094 00ec 0223     		movs	r3, #2
 3095 00ee 1D00     		movs	r5, r3
 3096 00f0 FAE7     		b	.L324
 3097              	.L335:
 3098 00f2 C046     		.align	2
 3099              	.L334:
 3100 00f4 0000FFFF 		.word	-65536
 3101 00f8 00000000 		.word	I2C_Slave_ISR_DMA
 3102 00fc 00000000 		.word	I2C_DMASlaveReceiveCplt
 3103 0100 00000000 		.word	I2C_DMAError
 3104 0104 FF7FFFFF 		.word	-32769
 3106              		.section	.text.HAL_I2C_Mem_Write,"ax",%progbits
 3107              		.align	1
 3108              		.global	HAL_I2C_Mem_Write
 3109              		.syntax unified
 3110              		.code	16
 3111              		.thumb_func
 3113              	HAL_I2C_Mem_Write:
 3114              		@ args = 12, pretend = 0, frame = 8
 3115              		@ frame_needed = 0, uses_anonymous_args = 0
 3116 0000 F0B5     		push	{r4, r5, r6, r7, lr}
 3117 0002 CE46     		mov	lr, r9
 3118 0004 4746     		mov	r7, r8
 3119 0006 80B5     		push	{r7, lr}
 3120 0008 85B0     		sub	sp, sp, #20
 3121 000a 0400     		movs	r4, r0
 3122 000c 0E00     		movs	r6, r1
 3123 000e 1700     		movs	r7, r2
 3124 0010 0393     		str	r3, [sp, #12]
 3125 0012 0CAB     		add	r3, sp, #48
 3126 0014 04CB     		ldmia	r3!, {r2}
 3127 0016 9046     		mov	r8, r2
 3128 0018 1988     		ldrh	r1, [r3]
 3129 001a 8946     		mov	r9, r1
 3130 001c 4123     		movs	r3, #65
 3131 001e C35C     		ldrb	r3, [r0, r3]
 3132 0020 202B     		cmp	r3, #32
 3133 0022 00D0     		beq	.LCB3602
 3134 0024 B1E0     		b	.L346	@long jump
 3135              	.LCB3602:
ARM GAS  C:\Users\fastr\AppData\Local\Temp\cce7iK0f.s 			page 55


 3136 0026 002A     		cmp	r2, #0
 3137 0028 18D0     		beq	.L338
 3138 002a 0029     		cmp	r1, #0
 3139 002c 16D0     		beq	.L338
 3140 002e 4023     		movs	r3, #64
 3141 0030 C35C     		ldrb	r3, [r0, r3]
 3142 0032 012B     		cmp	r3, #1
 3143 0034 00D1     		bne	.LCB3610
 3144 0036 AEE0     		b	.L347	@long jump
 3145              	.LCB3610:
 3146 0038 4023     		movs	r3, #64
 3147 003a 0122     		movs	r2, #1
 3148 003c C254     		strb	r2, [r0, r3]
 3149 003e FFF7FEFF 		bl	HAL_GetTick
 3150 0042 0500     		movs	r5, r0
 3151 0044 8021     		movs	r1, #128
 3152 0046 0090     		str	r0, [sp]
 3153 0048 1923     		movs	r3, #25
 3154 004a 0122     		movs	r2, #1
 3155 004c 0902     		lsls	r1, r1, #8
 3156 004e 2000     		movs	r0, r4
 3157 0050 FFF7FEFF 		bl	I2C_WaitOnFlagUntilTimeout
 3158 0054 0028     		cmp	r0, #0
 3159 0056 06D0     		beq	.L352
 3160 0058 0120     		movs	r0, #1
 3161 005a 97E0     		b	.L337
 3162              	.L338:
 3163 005c 8023     		movs	r3, #128
 3164 005e 9B00     		lsls	r3, r3, #2
 3165 0060 6364     		str	r3, [r4, #68]
 3166 0062 0120     		movs	r0, #1
 3167 0064 92E0     		b	.L337
 3168              	.L352:
 3169 0066 4123     		movs	r3, #65
 3170 0068 2122     		movs	r2, #33
 3171 006a E254     		strb	r2, [r4, r3]
 3172 006c 0133     		adds	r3, r3, #1
 3173 006e 1F32     		adds	r2, r2, #31
 3174 0070 E254     		strb	r2, [r4, r3]
 3175 0072 0023     		movs	r3, #0
 3176 0074 6364     		str	r3, [r4, #68]
 3177 0076 4246     		mov	r2, r8
 3178 0078 6262     		str	r2, [r4, #36]
 3179 007a 4A46     		mov	r2, r9
 3180 007c 6285     		strh	r2, [r4, #42]
 3181 007e 6363     		str	r3, [r4, #52]
 3182 0080 0195     		str	r5, [sp, #4]
 3183 0082 0E9B     		ldr	r3, [sp, #56]
 3184 0084 0093     		str	r3, [sp]
 3185 0086 039B     		ldr	r3, [sp, #12]
 3186 0088 3A00     		movs	r2, r7
 3187 008a 3100     		movs	r1, r6
 3188 008c 2000     		movs	r0, r4
 3189 008e FFF7FEFF 		bl	I2C_RequestMemoryWrite
 3190 0092 0028     		cmp	r0, #0
 3191 0094 0ED1     		bne	.L353
 3192 0096 638D     		ldrh	r3, [r4, #42]
ARM GAS  C:\Users\fastr\AppData\Local\Temp\cce7iK0f.s 			page 56


 3193 0098 FF2B     		cmp	r3, #255
 3194 009a 10D9     		bls	.L341
 3195 009c FF23     		movs	r3, #255
 3196 009e 2385     		strh	r3, [r4, #40]
 3197 00a0 7F3B     		subs	r3, r3, #127
 3198 00a2 0022     		movs	r2, #0
 3199 00a4 0092     		str	r2, [sp]
 3200 00a6 5B04     		lsls	r3, r3, #17
 3201 00a8 FF32     		adds	r2, r2, #255
 3202 00aa 3100     		movs	r1, r6
 3203 00ac 2000     		movs	r0, r4
 3204 00ae FFF7FEFF 		bl	I2C_TransferConfig
 3205 00b2 20E0     		b	.L345
 3206              	.L353:
 3207 00b4 4023     		movs	r3, #64
 3208 00b6 0022     		movs	r2, #0
 3209 00b8 E254     		strb	r2, [r4, r3]
 3210 00ba 0120     		movs	r0, #1
 3211 00bc 66E0     		b	.L337
 3212              	.L341:
 3213 00be 628D     		ldrh	r2, [r4, #42]
 3214 00c0 92B2     		uxth	r2, r2
 3215 00c2 2285     		strh	r2, [r4, #40]
 3216 00c4 8023     		movs	r3, #128
 3217 00c6 D2B2     		uxtb	r2, r2
 3218 00c8 0021     		movs	r1, #0
 3219 00ca 0091     		str	r1, [sp]
 3220 00cc 9B04     		lsls	r3, r3, #18
 3221 00ce 3100     		movs	r1, r6
 3222 00d0 2000     		movs	r0, r4
 3223 00d2 FFF7FEFF 		bl	I2C_TransferConfig
 3224 00d6 0EE0     		b	.L345
 3225              	.L344:
 3226 00d8 628D     		ldrh	r2, [r4, #42]
 3227 00da 92B2     		uxth	r2, r2
 3228 00dc 2285     		strh	r2, [r4, #40]
 3229 00de 8023     		movs	r3, #128
 3230 00e0 D2B2     		uxtb	r2, r2
 3231 00e2 0021     		movs	r1, #0
 3232 00e4 0091     		str	r1, [sp]
 3233 00e6 9B04     		lsls	r3, r3, #18
 3234 00e8 3100     		movs	r1, r6
 3235 00ea 2000     		movs	r0, r4
 3236 00ec FFF7FEFF 		bl	I2C_TransferConfig
 3237              	.L343:
 3238 00f0 638D     		ldrh	r3, [r4, #42]
 3239 00f2 002B     		cmp	r3, #0
 3240 00f4 32D0     		beq	.L354
 3241              	.L345:
 3242 00f6 2A00     		movs	r2, r5
 3243 00f8 0E99     		ldr	r1, [sp, #56]
 3244 00fa 2000     		movs	r0, r4
 3245 00fc FFF7FEFF 		bl	I2C_WaitOnTXISFlagUntilTimeout
 3246 0100 0028     		cmp	r0, #0
 3247 0102 4AD1     		bne	.L349
 3248 0104 626A     		ldr	r2, [r4, #36]
 3249 0106 2368     		ldr	r3, [r4]
ARM GAS  C:\Users\fastr\AppData\Local\Temp\cce7iK0f.s 			page 57


 3250 0108 1278     		ldrb	r2, [r2]
 3251 010a 9A62     		str	r2, [r3, #40]
 3252 010c 636A     		ldr	r3, [r4, #36]
 3253 010e 0133     		adds	r3, r3, #1
 3254 0110 6362     		str	r3, [r4, #36]
 3255 0112 638D     		ldrh	r3, [r4, #42]
 3256 0114 013B     		subs	r3, r3, #1
 3257 0116 9BB2     		uxth	r3, r3
 3258 0118 6385     		strh	r3, [r4, #42]
 3259 011a 238D     		ldrh	r3, [r4, #40]
 3260 011c 013B     		subs	r3, r3, #1
 3261 011e 9BB2     		uxth	r3, r3
 3262 0120 2385     		strh	r3, [r4, #40]
 3263 0122 628D     		ldrh	r2, [r4, #42]
 3264 0124 002A     		cmp	r2, #0
 3265 0126 E3D0     		beq	.L343
 3266 0128 002B     		cmp	r3, #0
 3267 012a E1D1     		bne	.L343
 3268 012c 0095     		str	r5, [sp]
 3269 012e 0E9B     		ldr	r3, [sp, #56]
 3270 0130 0022     		movs	r2, #0
 3271 0132 8021     		movs	r1, #128
 3272 0134 2000     		movs	r0, r4
 3273 0136 FFF7FEFF 		bl	I2C_WaitOnFlagUntilTimeout
 3274 013a 0028     		cmp	r0, #0
 3275 013c 2FD1     		bne	.L350
 3276 013e 638D     		ldrh	r3, [r4, #42]
 3277 0140 FF2B     		cmp	r3, #255
 3278 0142 C9D9     		bls	.L344
 3279 0144 FF23     		movs	r3, #255
 3280 0146 2385     		strh	r3, [r4, #40]
 3281 0148 7F3B     		subs	r3, r3, #127
 3282 014a 0022     		movs	r2, #0
 3283 014c 0092     		str	r2, [sp]
 3284 014e 5B04     		lsls	r3, r3, #17
 3285 0150 FF32     		adds	r2, r2, #255
 3286 0152 3100     		movs	r1, r6
 3287 0154 2000     		movs	r0, r4
 3288 0156 FFF7FEFF 		bl	I2C_TransferConfig
 3289 015a C9E7     		b	.L343
 3290              	.L354:
 3291 015c 2A00     		movs	r2, r5
 3292 015e 0E99     		ldr	r1, [sp, #56]
 3293 0160 2000     		movs	r0, r4
 3294 0162 FFF7FEFF 		bl	I2C_WaitOnSTOPFlagUntilTimeout
 3295 0166 0028     		cmp	r0, #0
 3296 0168 1BD1     		bne	.L351
 3297 016a 2368     		ldr	r3, [r4]
 3298 016c 2022     		movs	r2, #32
 3299 016e DA61     		str	r2, [r3, #28]
 3300 0170 2168     		ldr	r1, [r4]
 3301 0172 4B68     		ldr	r3, [r1, #4]
 3302 0174 0C4D     		ldr	r5, .L355
 3303 0176 2B40     		ands	r3, r5
 3304 0178 4B60     		str	r3, [r1, #4]
 3305 017a 4123     		movs	r3, #65
 3306 017c E254     		strb	r2, [r4, r3]
ARM GAS  C:\Users\fastr\AppData\Local\Temp\cce7iK0f.s 			page 58


 3307 017e 0023     		movs	r3, #0
 3308 0180 2232     		adds	r2, r2, #34
 3309 0182 A354     		strb	r3, [r4, r2]
 3310 0184 023A     		subs	r2, r2, #2
 3311 0186 A354     		strb	r3, [r4, r2]
 3312 0188 00E0     		b	.L337
 3313              	.L346:
 3314 018a 0220     		movs	r0, #2
 3315              	.L337:
 3316 018c 05B0     		add	sp, sp, #20
 3317              		@ sp needed
 3318 018e C0BC     		pop	{r6, r7}
 3319 0190 B946     		mov	r9, r7
 3320 0192 B046     		mov	r8, r6
 3321 0194 F0BD     		pop	{r4, r5, r6, r7, pc}
 3322              	.L347:
 3323 0196 0220     		movs	r0, #2
 3324 0198 F8E7     		b	.L337
 3325              	.L349:
 3326 019a 0120     		movs	r0, #1
 3327 019c F6E7     		b	.L337
 3328              	.L350:
 3329 019e 0120     		movs	r0, #1
 3330 01a0 F4E7     		b	.L337
 3331              	.L351:
 3332 01a2 0120     		movs	r0, #1
 3333 01a4 F2E7     		b	.L337
 3334              	.L356:
 3335 01a6 C046     		.align	2
 3336              	.L355:
 3337 01a8 00E800FE 		.word	-33495040
 3339              		.section	.text.HAL_I2C_Mem_Read,"ax",%progbits
 3340              		.align	1
 3341              		.global	HAL_I2C_Mem_Read
 3342              		.syntax unified
 3343              		.code	16
 3344              		.thumb_func
 3346              	HAL_I2C_Mem_Read:
 3347              		@ args = 12, pretend = 0, frame = 8
 3348              		@ frame_needed = 0, uses_anonymous_args = 0
 3349 0000 F0B5     		push	{r4, r5, r6, r7, lr}
 3350 0002 CE46     		mov	lr, r9
 3351 0004 4746     		mov	r7, r8
 3352 0006 80B5     		push	{r7, lr}
 3353 0008 85B0     		sub	sp, sp, #20
 3354 000a 0400     		movs	r4, r0
 3355 000c 0E00     		movs	r6, r1
 3356 000e 1700     		movs	r7, r2
 3357 0010 0393     		str	r3, [sp, #12]
 3358 0012 0CAB     		add	r3, sp, #48
 3359 0014 04CB     		ldmia	r3!, {r2}
 3360 0016 9046     		mov	r8, r2
 3361 0018 1988     		ldrh	r1, [r3]
 3362 001a 8946     		mov	r9, r1
 3363 001c 4123     		movs	r3, #65
 3364 001e C35C     		ldrb	r3, [r0, r3]
 3365 0020 202B     		cmp	r3, #32
ARM GAS  C:\Users\fastr\AppData\Local\Temp\cce7iK0f.s 			page 59


 3366 0022 00D0     		beq	.LCB3870
 3367 0024 B3E0     		b	.L367	@long jump
 3368              	.LCB3870:
 3369 0026 002A     		cmp	r2, #0
 3370 0028 18D0     		beq	.L359
 3371 002a 0029     		cmp	r1, #0
 3372 002c 16D0     		beq	.L359
 3373 002e 4023     		movs	r3, #64
 3374 0030 C35C     		ldrb	r3, [r0, r3]
 3375 0032 012B     		cmp	r3, #1
 3376 0034 00D1     		bne	.LCB3878
 3377 0036 B0E0     		b	.L368	@long jump
 3378              	.LCB3878:
 3379 0038 4023     		movs	r3, #64
 3380 003a 0122     		movs	r2, #1
 3381 003c C254     		strb	r2, [r0, r3]
 3382 003e FFF7FEFF 		bl	HAL_GetTick
 3383 0042 0500     		movs	r5, r0
 3384 0044 8021     		movs	r1, #128
 3385 0046 0090     		str	r0, [sp]
 3386 0048 1923     		movs	r3, #25
 3387 004a 0122     		movs	r2, #1
 3388 004c 0902     		lsls	r1, r1, #8
 3389 004e 2000     		movs	r0, r4
 3390 0050 FFF7FEFF 		bl	I2C_WaitOnFlagUntilTimeout
 3391 0054 0028     		cmp	r0, #0
 3392 0056 06D0     		beq	.L373
 3393 0058 0120     		movs	r0, #1
 3394 005a 99E0     		b	.L358
 3395              	.L359:
 3396 005c 8023     		movs	r3, #128
 3397 005e 9B00     		lsls	r3, r3, #2
 3398 0060 6364     		str	r3, [r4, #68]
 3399 0062 0120     		movs	r0, #1
 3400 0064 94E0     		b	.L358
 3401              	.L373:
 3402 0066 4123     		movs	r3, #65
 3403 0068 2222     		movs	r2, #34
 3404 006a E254     		strb	r2, [r4, r3]
 3405 006c 0133     		adds	r3, r3, #1
 3406 006e 1E32     		adds	r2, r2, #30
 3407 0070 E254     		strb	r2, [r4, r3]
 3408 0072 0023     		movs	r3, #0
 3409 0074 6364     		str	r3, [r4, #68]
 3410 0076 4246     		mov	r2, r8
 3411 0078 6262     		str	r2, [r4, #36]
 3412 007a 4A46     		mov	r2, r9
 3413 007c 6285     		strh	r2, [r4, #42]
 3414 007e 6363     		str	r3, [r4, #52]
 3415 0080 0195     		str	r5, [sp, #4]
 3416 0082 0E9B     		ldr	r3, [sp, #56]
 3417 0084 0093     		str	r3, [sp]
 3418 0086 039B     		ldr	r3, [sp, #12]
 3419 0088 3A00     		movs	r2, r7
 3420 008a 3100     		movs	r1, r6
 3421 008c 2000     		movs	r0, r4
 3422 008e FFF7FEFF 		bl	I2C_RequestMemoryRead
ARM GAS  C:\Users\fastr\AppData\Local\Temp\cce7iK0f.s 			page 60


 3423 0092 0028     		cmp	r0, #0
 3424 0094 0ED1     		bne	.L374
 3425 0096 638D     		ldrh	r3, [r4, #42]
 3426 0098 FF2B     		cmp	r3, #255
 3427 009a 10D9     		bls	.L362
 3428 009c 0123     		movs	r3, #1
 3429 009e 2385     		strh	r3, [r4, #40]
 3430 00a0 7F33     		adds	r3, r3, #127
 3431 00a2 424A     		ldr	r2, .L376
 3432 00a4 0092     		str	r2, [sp]
 3433 00a6 5B04     		lsls	r3, r3, #17
 3434 00a8 0122     		movs	r2, #1
 3435 00aa 3100     		movs	r1, r6
 3436 00ac 2000     		movs	r0, r4
 3437 00ae FFF7FEFF 		bl	I2C_TransferConfig
 3438 00b2 20E0     		b	.L366
 3439              	.L374:
 3440 00b4 4023     		movs	r3, #64
 3441 00b6 0022     		movs	r2, #0
 3442 00b8 E254     		strb	r2, [r4, r3]
 3443 00ba 0120     		movs	r0, #1
 3444 00bc 68E0     		b	.L358
 3445              	.L362:
 3446 00be 628D     		ldrh	r2, [r4, #42]
 3447 00c0 92B2     		uxth	r2, r2
 3448 00c2 2285     		strh	r2, [r4, #40]
 3449 00c4 8023     		movs	r3, #128
 3450 00c6 D2B2     		uxtb	r2, r2
 3451 00c8 3849     		ldr	r1, .L376
 3452 00ca 0091     		str	r1, [sp]
 3453 00cc 9B04     		lsls	r3, r3, #18
 3454 00ce 3100     		movs	r1, r6
 3455 00d0 2000     		movs	r0, r4
 3456 00d2 FFF7FEFF 		bl	I2C_TransferConfig
 3457 00d6 0EE0     		b	.L366
 3458              	.L365:
 3459 00d8 628D     		ldrh	r2, [r4, #42]
 3460 00da 92B2     		uxth	r2, r2
 3461 00dc 2285     		strh	r2, [r4, #40]
 3462 00de 8023     		movs	r3, #128
 3463 00e0 D2B2     		uxtb	r2, r2
 3464 00e2 0021     		movs	r1, #0
 3465 00e4 0091     		str	r1, [sp]
 3466 00e6 9B04     		lsls	r3, r3, #18
 3467 00e8 3100     		movs	r1, r6
 3468 00ea 2000     		movs	r0, r4
 3469 00ec FFF7FEFF 		bl	I2C_TransferConfig
 3470              	.L364:
 3471 00f0 638D     		ldrh	r3, [r4, #42]
 3472 00f2 002B     		cmp	r3, #0
 3473 00f4 34D0     		beq	.L375
 3474              	.L366:
 3475 00f6 0095     		str	r5, [sp]
 3476 00f8 0E9B     		ldr	r3, [sp, #56]
 3477 00fa 0022     		movs	r2, #0
 3478 00fc 0421     		movs	r1, #4
 3479 00fe 2000     		movs	r0, r4
ARM GAS  C:\Users\fastr\AppData\Local\Temp\cce7iK0f.s 			page 61


 3480 0100 FFF7FEFF 		bl	I2C_WaitOnFlagUntilTimeout
 3481 0104 0028     		cmp	r0, #0
 3482 0106 4AD1     		bne	.L370
 3483 0108 2368     		ldr	r3, [r4]
 3484 010a 5A6A     		ldr	r2, [r3, #36]
 3485 010c 636A     		ldr	r3, [r4, #36]
 3486 010e 1A70     		strb	r2, [r3]
 3487 0110 636A     		ldr	r3, [r4, #36]
 3488 0112 0133     		adds	r3, r3, #1
 3489 0114 6362     		str	r3, [r4, #36]
 3490 0116 238D     		ldrh	r3, [r4, #40]
 3491 0118 013B     		subs	r3, r3, #1
 3492 011a 9BB2     		uxth	r3, r3
 3493 011c 2385     		strh	r3, [r4, #40]
 3494 011e 628D     		ldrh	r2, [r4, #42]
 3495 0120 013A     		subs	r2, r2, #1
 3496 0122 92B2     		uxth	r2, r2
 3497 0124 6285     		strh	r2, [r4, #42]
 3498 0126 628D     		ldrh	r2, [r4, #42]
 3499 0128 002A     		cmp	r2, #0
 3500 012a E1D0     		beq	.L364
 3501 012c 002B     		cmp	r3, #0
 3502 012e DFD1     		bne	.L364
 3503 0130 0095     		str	r5, [sp]
 3504 0132 0E9B     		ldr	r3, [sp, #56]
 3505 0134 0022     		movs	r2, #0
 3506 0136 8021     		movs	r1, #128
 3507 0138 2000     		movs	r0, r4
 3508 013a FFF7FEFF 		bl	I2C_WaitOnFlagUntilTimeout
 3509 013e 0028     		cmp	r0, #0
 3510 0140 2FD1     		bne	.L371
 3511 0142 638D     		ldrh	r3, [r4, #42]
 3512 0144 FF2B     		cmp	r3, #255
 3513 0146 C7D9     		bls	.L365
 3514 0148 0123     		movs	r3, #1
 3515 014a 2385     		strh	r3, [r4, #40]
 3516 014c 7F33     		adds	r3, r3, #127
 3517 014e 0022     		movs	r2, #0
 3518 0150 0092     		str	r2, [sp]
 3519 0152 5B04     		lsls	r3, r3, #17
 3520 0154 0132     		adds	r2, r2, #1
 3521 0156 3100     		movs	r1, r6
 3522 0158 2000     		movs	r0, r4
 3523 015a FFF7FEFF 		bl	I2C_TransferConfig
 3524 015e C7E7     		b	.L364
 3525              	.L375:
 3526 0160 2A00     		movs	r2, r5
 3527 0162 0E99     		ldr	r1, [sp, #56]
 3528 0164 2000     		movs	r0, r4
 3529 0166 FFF7FEFF 		bl	I2C_WaitOnSTOPFlagUntilTimeout
 3530 016a 0028     		cmp	r0, #0
 3531 016c 1BD1     		bne	.L372
 3532 016e 2368     		ldr	r3, [r4]
 3533 0170 2022     		movs	r2, #32
 3534 0172 DA61     		str	r2, [r3, #28]
 3535 0174 2168     		ldr	r1, [r4]
 3536 0176 4B68     		ldr	r3, [r1, #4]
ARM GAS  C:\Users\fastr\AppData\Local\Temp\cce7iK0f.s 			page 62


 3537 0178 0D4D     		ldr	r5, .L376+4
 3538 017a 2B40     		ands	r3, r5
 3539 017c 4B60     		str	r3, [r1, #4]
 3540 017e 4123     		movs	r3, #65
 3541 0180 E254     		strb	r2, [r4, r3]
 3542 0182 0023     		movs	r3, #0
 3543 0184 2232     		adds	r2, r2, #34
 3544 0186 A354     		strb	r3, [r4, r2]
 3545 0188 023A     		subs	r2, r2, #2
 3546 018a A354     		strb	r3, [r4, r2]
 3547 018c 00E0     		b	.L358
 3548              	.L367:
 3549 018e 0220     		movs	r0, #2
 3550              	.L358:
 3551 0190 05B0     		add	sp, sp, #20
 3552              		@ sp needed
 3553 0192 C0BC     		pop	{r6, r7}
 3554 0194 B946     		mov	r9, r7
 3555 0196 B046     		mov	r8, r6
 3556 0198 F0BD     		pop	{r4, r5, r6, r7, pc}
 3557              	.L368:
 3558 019a 0220     		movs	r0, #2
 3559 019c F8E7     		b	.L358
 3560              	.L370:
 3561 019e 0120     		movs	r0, #1
 3562 01a0 F6E7     		b	.L358
 3563              	.L371:
 3564 01a2 0120     		movs	r0, #1
 3565 01a4 F4E7     		b	.L358
 3566              	.L372:
 3567 01a6 0120     		movs	r0, #1
 3568 01a8 F2E7     		b	.L358
 3569              	.L377:
 3570 01aa C046     		.align	2
 3571              	.L376:
 3572 01ac 00240080 		.word	-2147474432
 3573 01b0 00E800FE 		.word	-33495040
 3575              		.section	.text.HAL_I2C_Mem_Write_IT,"ax",%progbits
 3576              		.align	1
 3577              		.global	HAL_I2C_Mem_Write_IT
 3578              		.syntax unified
 3579              		.code	16
 3580              		.thumb_func
 3582              	HAL_I2C_Mem_Write_IT:
 3583              		@ args = 8, pretend = 0, frame = 8
 3584              		@ frame_needed = 0, uses_anonymous_args = 0
 3585 0000 F0B5     		push	{r4, r5, r6, r7, lr}
 3586 0002 85B0     		sub	sp, sp, #20
 3587 0004 0400     		movs	r4, r0
 3588 0006 0F00     		movs	r7, r1
 3589 0008 0392     		str	r2, [sp, #12]
 3590 000a 0293     		str	r3, [sp, #8]
 3591 000c 0AA8     		add	r0, sp, #40
 3592 000e 02C8     		ldmia	r0!, {r1}
 3593 0010 0288     		ldrh	r2, [r0]
 3594 0012 4120     		movs	r0, #65
 3595 0014 205C     		ldrb	r0, [r4, r0]
ARM GAS  C:\Users\fastr\AppData\Local\Temp\cce7iK0f.s 			page 63


 3596 0016 2028     		cmp	r0, #32
 3597 0018 46D1     		bne	.L384
 3598 001a 0029     		cmp	r1, #0
 3599 001c 37D0     		beq	.L380
 3600 001e 002A     		cmp	r2, #0
 3601 0020 35D0     		beq	.L380
 3602 0022 2368     		ldr	r3, [r4]
 3603 0024 9869     		ldr	r0, [r3, #24]
 3604 0026 0004     		lsls	r0, r0, #16
 3605 0028 41D4     		bmi	.L385
 3606 002a 4020     		movs	r0, #64
 3607 002c 205C     		ldrb	r0, [r4, r0]
 3608 002e 0128     		cmp	r0, #1
 3609 0030 3FD0     		beq	.L386
 3610 0032 4020     		movs	r0, #64
 3611 0034 0125     		movs	r5, #1
 3612 0036 2554     		strb	r5, [r4, r0]
 3613 0038 4035     		adds	r5, r5, #64
 3614 003a 2126     		movs	r6, #33
 3615 003c 6655     		strb	r6, [r4, r5]
 3616 003e 0135     		adds	r5, r5, #1
 3617 0040 6055     		strb	r0, [r4, r5]
 3618 0042 0020     		movs	r0, #0
 3619 0044 6064     		str	r0, [r4, #68]
 3620 0046 2085     		strh	r0, [r4, #40]
 3621 0048 6162     		str	r1, [r4, #36]
 3622 004a 6285     		strh	r2, [r4, #42]
 3623 004c 1A48     		ldr	r0, .L388
 3624 004e E062     		str	r0, [r4, #44]
 3625 0050 1A48     		ldr	r0, .L388+4
 3626 0052 6063     		str	r0, [r4, #52]
 3627 0054 E764     		str	r7, [r4, #76]
 3628 0056 029A     		ldr	r2, [sp, #8]
 3629 0058 012A     		cmp	r2, #1
 3630 005a 1DD0     		beq	.L387
 3631 005c 039A     		ldr	r2, [sp, #12]
 3632 005e 100A     		lsrs	r0, r2, #8
 3633 0060 9862     		str	r0, [r3, #40]
 3634 0062 FF20     		movs	r0, #255
 3635 0064 0240     		ands	r2, r0
 3636 0066 2265     		str	r2, [r4, #80]
 3637              	.L383:
 3638 0068 8020     		movs	r0, #128
 3639 006a 6B46     		mov	r3, sp
 3640 006c 1A7A     		ldrb	r2, [r3, #8]
 3641 006e 144B     		ldr	r3, .L388+8
 3642 0070 0093     		str	r3, [sp]
 3643 0072 4304     		lsls	r3, r0, #17
 3644 0074 3900     		movs	r1, r7
 3645 0076 2000     		movs	r0, r4
 3646 0078 FFF7FEFF 		bl	I2C_TransferConfig
 3647 007c 4023     		movs	r3, #64
 3648 007e 0022     		movs	r2, #0
 3649 0080 E254     		strb	r2, [r4, r3]
 3650 0082 0121     		movs	r1, #1
 3651 0084 2000     		movs	r0, r4
 3652 0086 FFF7FEFF 		bl	I2C_Enable_IRQ
ARM GAS  C:\Users\fastr\AppData\Local\Temp\cce7iK0f.s 			page 64


 3653 008a 0020     		movs	r0, #0
 3654 008c 0DE0     		b	.L379
 3655              	.L380:
 3656 008e 8023     		movs	r3, #128
 3657 0090 9B00     		lsls	r3, r3, #2
 3658 0092 6364     		str	r3, [r4, #68]
 3659 0094 0120     		movs	r0, #1
 3660 0096 08E0     		b	.L379
 3661              	.L387:
 3662 0098 FF20     		movs	r0, #255
 3663 009a 039A     		ldr	r2, [sp, #12]
 3664 009c 0240     		ands	r2, r0
 3665 009e 9A62     		str	r2, [r3, #40]
 3666 00a0 0122     		movs	r2, #1
 3667 00a2 5242     		rsbs	r2, r2, #0
 3668 00a4 2265     		str	r2, [r4, #80]
 3669 00a6 DFE7     		b	.L383
 3670              	.L384:
 3671 00a8 0220     		movs	r0, #2
 3672              	.L379:
 3673 00aa 05B0     		add	sp, sp, #20
 3674              		@ sp needed
 3675 00ac F0BD     		pop	{r4, r5, r6, r7, pc}
 3676              	.L385:
 3677 00ae 0220     		movs	r0, #2
 3678 00b0 FBE7     		b	.L379
 3679              	.L386:
 3680 00b2 0220     		movs	r0, #2
 3681 00b4 F9E7     		b	.L379
 3682              	.L389:
 3683 00b6 C046     		.align	2
 3684              	.L388:
 3685 00b8 0000FFFF 		.word	-65536
 3686 00bc 00000000 		.word	I2C_Mem_ISR_IT
 3687 00c0 00200080 		.word	-2147475456
 3689              		.section	.text.HAL_I2C_Mem_Read_IT,"ax",%progbits
 3690              		.align	1
 3691              		.global	HAL_I2C_Mem_Read_IT
 3692              		.syntax unified
 3693              		.code	16
 3694              		.thumb_func
 3696              	HAL_I2C_Mem_Read_IT:
 3697              		@ args = 8, pretend = 0, frame = 8
 3698              		@ frame_needed = 0, uses_anonymous_args = 0
 3699 0000 F0B5     		push	{r4, r5, r6, r7, lr}
 3700 0002 85B0     		sub	sp, sp, #20
 3701 0004 0400     		movs	r4, r0
 3702 0006 0F00     		movs	r7, r1
 3703 0008 0392     		str	r2, [sp, #12]
 3704 000a 0293     		str	r3, [sp, #8]
 3705 000c 0AA8     		add	r0, sp, #40
 3706 000e 02C8     		ldmia	r0!, {r1}
 3707 0010 0288     		ldrh	r2, [r0]
 3708 0012 4120     		movs	r0, #65
 3709 0014 205C     		ldrb	r0, [r4, r0]
 3710 0016 2028     		cmp	r0, #32
 3711 0018 44D1     		bne	.L396
ARM GAS  C:\Users\fastr\AppData\Local\Temp\cce7iK0f.s 			page 65


 3712 001a 0029     		cmp	r1, #0
 3713 001c 35D0     		beq	.L392
 3714 001e 002A     		cmp	r2, #0
 3715 0020 33D0     		beq	.L392
 3716 0022 2368     		ldr	r3, [r4]
 3717 0024 9869     		ldr	r0, [r3, #24]
 3718 0026 0004     		lsls	r0, r0, #16
 3719 0028 3FD4     		bmi	.L397
 3720 002a 4020     		movs	r0, #64
 3721 002c 205C     		ldrb	r0, [r4, r0]
 3722 002e 0128     		cmp	r0, #1
 3723 0030 3DD0     		beq	.L398
 3724 0032 4020     		movs	r0, #64
 3725 0034 0125     		movs	r5, #1
 3726 0036 2554     		strb	r5, [r4, r0]
 3727 0038 4035     		adds	r5, r5, #64
 3728 003a 2226     		movs	r6, #34
 3729 003c 6655     		strb	r6, [r4, r5]
 3730 003e 0135     		adds	r5, r5, #1
 3731 0040 6055     		strb	r0, [r4, r5]
 3732 0042 0020     		movs	r0, #0
 3733 0044 6064     		str	r0, [r4, #68]
 3734 0046 6162     		str	r1, [r4, #36]
 3735 0048 6285     		strh	r2, [r4, #42]
 3736 004a 1A48     		ldr	r0, .L400
 3737 004c E062     		str	r0, [r4, #44]
 3738 004e 1A48     		ldr	r0, .L400+4
 3739 0050 6063     		str	r0, [r4, #52]
 3740 0052 E764     		str	r7, [r4, #76]
 3741 0054 029A     		ldr	r2, [sp, #8]
 3742 0056 012A     		cmp	r2, #1
 3743 0058 1CD0     		beq	.L399
 3744 005a 039A     		ldr	r2, [sp, #12]
 3745 005c 100A     		lsrs	r0, r2, #8
 3746 005e 9862     		str	r0, [r3, #40]
 3747 0060 FF20     		movs	r0, #255
 3748 0062 0240     		ands	r2, r0
 3749 0064 2265     		str	r2, [r4, #80]
 3750              	.L395:
 3751 0066 6B46     		mov	r3, sp
 3752 0068 1A7A     		ldrb	r2, [r3, #8]
 3753 006a 144B     		ldr	r3, .L400+8
 3754 006c 0093     		str	r3, [sp]
 3755 006e 0023     		movs	r3, #0
 3756 0070 3900     		movs	r1, r7
 3757 0072 2000     		movs	r0, r4
 3758 0074 FFF7FEFF 		bl	I2C_TransferConfig
 3759 0078 4023     		movs	r3, #64
 3760 007a 0022     		movs	r2, #0
 3761 007c E254     		strb	r2, [r4, r3]
 3762 007e 0121     		movs	r1, #1
 3763 0080 2000     		movs	r0, r4
 3764 0082 FFF7FEFF 		bl	I2C_Enable_IRQ
 3765 0086 0020     		movs	r0, #0
 3766 0088 0DE0     		b	.L391
 3767              	.L392:
 3768 008a 8023     		movs	r3, #128
ARM GAS  C:\Users\fastr\AppData\Local\Temp\cce7iK0f.s 			page 66


 3769 008c 9B00     		lsls	r3, r3, #2
 3770 008e 6364     		str	r3, [r4, #68]
 3771 0090 0120     		movs	r0, #1
 3772 0092 08E0     		b	.L391
 3773              	.L399:
 3774 0094 FF20     		movs	r0, #255
 3775 0096 039A     		ldr	r2, [sp, #12]
 3776 0098 0240     		ands	r2, r0
 3777 009a 9A62     		str	r2, [r3, #40]
 3778 009c 0122     		movs	r2, #1
 3779 009e 5242     		rsbs	r2, r2, #0
 3780 00a0 2265     		str	r2, [r4, #80]
 3781 00a2 E0E7     		b	.L395
 3782              	.L396:
 3783 00a4 0220     		movs	r0, #2
 3784              	.L391:
 3785 00a6 05B0     		add	sp, sp, #20
 3786              		@ sp needed
 3787 00a8 F0BD     		pop	{r4, r5, r6, r7, pc}
 3788              	.L397:
 3789 00aa 0220     		movs	r0, #2
 3790 00ac FBE7     		b	.L391
 3791              	.L398:
 3792 00ae 0220     		movs	r0, #2
 3793 00b0 F9E7     		b	.L391
 3794              	.L401:
 3795 00b2 C046     		.align	2
 3796              	.L400:
 3797 00b4 0000FFFF 		.word	-65536
 3798 00b8 00000000 		.word	I2C_Mem_ISR_IT
 3799 00bc 00200080 		.word	-2147475456
 3801              		.section	.text.HAL_I2C_Mem_Write_DMA,"ax",%progbits
 3802              		.align	1
 3803              		.global	HAL_I2C_Mem_Write_DMA
 3804              		.syntax unified
 3805              		.code	16
 3806              		.thumb_func
 3808              	HAL_I2C_Mem_Write_DMA:
 3809              		@ args = 8, pretend = 0, frame = 8
 3810              		@ frame_needed = 0, uses_anonymous_args = 0
 3811 0000 F0B5     		push	{r4, r5, r6, r7, lr}
 3812 0002 85B0     		sub	sp, sp, #20
 3813 0004 0400     		movs	r4, r0
 3814 0006 0F00     		movs	r7, r1
 3815 0008 0393     		str	r3, [sp, #12]
 3816 000a 0AA8     		add	r0, sp, #40
 3817 000c 02C8     		ldmia	r0!, {r1}
 3818 000e 0088     		ldrh	r0, [r0]
 3819 0010 4123     		movs	r3, #65
 3820 0012 E35C     		ldrb	r3, [r4, r3]
 3821 0014 202B     		cmp	r3, #32
 3822 0016 00D0     		beq	.LCB4407
 3823 0018 83E0     		b	.L413	@long jump
 3824              	.LCB4407:
 3825 001a 0029     		cmp	r1, #0
 3826 001c 4FD0     		beq	.L404
 3827 001e 0028     		cmp	r0, #0
ARM GAS  C:\Users\fastr\AppData\Local\Temp\cce7iK0f.s 			page 67


 3828 0020 4DD0     		beq	.L404
 3829 0022 2368     		ldr	r3, [r4]
 3830 0024 9C46     		mov	ip, r3
 3831 0026 9B69     		ldr	r3, [r3, #24]
 3832 0028 1B04     		lsls	r3, r3, #16
 3833 002a 00D5     		bpl	.LCB4418
 3834 002c 7EE0     		b	.L414	@long jump
 3835              	.LCB4418:
 3836 002e 4023     		movs	r3, #64
 3837 0030 E35C     		ldrb	r3, [r4, r3]
 3838 0032 012B     		cmp	r3, #1
 3839 0034 00D1     		bne	.LCB4422
 3840 0036 7CE0     		b	.L415	@long jump
 3841              	.LCB4422:
 3842 0038 4023     		movs	r3, #64
 3843 003a 0125     		movs	r5, #1
 3844 003c E554     		strb	r5, [r4, r3]
 3845 003e 4035     		adds	r5, r5, #64
 3846 0040 2126     		movs	r6, #33
 3847 0042 6655     		strb	r6, [r4, r5]
 3848 0044 0135     		adds	r5, r5, #1
 3849 0046 6355     		strb	r3, [r4, r5]
 3850 0048 0023     		movs	r3, #0
 3851 004a 6364     		str	r3, [r4, #68]
 3852 004c 6162     		str	r1, [r4, #36]
 3853 004e 6085     		strh	r0, [r4, #42]
 3854 0050 394B     		ldr	r3, .L419
 3855 0052 E362     		str	r3, [r4, #44]
 3856 0054 394B     		ldr	r3, .L419+4
 3857 0056 6363     		str	r3, [r4, #52]
 3858 0058 E764     		str	r7, [r4, #76]
 3859 005a 638D     		ldrh	r3, [r4, #42]
 3860 005c FF2B     		cmp	r3, #255
 3861 005e 34D9     		bls	.L406
 3862 0060 FF23     		movs	r3, #255
 3863 0062 2385     		strh	r3, [r4, #40]
 3864              	.L407:
 3865 0064 039B     		ldr	r3, [sp, #12]
 3866 0066 012B     		cmp	r3, #1
 3867 0068 32D0     		beq	.L417
 3868 006a 130A     		lsrs	r3, r2, #8
 3869 006c 6046     		mov	r0, ip
 3870 006e 8362     		str	r3, [r0, #40]
 3871 0070 FF23     		movs	r3, #255
 3872 0072 1340     		ands	r3, r2
 3873 0074 2365     		str	r3, [r4, #80]
 3874              	.L409:
 3875 0076 A36B     		ldr	r3, [r4, #56]
 3876 0078 002B     		cmp	r3, #0
 3877 007a 31D0     		beq	.L410
 3878 007c 304A     		ldr	r2, .L419+8
 3879 007e 9A62     		str	r2, [r3, #40]
 3880 0080 A36B     		ldr	r3, [r4, #56]
 3881 0082 304A     		ldr	r2, .L419+12
 3882 0084 1A63     		str	r2, [r3, #48]
 3883 0086 A26B     		ldr	r2, [r4, #56]
 3884 0088 0023     		movs	r3, #0
ARM GAS  C:\Users\fastr\AppData\Local\Temp\cce7iK0f.s 			page 68


 3885 008a D362     		str	r3, [r2, #44]
 3886 008c A26B     		ldr	r2, [r4, #56]
 3887 008e 5363     		str	r3, [r2, #52]
 3888 0090 2268     		ldr	r2, [r4]
 3889 0092 2832     		adds	r2, r2, #40
 3890 0094 238D     		ldrh	r3, [r4, #40]
 3891 0096 A06B     		ldr	r0, [r4, #56]
 3892 0098 FFF7FEFF 		bl	HAL_DMA_Start_IT
 3893 009c 051E     		subs	r5, r0, #0
 3894 009e 2ED0     		beq	.L418
 3895 00a0 4123     		movs	r3, #65
 3896 00a2 2022     		movs	r2, #32
 3897 00a4 E254     		strb	r2, [r4, r3]
 3898 00a6 0022     		movs	r2, #0
 3899 00a8 0133     		adds	r3, r3, #1
 3900 00aa E254     		strb	r2, [r4, r3]
 3901 00ac 636C     		ldr	r3, [r4, #68]
 3902 00ae 1021     		movs	r1, #16
 3903 00b0 0B43     		orrs	r3, r1
 3904 00b2 6364     		str	r3, [r4, #68]
 3905 00b4 4023     		movs	r3, #64
 3906 00b6 E254     		strb	r2, [r4, r3]
 3907 00b8 3F3B     		subs	r3, r3, #63
 3908 00ba 1D00     		movs	r5, r3
 3909 00bc 33E0     		b	.L403
 3910              	.L404:
 3911 00be 8023     		movs	r3, #128
 3912 00c0 9B00     		lsls	r3, r3, #2
 3913 00c2 6364     		str	r3, [r4, #68]
 3914 00c4 0123     		movs	r3, #1
 3915 00c6 1D00     		movs	r5, r3
 3916 00c8 2DE0     		b	.L403
 3917              	.L406:
 3918 00ca 638D     		ldrh	r3, [r4, #42]
 3919 00cc 2385     		strh	r3, [r4, #40]
 3920 00ce C9E7     		b	.L407
 3921              	.L417:
 3922 00d0 FE33     		adds	r3, r3, #254
 3923 00d2 1340     		ands	r3, r2
 3924 00d4 6246     		mov	r2, ip
 3925 00d6 9362     		str	r3, [r2, #40]
 3926 00d8 0123     		movs	r3, #1
 3927 00da 5B42     		rsbs	r3, r3, #0
 3928 00dc 2365     		str	r3, [r4, #80]
 3929 00de CAE7     		b	.L409
 3930              	.L410:
 3931 00e0 4123     		movs	r3, #65
 3932 00e2 2022     		movs	r2, #32
 3933 00e4 E254     		strb	r2, [r4, r3]
 3934 00e6 0022     		movs	r2, #0
 3935 00e8 0133     		adds	r3, r3, #1
 3936 00ea E254     		strb	r2, [r4, r3]
 3937 00ec 636C     		ldr	r3, [r4, #68]
 3938 00ee 8021     		movs	r1, #128
 3939 00f0 0B43     		orrs	r3, r1
 3940 00f2 6364     		str	r3, [r4, #68]
 3941 00f4 4023     		movs	r3, #64
ARM GAS  C:\Users\fastr\AppData\Local\Temp\cce7iK0f.s 			page 69


 3942 00f6 E254     		strb	r2, [r4, r3]
 3943 00f8 3F3B     		subs	r3, r3, #63
 3944 00fa 1D00     		movs	r5, r3
 3945 00fc 13E0     		b	.L403
 3946              	.L418:
 3947 00fe 8023     		movs	r3, #128
 3948 0100 6A46     		mov	r2, sp
 3949 0102 127B     		ldrb	r2, [r2, #12]
 3950 0104 1049     		ldr	r1, .L419+16
 3951 0106 0091     		str	r1, [sp]
 3952 0108 5B04     		lsls	r3, r3, #17
 3953 010a 3900     		movs	r1, r7
 3954 010c 2000     		movs	r0, r4
 3955 010e FFF7FEFF 		bl	I2C_TransferConfig
 3956 0112 4023     		movs	r3, #64
 3957 0114 0022     		movs	r2, #0
 3958 0116 E254     		strb	r2, [r4, r3]
 3959 0118 0121     		movs	r1, #1
 3960 011a 2000     		movs	r0, r4
 3961 011c FFF7FEFF 		bl	I2C_Enable_IRQ
 3962 0120 01E0     		b	.L403
 3963              	.L413:
 3964 0122 0223     		movs	r3, #2
 3965 0124 1D00     		movs	r5, r3
 3966              	.L403:
 3967 0126 2800     		movs	r0, r5
 3968 0128 05B0     		add	sp, sp, #20
 3969              		@ sp needed
 3970 012a F0BD     		pop	{r4, r5, r6, r7, pc}
 3971              	.L414:
 3972 012c 0223     		movs	r3, #2
 3973 012e 1D00     		movs	r5, r3
 3974 0130 F9E7     		b	.L403
 3975              	.L415:
 3976 0132 0223     		movs	r3, #2
 3977 0134 1D00     		movs	r5, r3
 3978 0136 F6E7     		b	.L403
 3979              	.L420:
 3980              		.align	2
 3981              	.L419:
 3982 0138 0000FFFF 		.word	-65536
 3983 013c 00000000 		.word	I2C_Mem_ISR_DMA
 3984 0140 00000000 		.word	I2C_DMAMasterTransmitCplt
 3985 0144 00000000 		.word	I2C_DMAError
 3986 0148 00200080 		.word	-2147475456
 3988              		.section	.text.HAL_I2C_Mem_Read_DMA,"ax",%progbits
 3989              		.align	1
 3990              		.global	HAL_I2C_Mem_Read_DMA
 3991              		.syntax unified
 3992              		.code	16
 3993              		.thumb_func
 3995              	HAL_I2C_Mem_Read_DMA:
 3996              		@ args = 8, pretend = 0, frame = 8
 3997              		@ frame_needed = 0, uses_anonymous_args = 0
 3998 0000 F0B5     		push	{r4, r5, r6, r7, lr}
 3999 0002 85B0     		sub	sp, sp, #20
 4000 0004 0400     		movs	r4, r0
ARM GAS  C:\Users\fastr\AppData\Local\Temp\cce7iK0f.s 			page 70


 4001 0006 0F00     		movs	r7, r1
 4002 0008 1100     		movs	r1, r2
 4003 000a 0393     		str	r3, [sp, #12]
 4004 000c 0AA8     		add	r0, sp, #40
 4005 000e 04C8     		ldmia	r0!, {r2}
 4006 0010 0088     		ldrh	r0, [r0]
 4007 0012 4123     		movs	r3, #65
 4008 0014 E35C     		ldrb	r3, [r4, r3]
 4009 0016 202B     		cmp	r3, #32
 4010 0018 00D0     		beq	.LCB4626
 4011 001a 82E0     		b	.L432	@long jump
 4012              	.LCB4626:
 4013 001c 002A     		cmp	r2, #0
 4014 001e 4FD0     		beq	.L423
 4015 0020 0028     		cmp	r0, #0
 4016 0022 4DD0     		beq	.L423
 4017 0024 2368     		ldr	r3, [r4]
 4018 0026 9C46     		mov	ip, r3
 4019 0028 9B69     		ldr	r3, [r3, #24]
 4020 002a 1B04     		lsls	r3, r3, #16
 4021 002c 00D5     		bpl	.LCB4637
 4022 002e 7DE0     		b	.L433	@long jump
 4023              	.LCB4637:
 4024 0030 4023     		movs	r3, #64
 4025 0032 E35C     		ldrb	r3, [r4, r3]
 4026 0034 012B     		cmp	r3, #1
 4027 0036 00D1     		bne	.LCB4641
 4028 0038 7BE0     		b	.L434	@long jump
 4029              	.LCB4641:
 4030 003a 4023     		movs	r3, #64
 4031 003c 0125     		movs	r5, #1
 4032 003e E554     		strb	r5, [r4, r3]
 4033 0040 4035     		adds	r5, r5, #64
 4034 0042 2226     		movs	r6, #34
 4035 0044 6655     		strb	r6, [r4, r5]
 4036 0046 0135     		adds	r5, r5, #1
 4037 0048 6355     		strb	r3, [r4, r5]
 4038 004a 0023     		movs	r3, #0
 4039 004c 6364     		str	r3, [r4, #68]
 4040 004e 6262     		str	r2, [r4, #36]
 4041 0050 6085     		strh	r0, [r4, #42]
 4042 0052 394B     		ldr	r3, .L438
 4043 0054 E362     		str	r3, [r4, #44]
 4044 0056 394B     		ldr	r3, .L438+4
 4045 0058 6363     		str	r3, [r4, #52]
 4046 005a E764     		str	r7, [r4, #76]
 4047 005c 638D     		ldrh	r3, [r4, #42]
 4048 005e FF2B     		cmp	r3, #255
 4049 0060 34D9     		bls	.L425
 4050 0062 FF23     		movs	r3, #255
 4051 0064 2385     		strh	r3, [r4, #40]
 4052              	.L426:
 4053 0066 039B     		ldr	r3, [sp, #12]
 4054 0068 012B     		cmp	r3, #1
 4055 006a 32D0     		beq	.L436
 4056 006c 0B0A     		lsrs	r3, r1, #8
 4057 006e 6046     		mov	r0, ip
ARM GAS  C:\Users\fastr\AppData\Local\Temp\cce7iK0f.s 			page 71


 4058 0070 8362     		str	r3, [r0, #40]
 4059 0072 FF23     		movs	r3, #255
 4060 0074 0B40     		ands	r3, r1
 4061 0076 2365     		str	r3, [r4, #80]
 4062              	.L428:
 4063 0078 E36B     		ldr	r3, [r4, #60]
 4064 007a 002B     		cmp	r3, #0
 4065 007c 31D0     		beq	.L429
 4066 007e 3049     		ldr	r1, .L438+8
 4067 0080 9962     		str	r1, [r3, #40]
 4068 0082 E36B     		ldr	r3, [r4, #60]
 4069 0084 2F49     		ldr	r1, .L438+12
 4070 0086 1963     		str	r1, [r3, #48]
 4071 0088 E16B     		ldr	r1, [r4, #60]
 4072 008a 0023     		movs	r3, #0
 4073 008c CB62     		str	r3, [r1, #44]
 4074 008e E16B     		ldr	r1, [r4, #60]
 4075 0090 4B63     		str	r3, [r1, #52]
 4076 0092 2168     		ldr	r1, [r4]
 4077 0094 2431     		adds	r1, r1, #36
 4078 0096 238D     		ldrh	r3, [r4, #40]
 4079 0098 E06B     		ldr	r0, [r4, #60]
 4080 009a FFF7FEFF 		bl	HAL_DMA_Start_IT
 4081 009e 051E     		subs	r5, r0, #0
 4082 00a0 2ED0     		beq	.L437
 4083 00a2 4123     		movs	r3, #65
 4084 00a4 2022     		movs	r2, #32
 4085 00a6 E254     		strb	r2, [r4, r3]
 4086 00a8 0022     		movs	r2, #0
 4087 00aa 0133     		adds	r3, r3, #1
 4088 00ac E254     		strb	r2, [r4, r3]
 4089 00ae 636C     		ldr	r3, [r4, #68]
 4090 00b0 1021     		movs	r1, #16
 4091 00b2 0B43     		orrs	r3, r1
 4092 00b4 6364     		str	r3, [r4, #68]
 4093 00b6 4023     		movs	r3, #64
 4094 00b8 E254     		strb	r2, [r4, r3]
 4095 00ba 3F3B     		subs	r3, r3, #63
 4096 00bc 1D00     		movs	r5, r3
 4097 00be 32E0     		b	.L422
 4098              	.L423:
 4099 00c0 8023     		movs	r3, #128
 4100 00c2 9B00     		lsls	r3, r3, #2
 4101 00c4 6364     		str	r3, [r4, #68]
 4102 00c6 0123     		movs	r3, #1
 4103 00c8 1D00     		movs	r5, r3
 4104 00ca 2CE0     		b	.L422
 4105              	.L425:
 4106 00cc 638D     		ldrh	r3, [r4, #42]
 4107 00ce 2385     		strh	r3, [r4, #40]
 4108 00d0 C9E7     		b	.L426
 4109              	.L436:
 4110 00d2 FE33     		adds	r3, r3, #254
 4111 00d4 0B40     		ands	r3, r1
 4112 00d6 6146     		mov	r1, ip
 4113 00d8 8B62     		str	r3, [r1, #40]
 4114 00da 0123     		movs	r3, #1
ARM GAS  C:\Users\fastr\AppData\Local\Temp\cce7iK0f.s 			page 72


 4115 00dc 5B42     		rsbs	r3, r3, #0
 4116 00de 2365     		str	r3, [r4, #80]
 4117 00e0 CAE7     		b	.L428
 4118              	.L429:
 4119 00e2 4123     		movs	r3, #65
 4120 00e4 2022     		movs	r2, #32
 4121 00e6 E254     		strb	r2, [r4, r3]
 4122 00e8 0022     		movs	r2, #0
 4123 00ea 0133     		adds	r3, r3, #1
 4124 00ec E254     		strb	r2, [r4, r3]
 4125 00ee 636C     		ldr	r3, [r4, #68]
 4126 00f0 8021     		movs	r1, #128
 4127 00f2 0B43     		orrs	r3, r1
 4128 00f4 6364     		str	r3, [r4, #68]
 4129 00f6 4023     		movs	r3, #64
 4130 00f8 E254     		strb	r2, [r4, r3]
 4131 00fa 3F3B     		subs	r3, r3, #63
 4132 00fc 1D00     		movs	r5, r3
 4133 00fe 12E0     		b	.L422
 4134              	.L437:
 4135 0100 6B46     		mov	r3, sp
 4136 0102 1A7B     		ldrb	r2, [r3, #12]
 4137 0104 104B     		ldr	r3, .L438+16
 4138 0106 0093     		str	r3, [sp]
 4139 0108 0023     		movs	r3, #0
 4140 010a 3900     		movs	r1, r7
 4141 010c 2000     		movs	r0, r4
 4142 010e FFF7FEFF 		bl	I2C_TransferConfig
 4143 0112 4023     		movs	r3, #64
 4144 0114 0022     		movs	r2, #0
 4145 0116 E254     		strb	r2, [r4, r3]
 4146 0118 0121     		movs	r1, #1
 4147 011a 2000     		movs	r0, r4
 4148 011c FFF7FEFF 		bl	I2C_Enable_IRQ
 4149 0120 01E0     		b	.L422
 4150              	.L432:
 4151 0122 0223     		movs	r3, #2
 4152 0124 1D00     		movs	r5, r3
 4153              	.L422:
 4154 0126 2800     		movs	r0, r5
 4155 0128 05B0     		add	sp, sp, #20
 4156              		@ sp needed
 4157 012a F0BD     		pop	{r4, r5, r6, r7, pc}
 4158              	.L433:
 4159 012c 0223     		movs	r3, #2
 4160 012e 1D00     		movs	r5, r3
 4161 0130 F9E7     		b	.L422
 4162              	.L434:
 4163 0132 0223     		movs	r3, #2
 4164 0134 1D00     		movs	r5, r3
 4165 0136 F6E7     		b	.L422
 4166              	.L439:
 4167              		.align	2
 4168              	.L438:
 4169 0138 0000FFFF 		.word	-65536
 4170 013c 00000000 		.word	I2C_Mem_ISR_DMA
 4171 0140 00000000 		.word	I2C_DMAMasterReceiveCplt
ARM GAS  C:\Users\fastr\AppData\Local\Temp\cce7iK0f.s 			page 73


 4172 0144 00000000 		.word	I2C_DMAError
 4173 0148 00200080 		.word	-2147475456
 4175              		.section	.text.HAL_I2C_IsDeviceReady,"ax",%progbits
 4176              		.align	1
 4177              		.global	HAL_I2C_IsDeviceReady
 4178              		.syntax unified
 4179              		.code	16
 4180              		.thumb_func
 4182              	HAL_I2C_IsDeviceReady:
 4183              		@ args = 0, pretend = 0, frame = 16
 4184              		@ frame_needed = 0, uses_anonymous_args = 0
 4185 0000 F0B5     		push	{r4, r5, r6, r7, lr}
 4186 0002 87B0     		sub	sp, sp, #28
 4187 0004 0500     		movs	r5, r0
 4188 0006 0F00     		movs	r7, r1
 4189 0008 0392     		str	r2, [sp, #12]
 4190 000a 1C00     		movs	r4, r3
 4191 000c 0023     		movs	r3, #0
 4192 000e 0593     		str	r3, [sp, #20]
 4193 0010 4133     		adds	r3, r3, #65
 4194 0012 C35C     		ldrb	r3, [r0, r3]
 4195 0014 202B     		cmp	r3, #32
 4196 0016 00D0     		beq	.LCB4843
 4197 0018 87E0     		b	.L450	@long jump
 4198              	.LCB4843:
 4199 001a 0368     		ldr	r3, [r0]
 4200 001c 9B69     		ldr	r3, [r3, #24]
 4201 001e 1B04     		lsls	r3, r3, #16
 4202 0020 00D5     		bpl	.LCB4849
 4203 0022 84E0     		b	.L451	@long jump
 4204              	.LCB4849:
 4205 0024 4023     		movs	r3, #64
 4206 0026 C35C     		ldrb	r3, [r0, r3]
 4207 0028 012B     		cmp	r3, #1
 4208 002a 00D1     		bne	.LCB4853
 4209 002c 81E0     		b	.L452	@long jump
 4210              	.LCB4853:
 4211 002e 4023     		movs	r3, #64
 4212 0030 0122     		movs	r2, #1
 4213 0032 C254     		strb	r2, [r0, r3]
 4214 0034 0133     		adds	r3, r3, #1
 4215 0036 2332     		adds	r2, r2, #35
 4216 0038 C254     		strb	r2, [r0, r3]
 4217 003a 0023     		movs	r3, #0
 4218 003c 4364     		str	r3, [r0, #68]
 4219              	.L449:
 4220 003e EB68     		ldr	r3, [r5, #12]
 4221 0040 012B     		cmp	r3, #1
 4222 0042 14D0     		beq	.L456
 4223 0044 BA05     		lsls	r2, r7, #22
 4224 0046 920D     		lsrs	r2, r2, #22
 4225 0048 3D4B     		ldr	r3, .L459
 4226 004a 1343     		orrs	r3, r2
 4227              	.L443:
 4228 004c 2A68     		ldr	r2, [r5]
 4229 004e 5360     		str	r3, [r2, #4]
 4230 0050 FFF7FEFF 		bl	HAL_GetTick
ARM GAS  C:\Users\fastr\AppData\Local\Temp\cce7iK0f.s 			page 74


 4231 0054 0600     		movs	r6, r0
 4232 0056 2B68     		ldr	r3, [r5]
 4233 0058 9969     		ldr	r1, [r3, #24]
 4234 005a 2022     		movs	r2, #32
 4235 005c 0A40     		ands	r2, r1
 4236 005e 9206     		lsls	r2, r2, #26
 4237 0060 D20F     		lsrs	r2, r2, #31
 4238 0062 9969     		ldr	r1, [r3, #24]
 4239 0064 1023     		movs	r3, #16
 4240 0066 0B40     		ands	r3, r1
 4241 0068 DB06     		lsls	r3, r3, #27
 4242 006a DB0F     		lsrs	r3, r3, #31
 4243 006c 0FE0     		b	.L444
 4244              	.L456:
 4245 006e BA05     		lsls	r2, r7, #22
 4246 0070 920D     		lsrs	r2, r2, #22
 4247 0072 344B     		ldr	r3, .L459+4
 4248 0074 1343     		orrs	r3, r2
 4249 0076 E9E7     		b	.L443
 4250              	.L445:
 4251 0078 2B68     		ldr	r3, [r5]
 4252 007a 9969     		ldr	r1, [r3, #24]
 4253 007c 2022     		movs	r2, #32
 4254 007e 0A40     		ands	r2, r1
 4255 0080 9206     		lsls	r2, r2, #26
 4256 0082 D20F     		lsrs	r2, r2, #31
 4257 0084 9969     		ldr	r1, [r3, #24]
 4258 0086 1023     		movs	r3, #16
 4259 0088 0B40     		ands	r3, r1
 4260 008a DB06     		lsls	r3, r3, #27
 4261 008c DB0F     		lsrs	r3, r3, #31
 4262              	.L444:
 4263 008e 1343     		orrs	r3, r2
 4264 0090 14D1     		bne	.L457
 4265 0092 631C     		adds	r3, r4, #1
 4266 0094 F0D0     		beq	.L445
 4267 0096 FFF7FEFF 		bl	HAL_GetTick
 4268 009a 801B     		subs	r0, r0, r6
 4269 009c A042     		cmp	r0, r4
 4270 009e 01D8     		bhi	.L446
 4271 00a0 002C     		cmp	r4, #0
 4272 00a2 E9D1     		bne	.L445
 4273              	.L446:
 4274 00a4 2022     		movs	r2, #32
 4275 00a6 4123     		movs	r3, #65
 4276 00a8 EA54     		strb	r2, [r5, r3]
 4277 00aa 6B6C     		ldr	r3, [r5, #68]
 4278 00ac 1343     		orrs	r3, r2
 4279 00ae 6B64     		str	r3, [r5, #68]
 4280 00b0 4023     		movs	r3, #64
 4281 00b2 0022     		movs	r2, #0
 4282 00b4 EA54     		strb	r2, [r5, r3]
 4283 00b6 0120     		movs	r0, #1
 4284              	.L441:
 4285 00b8 07B0     		add	sp, sp, #28
 4286              		@ sp needed
 4287 00ba F0BD     		pop	{r4, r5, r6, r7, pc}
ARM GAS  C:\Users\fastr\AppData\Local\Temp\cce7iK0f.s 			page 75


 4288              	.L457:
 4289 00bc 2B68     		ldr	r3, [r5]
 4290 00be 9B69     		ldr	r3, [r3, #24]
 4291 00c0 DB06     		lsls	r3, r3, #27
 4292 00c2 20D5     		bpl	.L458
 4293 00c4 0096     		str	r6, [sp]
 4294 00c6 2300     		movs	r3, r4
 4295 00c8 0022     		movs	r2, #0
 4296 00ca 2021     		movs	r1, #32
 4297 00cc 2800     		movs	r0, r5
 4298 00ce FFF7FEFF 		bl	I2C_WaitOnFlagUntilTimeout
 4299 00d2 0028     		cmp	r0, #0
 4300 00d4 31D1     		bne	.L454
 4301 00d6 2B68     		ldr	r3, [r5]
 4302 00d8 1022     		movs	r2, #16
 4303 00da DA61     		str	r2, [r3, #28]
 4304 00dc 2B68     		ldr	r3, [r5]
 4305 00de 1032     		adds	r2, r2, #16
 4306 00e0 DA61     		str	r2, [r3, #28]
 4307 00e2 059B     		ldr	r3, [sp, #20]
 4308 00e4 0133     		adds	r3, r3, #1
 4309 00e6 0593     		str	r3, [sp, #20]
 4310 00e8 059B     		ldr	r3, [sp, #20]
 4311 00ea 039A     		ldr	r2, [sp, #12]
 4312 00ec 9342     		cmp	r3, r2
 4313 00ee A6D3     		bcc	.L449
 4314 00f0 2022     		movs	r2, #32
 4315 00f2 4123     		movs	r3, #65
 4316 00f4 EA54     		strb	r2, [r5, r3]
 4317 00f6 6B6C     		ldr	r3, [r5, #68]
 4318 00f8 1343     		orrs	r3, r2
 4319 00fa 6B64     		str	r3, [r5, #68]
 4320 00fc 4023     		movs	r3, #64
 4321 00fe 0022     		movs	r2, #0
 4322 0100 EA54     		strb	r2, [r5, r3]
 4323 0102 0130     		adds	r0, r0, #1
 4324 0104 D8E7     		b	.L441
 4325              	.L458:
 4326 0106 0096     		str	r6, [sp]
 4327 0108 2300     		movs	r3, r4
 4328 010a 0022     		movs	r2, #0
 4329 010c 2021     		movs	r1, #32
 4330 010e 2800     		movs	r0, r5
 4331 0110 FFF7FEFF 		bl	I2C_WaitOnFlagUntilTimeout
 4332 0114 0028     		cmp	r0, #0
 4333 0116 0ED1     		bne	.L453
 4334 0118 2A68     		ldr	r2, [r5]
 4335 011a 2023     		movs	r3, #32
 4336 011c D361     		str	r3, [r2, #28]
 4337 011e 4122     		movs	r2, #65
 4338 0120 AB54     		strb	r3, [r5, r2]
 4339 0122 2033     		adds	r3, r3, #32
 4340 0124 0022     		movs	r2, #0
 4341 0126 EA54     		strb	r2, [r5, r3]
 4342 0128 C6E7     		b	.L441
 4343              	.L450:
 4344 012a 0220     		movs	r0, #2
ARM GAS  C:\Users\fastr\AppData\Local\Temp\cce7iK0f.s 			page 76


 4345 012c C4E7     		b	.L441
 4346              	.L451:
 4347 012e 0220     		movs	r0, #2
 4348 0130 C2E7     		b	.L441
 4349              	.L452:
 4350 0132 0220     		movs	r0, #2
 4351 0134 C0E7     		b	.L441
 4352              	.L453:
 4353 0136 0120     		movs	r0, #1
 4354 0138 BEE7     		b	.L441
 4355              	.L454:
 4356 013a 0120     		movs	r0, #1
 4357 013c BCE7     		b	.L441
 4358              	.L460:
 4359 013e C046     		.align	2
 4360              	.L459:
 4361 0140 00280002 		.word	33564672
 4362 0144 00200002 		.word	33562624
 4364              		.section	.text.HAL_I2C_Master_Seq_Transmit_IT,"ax",%progbits
 4365              		.align	1
 4366              		.global	HAL_I2C_Master_Seq_Transmit_IT
 4367              		.syntax unified
 4368              		.code	16
 4369              		.thumb_func
 4371              	HAL_I2C_Master_Seq_Transmit_IT:
 4372              		@ args = 4, pretend = 0, frame = 0
 4373              		@ frame_needed = 0, uses_anonymous_args = 0
 4374 0000 F0B5     		push	{r4, r5, r6, r7, lr}
 4375 0002 83B0     		sub	sp, sp, #12
 4376 0004 0400     		movs	r4, r0
 4377 0006 0D00     		movs	r5, r1
 4378 0008 4121     		movs	r1, #65
 4379 000a 415C     		ldrb	r1, [r0, r1]
 4380 000c 2029     		cmp	r1, #32
 4381 000e 00D0     		beq	.LCB5063
 4382 0010 7AE0     		b	.L472	@long jump
 4383              	.LCB5063:
 4384 0012 2031     		adds	r1, r1, #32
 4385 0014 415C     		ldrb	r1, [r0, r1]
 4386 0016 0129     		cmp	r1, #1
 4387 0018 00D1     		bne	.LCB5067
 4388 001a 77E0     		b	.L473	@long jump
 4389              	.LCB5067:
 4390 001c 4021     		movs	r1, #64
 4391 001e 0120     		movs	r0, #1
 4392 0020 6054     		strb	r0, [r4, r1]
 4393 0022 0131     		adds	r1, r1, #1
 4394 0024 2030     		adds	r0, r0, #32
 4395 0026 6054     		strb	r0, [r4, r1]
 4396 0028 0131     		adds	r1, r1, #1
 4397 002a 1138     		subs	r0, r0, #17
 4398 002c 6054     		strb	r0, [r4, r1]
 4399 002e 0021     		movs	r1, #0
 4400 0030 6164     		str	r1, [r4, #68]
 4401 0032 6262     		str	r2, [r4, #36]
 4402 0034 6385     		strh	r3, [r4, #42]
 4403 0036 089B     		ldr	r3, [sp, #32]
ARM GAS  C:\Users\fastr\AppData\Local\Temp\cce7iK0f.s 			page 77


 4404 0038 E362     		str	r3, [r4, #44]
 4405 003a 354B     		ldr	r3, .L478
 4406 003c 6363     		str	r3, [r4, #52]
 4407 003e 638D     		ldrh	r3, [r4, #42]
 4408 0040 FF2B     		cmp	r3, #255
 4409 0042 12D9     		bls	.L463
 4410 0044 FF23     		movs	r3, #255
 4411 0046 2385     		strh	r3, [r4, #40]
 4412 0048 8023     		movs	r3, #128
 4413 004a 5B04     		lsls	r3, r3, #17
 4414 004c 1E00     		movs	r6, r3
 4415              	.L464:
 4416 004e 238D     		ldrh	r3, [r4, #40]
 4417 0050 002B     		cmp	r3, #0
 4418 0052 1ED0     		beq	.L474
 4419 0054 089B     		ldr	r3, [sp, #32]
 4420 0056 002B     		cmp	r3, #0
 4421 0058 0CD0     		beq	.L466
 4422 005a 8023     		movs	r3, #128
 4423 005c 9B04     		lsls	r3, r3, #18
 4424 005e 0899     		ldr	r1, [sp, #32]
 4425 0060 9942     		cmp	r1, r3
 4426 0062 07D0     		beq	.L466
 4427 0064 0023     		movs	r3, #0
 4428 0066 1F00     		movs	r7, r3
 4429 0068 14E0     		b	.L465
 4430              	.L463:
 4431 006a 638D     		ldrh	r3, [r4, #42]
 4432 006c 2385     		strh	r3, [r4, #40]
 4433 006e E36A     		ldr	r3, [r4, #44]
 4434 0070 1E00     		movs	r6, r3
 4435 0072 ECE7     		b	.L464
 4436              	.L466:
 4437 0074 2368     		ldr	r3, [r4]
 4438 0076 1278     		ldrb	r2, [r2]
 4439 0078 9A62     		str	r2, [r3, #40]
 4440 007a 636A     		ldr	r3, [r4, #36]
 4441 007c 0133     		adds	r3, r3, #1
 4442 007e 6362     		str	r3, [r4, #36]
 4443 0080 228D     		ldrh	r2, [r4, #40]
 4444 0082 1700     		movs	r7, r2
 4445 0084 638D     		ldrh	r3, [r4, #42]
 4446 0086 013B     		subs	r3, r3, #1
 4447 0088 9BB2     		uxth	r3, r3
 4448 008a 6385     		strh	r3, [r4, #42]
 4449 008c 531E     		subs	r3, r2, #1
 4450 008e 2385     		strh	r3, [r4, #40]
 4451 0090 00E0     		b	.L465
 4452              	.L474:
 4453 0092 1F00     		movs	r7, r3
 4454              	.L465:
 4455 0094 236B     		ldr	r3, [r4, #48]
 4456 0096 112B     		cmp	r3, #17
 4457 0098 09D1     		bne	.L467
 4458 009a 089B     		ldr	r3, [sp, #32]
 4459 009c AA2B     		cmp	r3, #170
 4460 009e 06D0     		beq	.L467
ARM GAS  C:\Users\fastr\AppData\Local\Temp\cce7iK0f.s 			page 78


 4461 00a0 AA23     		movs	r3, #170
 4462 00a2 1B02     		lsls	r3, r3, #8
 4463 00a4 089A     		ldr	r2, [sp, #32]
 4464 00a6 9A42     		cmp	r2, r3
 4465 00a8 01D0     		beq	.L467
 4466 00aa 0023     		movs	r3, #0
 4467 00ac 08E0     		b	.L468
 4468              	.L467:
 4469 00ae 2000     		movs	r0, r4
 4470 00b0 FFF7FEFF 		bl	I2C_ConvertOtherXferOptions
 4471 00b4 638D     		ldrh	r3, [r4, #42]
 4472 00b6 FF2B     		cmp	r3, #255
 4473 00b8 1BD8     		bhi	.L477
 4474 00ba E36A     		ldr	r3, [r4, #44]
 4475 00bc 1E00     		movs	r6, r3
 4476 00be 154B     		ldr	r3, .L478+4
 4477              	.L468:
 4478 00c0 089A     		ldr	r2, [sp, #32]
 4479 00c2 002A     		cmp	r2, #0
 4480 00c4 04D0     		beq	.L469
 4481 00c6 8022     		movs	r2, #128
 4482 00c8 9204     		lsls	r2, r2, #18
 4483 00ca 0899     		ldr	r1, [sp, #32]
 4484 00cc 9142     		cmp	r1, r2
 4485 00ce 12D1     		bne	.L470
 4486              	.L469:
 4487 00d0 FAB2     		uxtb	r2, r7
 4488 00d2 0093     		str	r3, [sp]
 4489 00d4 3300     		movs	r3, r6
 4490 00d6 2900     		movs	r1, r5
 4491 00d8 2000     		movs	r0, r4
 4492 00da FFF7FEFF 		bl	I2C_TransferConfig
 4493              	.L471:
 4494 00de 4023     		movs	r3, #64
 4495 00e0 0022     		movs	r2, #0
 4496 00e2 E254     		strb	r2, [r4, r3]
 4497 00e4 0121     		movs	r1, #1
 4498 00e6 2000     		movs	r0, r4
 4499 00e8 FFF7FEFF 		bl	I2C_Enable_IRQ
 4500 00ec 0020     		movs	r0, #0
 4501              	.L462:
 4502 00ee 03B0     		add	sp, sp, #12
 4503              		@ sp needed
 4504 00f0 F0BD     		pop	{r4, r5, r6, r7, pc}
 4505              	.L477:
 4506 00f2 084B     		ldr	r3, .L478+4
 4507 00f4 E4E7     		b	.L468
 4508              	.L470:
 4509 00f6 228D     		ldrh	r2, [r4, #40]
 4510 00f8 D2B2     		uxtb	r2, r2
 4511 00fa 0093     		str	r3, [sp]
 4512 00fc 3300     		movs	r3, r6
 4513 00fe 2900     		movs	r1, r5
 4514 0100 2000     		movs	r0, r4
 4515 0102 FFF7FEFF 		bl	I2C_TransferConfig
 4516 0106 EAE7     		b	.L471
 4517              	.L472:
ARM GAS  C:\Users\fastr\AppData\Local\Temp\cce7iK0f.s 			page 79


 4518 0108 0220     		movs	r0, #2
 4519 010a F0E7     		b	.L462
 4520              	.L473:
 4521 010c 0220     		movs	r0, #2
 4522 010e EEE7     		b	.L462
 4523              	.L479:
 4524              		.align	2
 4525              	.L478:
 4526 0110 00000000 		.word	I2C_Master_ISR_IT
 4527 0114 00200080 		.word	-2147475456
 4529              		.section	.text.HAL_I2C_Master_Seq_Transmit_DMA,"ax",%progbits
 4530              		.align	1
 4531              		.global	HAL_I2C_Master_Seq_Transmit_DMA
 4532              		.syntax unified
 4533              		.code	16
 4534              		.thumb_func
 4536              	HAL_I2C_Master_Seq_Transmit_DMA:
 4537              		@ args = 4, pretend = 0, frame = 0
 4538              		@ frame_needed = 0, uses_anonymous_args = 0
 4539 0000 F0B5     		push	{r4, r5, r6, r7, lr}
 4540 0002 C646     		mov	lr, r8
 4541 0004 00B5     		push	{lr}
 4542 0006 82B0     		sub	sp, sp, #8
 4543 0008 0400     		movs	r4, r0
 4544 000a 0D00     		movs	r5, r1
 4545 000c 4121     		movs	r1, #65
 4546 000e 415C     		ldrb	r1, [r0, r1]
 4547 0010 2029     		cmp	r1, #32
 4548 0012 00D0     		beq	.LCB5257
 4549 0014 DFE0     		b	.L499	@long jump
 4550              	.LCB5257:
 4551 0016 2031     		adds	r1, r1, #32
 4552 0018 415C     		ldrb	r1, [r0, r1]
 4553 001a 0129     		cmp	r1, #1
 4554 001c 00D1     		bne	.LCB5261
 4555 001e DFE0     		b	.L500	@long jump
 4556              	.LCB5261:
 4557 0020 4021     		movs	r1, #64
 4558 0022 0120     		movs	r0, #1
 4559 0024 6054     		strb	r0, [r4, r1]
 4560 0026 0131     		adds	r1, r1, #1
 4561 0028 2030     		adds	r0, r0, #32
 4562 002a 6054     		strb	r0, [r4, r1]
 4563 002c 0131     		adds	r1, r1, #1
 4564 002e 1138     		subs	r0, r0, #17
 4565 0030 6054     		strb	r0, [r4, r1]
 4566 0032 0021     		movs	r1, #0
 4567 0034 6164     		str	r1, [r4, #68]
 4568 0036 6262     		str	r2, [r4, #36]
 4569 0038 6385     		strh	r3, [r4, #42]
 4570 003a 089B     		ldr	r3, [sp, #32]
 4571 003c E362     		str	r3, [r4, #44]
 4572 003e 694B     		ldr	r3, .L506
 4573 0040 6363     		str	r3, [r4, #52]
 4574 0042 638D     		ldrh	r3, [r4, #42]
 4575 0044 FF2B     		cmp	r3, #255
 4576 0046 12D9     		bls	.L482
ARM GAS  C:\Users\fastr\AppData\Local\Temp\cce7iK0f.s 			page 80


 4577 0048 FF23     		movs	r3, #255
 4578 004a 2385     		strh	r3, [r4, #40]
 4579 004c 8023     		movs	r3, #128
 4580 004e 5B04     		lsls	r3, r3, #17
 4581 0050 1E00     		movs	r6, r3
 4582              	.L483:
 4583 0052 238D     		ldrh	r3, [r4, #40]
 4584 0054 002B     		cmp	r3, #0
 4585 0056 1ED0     		beq	.L501
 4586 0058 089B     		ldr	r3, [sp, #32]
 4587 005a 002B     		cmp	r3, #0
 4588 005c 0CD0     		beq	.L485
 4589 005e 8023     		movs	r3, #128
 4590 0060 9B04     		lsls	r3, r3, #18
 4591 0062 0899     		ldr	r1, [sp, #32]
 4592 0064 9942     		cmp	r1, r3
 4593 0066 07D0     		beq	.L485
 4594 0068 0023     		movs	r3, #0
 4595 006a 9846     		mov	r8, r3
 4596 006c 14E0     		b	.L484
 4597              	.L482:
 4598 006e 638D     		ldrh	r3, [r4, #42]
 4599 0070 2385     		strh	r3, [r4, #40]
 4600 0072 E36A     		ldr	r3, [r4, #44]
 4601 0074 1E00     		movs	r6, r3
 4602 0076 ECE7     		b	.L483
 4603              	.L485:
 4604 0078 2368     		ldr	r3, [r4]
 4605 007a 1278     		ldrb	r2, [r2]
 4606 007c 9A62     		str	r2, [r3, #40]
 4607 007e 636A     		ldr	r3, [r4, #36]
 4608 0080 0133     		adds	r3, r3, #1
 4609 0082 6362     		str	r3, [r4, #36]
 4610 0084 228D     		ldrh	r2, [r4, #40]
 4611 0086 9046     		mov	r8, r2
 4612 0088 638D     		ldrh	r3, [r4, #42]
 4613 008a 013B     		subs	r3, r3, #1
 4614 008c 9BB2     		uxth	r3, r3
 4615 008e 6385     		strh	r3, [r4, #42]
 4616 0090 531E     		subs	r3, r2, #1
 4617 0092 2385     		strh	r3, [r4, #40]
 4618 0094 00E0     		b	.L484
 4619              	.L501:
 4620 0096 9846     		mov	r8, r3
 4621              	.L484:
 4622 0098 236B     		ldr	r3, [r4, #48]
 4623 009a 112B     		cmp	r3, #17
 4624 009c 0AD1     		bne	.L486
 4625 009e 089B     		ldr	r3, [sp, #32]
 4626 00a0 AA2B     		cmp	r3, #170
 4627 00a2 07D0     		beq	.L486
 4628 00a4 AA23     		movs	r3, #170
 4629 00a6 1B02     		lsls	r3, r3, #8
 4630 00a8 089A     		ldr	r2, [sp, #32]
 4631 00aa 9A42     		cmp	r2, r3
 4632 00ac 02D0     		beq	.L486
 4633 00ae 0023     		movs	r3, #0
ARM GAS  C:\Users\fastr\AppData\Local\Temp\cce7iK0f.s 			page 81


 4634 00b0 1F00     		movs	r7, r3
 4635 00b2 09E0     		b	.L487
 4636              	.L486:
 4637 00b4 2000     		movs	r0, r4
 4638 00b6 FFF7FEFF 		bl	I2C_ConvertOtherXferOptions
 4639 00ba 638D     		ldrh	r3, [r4, #42]
 4640 00bc FF2B     		cmp	r3, #255
 4641 00be 2AD8     		bhi	.L504
 4642 00c0 E36A     		ldr	r3, [r4, #44]
 4643 00c2 1E00     		movs	r6, r3
 4644 00c4 484B     		ldr	r3, .L506+4
 4645 00c6 1F00     		movs	r7, r3
 4646              	.L487:
 4647 00c8 228D     		ldrh	r2, [r4, #40]
 4648 00ca 002A     		cmp	r2, #0
 4649 00cc 60D0     		beq	.L488
 4650 00ce A36B     		ldr	r3, [r4, #56]
 4651 00d0 002B     		cmp	r3, #0
 4652 00d2 23D0     		beq	.L489
 4653 00d4 454A     		ldr	r2, .L506+8
 4654 00d6 9A62     		str	r2, [r3, #40]
 4655 00d8 A36B     		ldr	r3, [r4, #56]
 4656 00da 454A     		ldr	r2, .L506+12
 4657 00dc 1A63     		str	r2, [r3, #48]
 4658 00de A26B     		ldr	r2, [r4, #56]
 4659 00e0 0023     		movs	r3, #0
 4660 00e2 D362     		str	r3, [r2, #44]
 4661 00e4 A26B     		ldr	r2, [r4, #56]
 4662 00e6 5363     		str	r3, [r2, #52]
 4663 00e8 616A     		ldr	r1, [r4, #36]
 4664 00ea 2268     		ldr	r2, [r4]
 4665 00ec 2832     		adds	r2, r2, #40
 4666 00ee 238D     		ldrh	r3, [r4, #40]
 4667 00f0 A06B     		ldr	r0, [r4, #56]
 4668 00f2 FFF7FEFF 		bl	HAL_DMA_Start_IT
 4669 00f6 0028     		cmp	r0, #0
 4670 00f8 1ED0     		beq	.L490
 4671 00fa 4123     		movs	r3, #65
 4672 00fc 2022     		movs	r2, #32
 4673 00fe E254     		strb	r2, [r4, r3]
 4674 0100 0022     		movs	r2, #0
 4675 0102 0133     		adds	r3, r3, #1
 4676 0104 E254     		strb	r2, [r4, r3]
 4677 0106 636C     		ldr	r3, [r4, #68]
 4678 0108 1021     		movs	r1, #16
 4679 010a 0B43     		orrs	r3, r1
 4680 010c 6364     		str	r3, [r4, #68]
 4681 010e 4023     		movs	r3, #64
 4682 0110 E254     		strb	r2, [r4, r3]
 4683 0112 0120     		movs	r0, #1
 4684 0114 60E0     		b	.L481
 4685              	.L504:
 4686 0116 344B     		ldr	r3, .L506+4
 4687 0118 1F00     		movs	r7, r3
 4688 011a D5E7     		b	.L487
 4689              	.L489:
 4690 011c 4123     		movs	r3, #65
ARM GAS  C:\Users\fastr\AppData\Local\Temp\cce7iK0f.s 			page 82


 4691 011e 2022     		movs	r2, #32
 4692 0120 E254     		strb	r2, [r4, r3]
 4693 0122 0022     		movs	r2, #0
 4694 0124 0133     		adds	r3, r3, #1
 4695 0126 E254     		strb	r2, [r4, r3]
 4696 0128 636C     		ldr	r3, [r4, #68]
 4697 012a 8021     		movs	r1, #128
 4698 012c 0B43     		orrs	r3, r1
 4699 012e 6364     		str	r3, [r4, #68]
 4700 0130 4023     		movs	r3, #64
 4701 0132 E254     		strb	r2, [r4, r3]
 4702 0134 0120     		movs	r0, #1
 4703 0136 4FE0     		b	.L481
 4704              	.L490:
 4705 0138 089B     		ldr	r3, [sp, #32]
 4706 013a 002B     		cmp	r3, #0
 4707 013c 04D0     		beq	.L492
 4708 013e 8023     		movs	r3, #128
 4709 0140 9B04     		lsls	r3, r3, #18
 4710 0142 089A     		ldr	r2, [sp, #32]
 4711 0144 9A42     		cmp	r2, r3
 4712 0146 1AD1     		bne	.L493
 4713              	.L492:
 4714 0148 4346     		mov	r3, r8
 4715 014a DAB2     		uxtb	r2, r3
 4716 014c 0097     		str	r7, [sp]
 4717 014e 3300     		movs	r3, r6
 4718 0150 2900     		movs	r1, r5
 4719 0152 2000     		movs	r0, r4
 4720 0154 FFF7FEFF 		bl	I2C_TransferConfig
 4721              	.L494:
 4722 0158 638D     		ldrh	r3, [r4, #42]
 4723 015a 228D     		ldrh	r2, [r4, #40]
 4724 015c 9B1A     		subs	r3, r3, r2
 4725 015e 9BB2     		uxth	r3, r3
 4726 0160 6385     		strh	r3, [r4, #42]
 4727 0162 4023     		movs	r3, #64
 4728 0164 0022     		movs	r2, #0
 4729 0166 E254     		strb	r2, [r4, r3]
 4730 0168 1021     		movs	r1, #16
 4731 016a 2000     		movs	r0, r4
 4732 016c FFF7FEFF 		bl	I2C_Enable_IRQ
 4733 0170 2268     		ldr	r2, [r4]
 4734 0172 1168     		ldr	r1, [r2]
 4735 0174 8023     		movs	r3, #128
 4736 0176 DB01     		lsls	r3, r3, #7
 4737 0178 0B43     		orrs	r3, r1
 4738 017a 1360     		str	r3, [r2]
 4739 017c 21E0     		b	.L495
 4740              	.L493:
 4741 017e 228D     		ldrh	r2, [r4, #40]
 4742 0180 D2B2     		uxtb	r2, r2
 4743 0182 0097     		str	r7, [sp]
 4744 0184 3300     		movs	r3, r6
 4745 0186 2900     		movs	r1, r5
 4746 0188 2000     		movs	r0, r4
 4747 018a FFF7FEFF 		bl	I2C_TransferConfig
ARM GAS  C:\Users\fastr\AppData\Local\Temp\cce7iK0f.s 			page 83


 4748 018e E3E7     		b	.L494
 4749              	.L488:
 4750 0190 184B     		ldr	r3, .L506+16
 4751 0192 6363     		str	r3, [r4, #52]
 4752 0194 089B     		ldr	r3, [sp, #32]
 4753 0196 002B     		cmp	r3, #0
 4754 0198 04D0     		beq	.L496
 4755 019a 8023     		movs	r3, #128
 4756 019c 9B04     		lsls	r3, r3, #18
 4757 019e 0899     		ldr	r1, [sp, #32]
 4758 01a0 9942     		cmp	r1, r3
 4759 01a2 10D1     		bne	.L497
 4760              	.L496:
 4761 01a4 4346     		mov	r3, r8
 4762 01a6 DAB2     		uxtb	r2, r3
 4763 01a8 0097     		str	r7, [sp]
 4764 01aa 3300     		movs	r3, r6
 4765 01ac 2900     		movs	r1, r5
 4766 01ae 2000     		movs	r0, r4
 4767 01b0 FFF7FEFF 		bl	I2C_TransferConfig
 4768              	.L498:
 4769 01b4 4023     		movs	r3, #64
 4770 01b6 0022     		movs	r2, #0
 4771 01b8 E254     		strb	r2, [r4, r3]
 4772 01ba 0121     		movs	r1, #1
 4773 01bc 2000     		movs	r0, r4
 4774 01be FFF7FEFF 		bl	I2C_Enable_IRQ
 4775              	.L495:
 4776 01c2 0020     		movs	r0, #0
 4777 01c4 08E0     		b	.L481
 4778              	.L497:
 4779 01c6 D2B2     		uxtb	r2, r2
 4780 01c8 0097     		str	r7, [sp]
 4781 01ca 3300     		movs	r3, r6
 4782 01cc 2900     		movs	r1, r5
 4783 01ce 2000     		movs	r0, r4
 4784 01d0 FFF7FEFF 		bl	I2C_TransferConfig
 4785 01d4 EEE7     		b	.L498
 4786              	.L499:
 4787 01d6 0220     		movs	r0, #2
 4788              	.L481:
 4789 01d8 02B0     		add	sp, sp, #8
 4790              		@ sp needed
 4791 01da 80BC     		pop	{r7}
 4792 01dc B846     		mov	r8, r7
 4793 01de F0BD     		pop	{r4, r5, r6, r7, pc}
 4794              	.L500:
 4795 01e0 0220     		movs	r0, #2
 4796 01e2 F9E7     		b	.L481
 4797              	.L507:
 4798              		.align	2
 4799              	.L506:
 4800 01e4 00000000 		.word	I2C_Master_ISR_DMA
 4801 01e8 00200080 		.word	-2147475456
 4802 01ec 00000000 		.word	I2C_DMAMasterTransmitCplt
 4803 01f0 00000000 		.word	I2C_DMAError
 4804 01f4 00000000 		.word	I2C_Master_ISR_IT
ARM GAS  C:\Users\fastr\AppData\Local\Temp\cce7iK0f.s 			page 84


 4806              		.section	.text.HAL_I2C_Master_Seq_Receive_IT,"ax",%progbits
 4807              		.align	1
 4808              		.global	HAL_I2C_Master_Seq_Receive_IT
 4809              		.syntax unified
 4810              		.code	16
 4811              		.thumb_func
 4813              	HAL_I2C_Master_Seq_Receive_IT:
 4814              		@ args = 4, pretend = 0, frame = 0
 4815              		@ frame_needed = 0, uses_anonymous_args = 0
 4816 0000 70B5     		push	{r4, r5, r6, lr}
 4817 0002 82B0     		sub	sp, sp, #8
 4818 0004 0400     		movs	r4, r0
 4819 0006 0D00     		movs	r5, r1
 4820 0008 4121     		movs	r1, #65
 4821 000a 415C     		ldrb	r1, [r0, r1]
 4822 000c 2029     		cmp	r1, #32
 4823 000e 4BD1     		bne	.L514
 4824 0010 2031     		adds	r1, r1, #32
 4825 0012 415C     		ldrb	r1, [r0, r1]
 4826 0014 0129     		cmp	r1, #1
 4827 0016 49D0     		beq	.L515
 4828 0018 4021     		movs	r1, #64
 4829 001a 0120     		movs	r0, #1
 4830 001c 6054     		strb	r0, [r4, r1]
 4831 001e 0131     		adds	r1, r1, #1
 4832 0020 2130     		adds	r0, r0, #33
 4833 0022 6054     		strb	r0, [r4, r1]
 4834 0024 0131     		adds	r1, r1, #1
 4835 0026 1238     		subs	r0, r0, #18
 4836 0028 6054     		strb	r0, [r4, r1]
 4837 002a 0021     		movs	r1, #0
 4838 002c 6164     		str	r1, [r4, #68]
 4839 002e 6262     		str	r2, [r4, #36]
 4840 0030 6385     		strh	r3, [r4, #42]
 4841 0032 069B     		ldr	r3, [sp, #24]
 4842 0034 E362     		str	r3, [r4, #44]
 4843 0036 1E4B     		ldr	r3, .L518
 4844 0038 6363     		str	r3, [r4, #52]
 4845 003a 638D     		ldrh	r3, [r4, #42]
 4846 003c FF2B     		cmp	r3, #255
 4847 003e 11D9     		bls	.L510
 4848 0040 FF23     		movs	r3, #255
 4849 0042 2385     		strh	r3, [r4, #40]
 4850 0044 8023     		movs	r3, #128
 4851 0046 5B04     		lsls	r3, r3, #17
 4852 0048 1E00     		movs	r6, r3
 4853              	.L511:
 4854 004a 236B     		ldr	r3, [r4, #48]
 4855 004c 122B     		cmp	r3, #18
 4856 004e 0ED1     		bne	.L512
 4857 0050 069B     		ldr	r3, [sp, #24]
 4858 0052 AA2B     		cmp	r3, #170
 4859 0054 0BD0     		beq	.L512
 4860 0056 AA23     		movs	r3, #170
 4861 0058 1B02     		lsls	r3, r3, #8
 4862 005a 069A     		ldr	r2, [sp, #24]
 4863 005c 9A42     		cmp	r2, r3
ARM GAS  C:\Users\fastr\AppData\Local\Temp\cce7iK0f.s 			page 85


 4864 005e 06D0     		beq	.L512
 4865 0060 0023     		movs	r3, #0
 4866 0062 0DE0     		b	.L513
 4867              	.L510:
 4868 0064 638D     		ldrh	r3, [r4, #42]
 4869 0066 2385     		strh	r3, [r4, #40]
 4870 0068 E36A     		ldr	r3, [r4, #44]
 4871 006a 1E00     		movs	r6, r3
 4872 006c EDE7     		b	.L511
 4873              	.L512:
 4874 006e 2000     		movs	r0, r4
 4875 0070 FFF7FEFF 		bl	I2C_ConvertOtherXferOptions
 4876 0074 638D     		ldrh	r3, [r4, #42]
 4877 0076 FF2B     		cmp	r3, #255
 4878 0078 14D8     		bhi	.L517
 4879 007a E36A     		ldr	r3, [r4, #44]
 4880 007c 1E00     		movs	r6, r3
 4881 007e 0D4B     		ldr	r3, .L518+4
 4882              	.L513:
 4883 0080 228D     		ldrh	r2, [r4, #40]
 4884 0082 D2B2     		uxtb	r2, r2
 4885 0084 0093     		str	r3, [sp]
 4886 0086 3300     		movs	r3, r6
 4887 0088 2900     		movs	r1, r5
 4888 008a 2000     		movs	r0, r4
 4889 008c FFF7FEFF 		bl	I2C_TransferConfig
 4890 0090 4023     		movs	r3, #64
 4891 0092 0022     		movs	r2, #0
 4892 0094 E254     		strb	r2, [r4, r3]
 4893 0096 0221     		movs	r1, #2
 4894 0098 2000     		movs	r0, r4
 4895 009a FFF7FEFF 		bl	I2C_Enable_IRQ
 4896 009e 0020     		movs	r0, #0
 4897              	.L509:
 4898 00a0 02B0     		add	sp, sp, #8
 4899              		@ sp needed
 4900 00a2 70BD     		pop	{r4, r5, r6, pc}
 4901              	.L517:
 4902 00a4 034B     		ldr	r3, .L518+4
 4903 00a6 EBE7     		b	.L513
 4904              	.L514:
 4905 00a8 0220     		movs	r0, #2
 4906 00aa F9E7     		b	.L509
 4907              	.L515:
 4908 00ac 0220     		movs	r0, #2
 4909 00ae F7E7     		b	.L509
 4910              	.L519:
 4911              		.align	2
 4912              	.L518:
 4913 00b0 00000000 		.word	I2C_Master_ISR_IT
 4914 00b4 00240080 		.word	-2147474432
 4916              		.section	.text.HAL_I2C_Master_Seq_Receive_DMA,"ax",%progbits
 4917              		.align	1
 4918              		.global	HAL_I2C_Master_Seq_Receive_DMA
 4919              		.syntax unified
 4920              		.code	16
 4921              		.thumb_func
ARM GAS  C:\Users\fastr\AppData\Local\Temp\cce7iK0f.s 			page 86


 4923              	HAL_I2C_Master_Seq_Receive_DMA:
 4924              		@ args = 4, pretend = 0, frame = 0
 4925              		@ frame_needed = 0, uses_anonymous_args = 0
 4926 0000 F0B5     		push	{r4, r5, r6, r7, lr}
 4927 0002 C646     		mov	lr, r8
 4928 0004 00B5     		push	{lr}
 4929 0006 82B0     		sub	sp, sp, #8
 4930 0008 0400     		movs	r4, r0
 4931 000a 0E00     		movs	r6, r1
 4932 000c 1000     		movs	r0, r2
 4933 000e 1500     		movs	r5, r2
 4934 0010 4121     		movs	r1, #65
 4935 0012 615C     		ldrb	r1, [r4, r1]
 4936 0014 2029     		cmp	r1, #32
 4937 0016 00D0     		beq	.LCB5705
 4938 0018 A2E0     		b	.L531	@long jump
 4939              	.LCB5705:
 4940 001a 4022     		movs	r2, #64
 4941 001c A25C     		ldrb	r2, [r4, r2]
 4942 001e 012A     		cmp	r2, #1
 4943 0020 00D1     		bne	.LCB5709
 4944 0022 A2E0     		b	.L532	@long jump
 4945              	.LCB5709:
 4946 0024 4022     		movs	r2, #64
 4947 0026 1F39     		subs	r1, r1, #31
 4948 0028 A154     		strb	r1, [r4, r2]
 4949 002a 0132     		adds	r2, r2, #1
 4950 002c 2131     		adds	r1, r1, #33
 4951 002e A154     		strb	r1, [r4, r2]
 4952 0030 0132     		adds	r2, r2, #1
 4953 0032 1239     		subs	r1, r1, #18
 4954 0034 A154     		strb	r1, [r4, r2]
 4955 0036 0022     		movs	r2, #0
 4956 0038 6264     		str	r2, [r4, #68]
 4957 003a 6062     		str	r0, [r4, #36]
 4958 003c 6385     		strh	r3, [r4, #42]
 4959 003e 089B     		ldr	r3, [sp, #32]
 4960 0040 E362     		str	r3, [r4, #44]
 4961 0042 4B4B     		ldr	r3, .L537
 4962 0044 6363     		str	r3, [r4, #52]
 4963 0046 638D     		ldrh	r3, [r4, #42]
 4964 0048 FF2B     		cmp	r3, #255
 4965 004a 12D9     		bls	.L522
 4966 004c FF23     		movs	r3, #255
 4967 004e 2385     		strh	r3, [r4, #40]
 4968 0050 8023     		movs	r3, #128
 4969 0052 5B04     		lsls	r3, r3, #17
 4970 0054 1F00     		movs	r7, r3
 4971              	.L523:
 4972 0056 236B     		ldr	r3, [r4, #48]
 4973 0058 122B     		cmp	r3, #18
 4974 005a 0FD1     		bne	.L524
 4975 005c 089B     		ldr	r3, [sp, #32]
 4976 005e AA2B     		cmp	r3, #170
 4977 0060 0CD0     		beq	.L524
 4978 0062 AA23     		movs	r3, #170
 4979 0064 1B02     		lsls	r3, r3, #8
ARM GAS  C:\Users\fastr\AppData\Local\Temp\cce7iK0f.s 			page 87


 4980 0066 089A     		ldr	r2, [sp, #32]
 4981 0068 9A42     		cmp	r2, r3
 4982 006a 07D0     		beq	.L524
 4983 006c 0023     		movs	r3, #0
 4984 006e 9846     		mov	r8, r3
 4985 0070 0EE0     		b	.L525
 4986              	.L522:
 4987 0072 638D     		ldrh	r3, [r4, #42]
 4988 0074 2385     		strh	r3, [r4, #40]
 4989 0076 E36A     		ldr	r3, [r4, #44]
 4990 0078 1F00     		movs	r7, r3
 4991 007a ECE7     		b	.L523
 4992              	.L524:
 4993 007c 2000     		movs	r0, r4
 4994 007e FFF7FEFF 		bl	I2C_ConvertOtherXferOptions
 4995 0082 638D     		ldrh	r3, [r4, #42]
 4996 0084 FF2B     		cmp	r3, #255
 4997 0086 2AD8     		bhi	.L534
 4998 0088 E36A     		ldr	r3, [r4, #44]
 4999 008a 1F00     		movs	r7, r3
 5000 008c 394B     		ldr	r3, .L537+4
 5001 008e 9846     		mov	r8, r3
 5002              	.L525:
 5003 0090 228D     		ldrh	r2, [r4, #40]
 5004 0092 002A     		cmp	r2, #0
 5005 0094 50D0     		beq	.L526
 5006 0096 E36B     		ldr	r3, [r4, #60]
 5007 0098 002B     		cmp	r3, #0
 5008 009a 23D0     		beq	.L527
 5009 009c 364A     		ldr	r2, .L537+8
 5010 009e 9A62     		str	r2, [r3, #40]
 5011 00a0 E36B     		ldr	r3, [r4, #60]
 5012 00a2 364A     		ldr	r2, .L537+12
 5013 00a4 1A63     		str	r2, [r3, #48]
 5014 00a6 E26B     		ldr	r2, [r4, #60]
 5015 00a8 0023     		movs	r3, #0
 5016 00aa D362     		str	r3, [r2, #44]
 5017 00ac E26B     		ldr	r2, [r4, #60]
 5018 00ae 5363     		str	r3, [r2, #52]
 5019 00b0 2168     		ldr	r1, [r4]
 5020 00b2 2431     		adds	r1, r1, #36
 5021 00b4 238D     		ldrh	r3, [r4, #40]
 5022 00b6 E06B     		ldr	r0, [r4, #60]
 5023 00b8 2A00     		movs	r2, r5
 5024 00ba FFF7FEFF 		bl	HAL_DMA_Start_IT
 5025 00be 0028     		cmp	r0, #0
 5026 00c0 1ED0     		beq	.L536
 5027 00c2 4123     		movs	r3, #65
 5028 00c4 2022     		movs	r2, #32
 5029 00c6 E254     		strb	r2, [r4, r3]
 5030 00c8 0022     		movs	r2, #0
 5031 00ca 0133     		adds	r3, r3, #1
 5032 00cc E254     		strb	r2, [r4, r3]
 5033 00ce 636C     		ldr	r3, [r4, #68]
 5034 00d0 1021     		movs	r1, #16
 5035 00d2 0B43     		orrs	r3, r1
 5036 00d4 6364     		str	r3, [r4, #68]
ARM GAS  C:\Users\fastr\AppData\Local\Temp\cce7iK0f.s 			page 88


 5037 00d6 4023     		movs	r3, #64
 5038 00d8 E254     		strb	r2, [r4, r3]
 5039 00da 0120     		movs	r0, #1
 5040 00dc 41E0     		b	.L521
 5041              	.L534:
 5042 00de 254B     		ldr	r3, .L537+4
 5043 00e0 9846     		mov	r8, r3
 5044 00e2 D5E7     		b	.L525
 5045              	.L527:
 5046 00e4 4123     		movs	r3, #65
 5047 00e6 2022     		movs	r2, #32
 5048 00e8 E254     		strb	r2, [r4, r3]
 5049 00ea 0022     		movs	r2, #0
 5050 00ec 0133     		adds	r3, r3, #1
 5051 00ee E254     		strb	r2, [r4, r3]
 5052 00f0 636C     		ldr	r3, [r4, #68]
 5053 00f2 8021     		movs	r1, #128
 5054 00f4 0B43     		orrs	r3, r1
 5055 00f6 6364     		str	r3, [r4, #68]
 5056 00f8 4023     		movs	r3, #64
 5057 00fa E254     		strb	r2, [r4, r3]
 5058 00fc 0120     		movs	r0, #1
 5059 00fe 30E0     		b	.L521
 5060              	.L536:
 5061 0100 228D     		ldrh	r2, [r4, #40]
 5062 0102 D2B2     		uxtb	r2, r2
 5063 0104 4346     		mov	r3, r8
 5064 0106 0093     		str	r3, [sp]
 5065 0108 3B00     		movs	r3, r7
 5066 010a 3100     		movs	r1, r6
 5067 010c 2000     		movs	r0, r4
 5068 010e FFF7FEFF 		bl	I2C_TransferConfig
 5069 0112 638D     		ldrh	r3, [r4, #42]
 5070 0114 228D     		ldrh	r2, [r4, #40]
 5071 0116 9B1A     		subs	r3, r3, r2
 5072 0118 9BB2     		uxth	r3, r3
 5073 011a 6385     		strh	r3, [r4, #42]
 5074 011c 4023     		movs	r3, #64
 5075 011e 0022     		movs	r2, #0
 5076 0120 E254     		strb	r2, [r4, r3]
 5077 0122 1021     		movs	r1, #16
 5078 0124 2000     		movs	r0, r4
 5079 0126 FFF7FEFF 		bl	I2C_Enable_IRQ
 5080 012a 2268     		ldr	r2, [r4]
 5081 012c 1168     		ldr	r1, [r2]
 5082 012e 8023     		movs	r3, #128
 5083 0130 1B02     		lsls	r3, r3, #8
 5084 0132 0B43     		orrs	r3, r1
 5085 0134 1360     		str	r3, [r2]
 5086 0136 11E0     		b	.L530
 5087              	.L526:
 5088 0138 114B     		ldr	r3, .L537+16
 5089 013a 6363     		str	r3, [r4, #52]
 5090 013c 8023     		movs	r3, #128
 5091 013e D2B2     		uxtb	r2, r2
 5092 0140 0C49     		ldr	r1, .L537+4
 5093 0142 0091     		str	r1, [sp]
ARM GAS  C:\Users\fastr\AppData\Local\Temp\cce7iK0f.s 			page 89


 5094 0144 9B04     		lsls	r3, r3, #18
 5095 0146 3100     		movs	r1, r6
 5096 0148 2000     		movs	r0, r4
 5097 014a FFF7FEFF 		bl	I2C_TransferConfig
 5098 014e 4023     		movs	r3, #64
 5099 0150 0022     		movs	r2, #0
 5100 0152 E254     		strb	r2, [r4, r3]
 5101 0154 0221     		movs	r1, #2
 5102 0156 2000     		movs	r0, r4
 5103 0158 FFF7FEFF 		bl	I2C_Enable_IRQ
 5104              	.L530:
 5105 015c 0020     		movs	r0, #0
 5106 015e 00E0     		b	.L521
 5107              	.L531:
 5108 0160 0220     		movs	r0, #2
 5109              	.L521:
 5110 0162 02B0     		add	sp, sp, #8
 5111              		@ sp needed
 5112 0164 80BC     		pop	{r7}
 5113 0166 B846     		mov	r8, r7
 5114 0168 F0BD     		pop	{r4, r5, r6, r7, pc}
 5115              	.L532:
 5116 016a 0220     		movs	r0, #2
 5117 016c F9E7     		b	.L521
 5118              	.L538:
 5119 016e C046     		.align	2
 5120              	.L537:
 5121 0170 00000000 		.word	I2C_Master_ISR_DMA
 5122 0174 00240080 		.word	-2147474432
 5123 0178 00000000 		.word	I2C_DMAMasterReceiveCplt
 5124 017c 00000000 		.word	I2C_DMAError
 5125 0180 00000000 		.word	I2C_Master_ISR_IT
 5127              		.section	.text.HAL_I2C_Slave_Seq_Transmit_IT,"ax",%progbits
 5128              		.align	1
 5129              		.global	HAL_I2C_Slave_Seq_Transmit_IT
 5130              		.syntax unified
 5131              		.code	16
 5132              		.thumb_func
 5134              	HAL_I2C_Slave_Seq_Transmit_IT:
 5135              		@ args = 0, pretend = 0, frame = 0
 5136              		@ frame_needed = 0, uses_anonymous_args = 0
 5137 0000 F8B5     		push	{r3, r4, r5, r6, r7, lr}
 5138 0002 0400     		movs	r4, r0
 5139 0004 0D00     		movs	r5, r1
 5140 0006 1000     		movs	r0, r2
 5141 0008 1600     		movs	r6, r2
 5142 000a 1F00     		movs	r7, r3
 5143 000c 4123     		movs	r3, #65
 5144 000e E35C     		ldrb	r3, [r4, r3]
 5145 0010 2822     		movs	r2, #40
 5146 0012 1340     		ands	r3, r2
 5147 0014 282B     		cmp	r3, #40
 5148 0016 59D1     		bne	.L545
 5149 0018 0029     		cmp	r1, #0
 5150 001a 01D0     		beq	.L541
 5151 001c 0028     		cmp	r0, #0
 5152 001e 04D1     		bne	.L542
ARM GAS  C:\Users\fastr\AppData\Local\Temp\cce7iK0f.s 			page 90


 5153              	.L541:
 5154 0020 8023     		movs	r3, #128
 5155 0022 9B00     		lsls	r3, r3, #2
 5156 0024 6364     		str	r3, [r4, #68]
 5157 0026 0120     		movs	r0, #1
 5158 0028 51E0     		b	.L540
 5159              	.L542:
 5160 002a 2A49     		ldr	r1, .L550
 5161 002c 2000     		movs	r0, r4
 5162 002e FFF7FEFF 		bl	I2C_Disable_IRQ
 5163 0032 4023     		movs	r3, #64
 5164 0034 E35C     		ldrb	r3, [r4, r3]
 5165 0036 012B     		cmp	r3, #1
 5166 0038 4AD0     		beq	.L546
 5167 003a 4023     		movs	r3, #64
 5168 003c 0122     		movs	r2, #1
 5169 003e E254     		strb	r2, [r4, r3]
 5170 0040 0133     		adds	r3, r3, #1
 5171 0042 E35C     		ldrb	r3, [r4, r3]
 5172 0044 2A2B     		cmp	r3, #42
 5173 0046 27D0     		beq	.L549
 5174              	.L543:
 5175 0048 4123     		movs	r3, #65
 5176 004a 2922     		movs	r2, #41
 5177 004c E254     		strb	r2, [r4, r3]
 5178 004e 0133     		adds	r3, r3, #1
 5179 0050 093A     		subs	r2, r2, #9
 5180 0052 E254     		strb	r2, [r4, r3]
 5181 0054 0023     		movs	r3, #0
 5182 0056 6364     		str	r3, [r4, #68]
 5183 0058 2268     		ldr	r2, [r4]
 5184 005a 5368     		ldr	r3, [r2, #4]
 5185 005c 1E49     		ldr	r1, .L550+4
 5186 005e 0B40     		ands	r3, r1
 5187 0060 5360     		str	r3, [r2, #4]
 5188 0062 6562     		str	r5, [r4, #36]
 5189 0064 6685     		strh	r6, [r4, #42]
 5190 0066 638D     		ldrh	r3, [r4, #42]
 5191 0068 2385     		strh	r3, [r4, #40]
 5192 006a E762     		str	r7, [r4, #44]
 5193 006c 1B4B     		ldr	r3, .L550+8
 5194 006e 6363     		str	r3, [r4, #52]
 5195 0070 2268     		ldr	r2, [r4]
 5196 0072 9169     		ldr	r1, [r2, #24]
 5197 0074 0823     		movs	r3, #8
 5198 0076 0B40     		ands	r3, r1
 5199 0078 9169     		ldr	r1, [r2, #24]
 5200 007a C903     		lsls	r1, r1, #15
 5201 007c 03D5     		bpl	.L544
 5202 007e 002B     		cmp	r3, #0
 5203 0080 01D0     		beq	.L544
 5204 0082 0823     		movs	r3, #8
 5205 0084 D361     		str	r3, [r2, #28]
 5206              	.L544:
 5207 0086 4023     		movs	r3, #64
 5208 0088 0022     		movs	r2, #0
 5209 008a E254     		strb	r2, [r4, r3]
ARM GAS  C:\Users\fastr\AppData\Local\Temp\cce7iK0f.s 			page 91


 5210 008c 1149     		ldr	r1, .L550
 5211 008e 2000     		movs	r0, r4
 5212 0090 FFF7FEFF 		bl	I2C_Enable_IRQ
 5213 0094 0020     		movs	r0, #0
 5214 0096 1AE0     		b	.L540
 5215              	.L549:
 5216 0098 0221     		movs	r1, #2
 5217 009a 2000     		movs	r0, r4
 5218 009c FFF7FEFF 		bl	I2C_Disable_IRQ
 5219 00a0 2268     		ldr	r2, [r4]
 5220 00a2 1368     		ldr	r3, [r2]
 5221 00a4 1B04     		lsls	r3, r3, #16
 5222 00a6 CFD5     		bpl	.L543
 5223 00a8 1368     		ldr	r3, [r2]
 5224 00aa 0B49     		ldr	r1, .L550+4
 5225 00ac 0B40     		ands	r3, r1
 5226 00ae 1360     		str	r3, [r2]
 5227 00b0 E36B     		ldr	r3, [r4, #60]
 5228 00b2 002B     		cmp	r3, #0
 5229 00b4 C8D0     		beq	.L543
 5230 00b6 0A4A     		ldr	r2, .L550+12
 5231 00b8 5A63     		str	r2, [r3, #52]
 5232 00ba E06B     		ldr	r0, [r4, #60]
 5233 00bc FFF7FEFF 		bl	HAL_DMA_Abort_IT
 5234 00c0 0028     		cmp	r0, #0
 5235 00c2 C1D0     		beq	.L543
 5236 00c4 E06B     		ldr	r0, [r4, #60]
 5237 00c6 436B     		ldr	r3, [r0, #52]
 5238 00c8 9847     		blx	r3
 5239 00ca BDE7     		b	.L543
 5240              	.L545:
 5241 00cc 0120     		movs	r0, #1
 5242              	.L540:
 5243              		@ sp needed
 5244 00ce F8BD     		pop	{r3, r4, r5, r6, r7, pc}
 5245              	.L546:
 5246 00d0 0220     		movs	r0, #2
 5247 00d2 FCE7     		b	.L540
 5248              	.L551:
 5249              		.align	2
 5250              	.L550:
 5251 00d4 01800000 		.word	32769
 5252 00d8 FF7FFFFF 		.word	-32769
 5253 00dc 00000000 		.word	I2C_Slave_ISR_IT
 5254 00e0 00000000 		.word	I2C_DMAAbort
 5256              		.section	.text.HAL_I2C_Slave_Seq_Transmit_DMA,"ax",%progbits
 5257              		.align	1
 5258              		.global	HAL_I2C_Slave_Seq_Transmit_DMA
 5259              		.syntax unified
 5260              		.code	16
 5261              		.thumb_func
 5263              	HAL_I2C_Slave_Seq_Transmit_DMA:
 5264              		@ args = 0, pretend = 0, frame = 0
 5265              		@ frame_needed = 0, uses_anonymous_args = 0
 5266 0000 F8B5     		push	{r3, r4, r5, r6, r7, lr}
 5267 0002 0400     		movs	r4, r0
 5268 0004 0D00     		movs	r5, r1
ARM GAS  C:\Users\fastr\AppData\Local\Temp\cce7iK0f.s 			page 92


 5269 0006 1600     		movs	r6, r2
 5270 0008 1F00     		movs	r7, r3
 5271 000a 4123     		movs	r3, #65
 5272 000c C05C     		ldrb	r0, [r0, r3]
 5273 000e 193B     		subs	r3, r3, #25
 5274 0010 1840     		ands	r0, r3
 5275 0012 2828     		cmp	r0, #40
 5276 0014 00D0     		beq	.LCB6094
 5277 0016 B8E0     		b	.L563	@long jump
 5278              	.LCB6094:
 5279 0018 0029     		cmp	r1, #0
 5280 001a 4ED0     		beq	.L554
 5281 001c 002A     		cmp	r2, #0
 5282 001e 4CD0     		beq	.L554
 5283 0020 4023     		movs	r3, #64
 5284 0022 E35C     		ldrb	r3, [r4, r3]
 5285 0024 012B     		cmp	r3, #1
 5286 0026 00D1     		bne	.LCB6102
 5287 0028 B3E0     		b	.L564	@long jump
 5288              	.LCB6102:
 5289 002a 4023     		movs	r3, #64
 5290 002c 0122     		movs	r2, #1
 5291 002e E254     		strb	r2, [r4, r3]
 5292 0030 5949     		ldr	r1, .L570
 5293 0032 2000     		movs	r0, r4
 5294 0034 FFF7FEFF 		bl	I2C_Disable_IRQ
 5295 0038 4123     		movs	r3, #65
 5296 003a E35C     		ldrb	r3, [r4, r3]
 5297 003c 2A2B     		cmp	r3, #42
 5298 003e 42D0     		beq	.L568
 5299 0040 4123     		movs	r3, #65
 5300 0042 E35C     		ldrb	r3, [r4, r3]
 5301 0044 292B     		cmp	r3, #41
 5302 0046 59D0     		beq	.L569
 5303              	.L557:
 5304 0048 4123     		movs	r3, #65
 5305 004a 2922     		movs	r2, #41
 5306 004c E254     		strb	r2, [r4, r3]
 5307 004e 0133     		adds	r3, r3, #1
 5308 0050 093A     		subs	r2, r2, #9
 5309 0052 E254     		strb	r2, [r4, r3]
 5310 0054 0023     		movs	r3, #0
 5311 0056 6364     		str	r3, [r4, #68]
 5312 0058 2268     		ldr	r2, [r4]
 5313 005a 5368     		ldr	r3, [r2, #4]
 5314 005c 4F49     		ldr	r1, .L570+4
 5315 005e 0B40     		ands	r3, r1
 5316 0060 5360     		str	r3, [r2, #4]
 5317 0062 2900     		movs	r1, r5
 5318 0064 6562     		str	r5, [r4, #36]
 5319 0066 6685     		strh	r6, [r4, #42]
 5320 0068 638D     		ldrh	r3, [r4, #42]
 5321 006a 2385     		strh	r3, [r4, #40]
 5322 006c E762     		str	r7, [r4, #44]
 5323 006e 4C4B     		ldr	r3, .L570+8
 5324 0070 6363     		str	r3, [r4, #52]
 5325 0072 A36B     		ldr	r3, [r4, #56]
ARM GAS  C:\Users\fastr\AppData\Local\Temp\cce7iK0f.s 			page 93


 5326 0074 002B     		cmp	r3, #0
 5327 0076 57D0     		beq	.L558
 5328 0078 4A4A     		ldr	r2, .L570+12
 5329 007a 9A62     		str	r2, [r3, #40]
 5330 007c A36B     		ldr	r3, [r4, #56]
 5331 007e 4A4A     		ldr	r2, .L570+16
 5332 0080 1A63     		str	r2, [r3, #48]
 5333 0082 A26B     		ldr	r2, [r4, #56]
 5334 0084 0023     		movs	r3, #0
 5335 0086 D362     		str	r3, [r2, #44]
 5336 0088 A26B     		ldr	r2, [r4, #56]
 5337 008a 5363     		str	r3, [r2, #52]
 5338 008c 2268     		ldr	r2, [r4]
 5339 008e 2832     		adds	r2, r2, #40
 5340 0090 238D     		ldrh	r3, [r4, #40]
 5341 0092 A06B     		ldr	r0, [r4, #56]
 5342 0094 FFF7FEFF 		bl	HAL_DMA_Start_IT
 5343 0098 051E     		subs	r5, r0, #0
 5344 009a 54D0     		beq	.L559
 5345 009c 4123     		movs	r3, #65
 5346 009e 2822     		movs	r2, #40
 5347 00a0 E254     		strb	r2, [r4, r3]
 5348 00a2 0022     		movs	r2, #0
 5349 00a4 0133     		adds	r3, r3, #1
 5350 00a6 E254     		strb	r2, [r4, r3]
 5351 00a8 636C     		ldr	r3, [r4, #68]
 5352 00aa 1021     		movs	r1, #16
 5353 00ac 0B43     		orrs	r3, r1
 5354 00ae 6364     		str	r3, [r4, #68]
 5355 00b0 4023     		movs	r3, #64
 5356 00b2 E254     		strb	r2, [r4, r3]
 5357 00b4 3F3B     		subs	r3, r3, #63
 5358 00b6 1D00     		movs	r5, r3
 5359 00b8 69E0     		b	.L553
 5360              	.L554:
 5361 00ba 8023     		movs	r3, #128
 5362 00bc 9B00     		lsls	r3, r3, #2
 5363 00be 6364     		str	r3, [r4, #68]
 5364 00c0 0123     		movs	r3, #1
 5365 00c2 1D00     		movs	r5, r3
 5366 00c4 63E0     		b	.L553
 5367              	.L568:
 5368 00c6 0221     		movs	r1, #2
 5369 00c8 2000     		movs	r0, r4
 5370 00ca FFF7FEFF 		bl	I2C_Disable_IRQ
 5371 00ce 2268     		ldr	r2, [r4]
 5372 00d0 1368     		ldr	r3, [r2]
 5373 00d2 1B04     		lsls	r3, r3, #16
 5374 00d4 B8D5     		bpl	.L557
 5375 00d6 E36B     		ldr	r3, [r4, #60]
 5376 00d8 002B     		cmp	r3, #0
 5377 00da B5D0     		beq	.L557
 5378 00dc 1368     		ldr	r3, [r2]
 5379 00de 2F49     		ldr	r1, .L570+4
 5380 00e0 0B40     		ands	r3, r1
 5381 00e2 1360     		str	r3, [r2]
 5382 00e4 E36B     		ldr	r3, [r4, #60]
ARM GAS  C:\Users\fastr\AppData\Local\Temp\cce7iK0f.s 			page 94


 5383 00e6 314A     		ldr	r2, .L570+20
 5384 00e8 5A63     		str	r2, [r3, #52]
 5385 00ea E06B     		ldr	r0, [r4, #60]
 5386 00ec FFF7FEFF 		bl	HAL_DMA_Abort_IT
 5387 00f0 0028     		cmp	r0, #0
 5388 00f2 A9D0     		beq	.L557
 5389 00f4 E06B     		ldr	r0, [r4, #60]
 5390 00f6 436B     		ldr	r3, [r0, #52]
 5391 00f8 9847     		blx	r3
 5392 00fa A5E7     		b	.L557
 5393              	.L569:
 5394 00fc 2368     		ldr	r3, [r4]
 5395 00fe 1A68     		ldr	r2, [r3]
 5396 0100 5204     		lsls	r2, r2, #17
 5397 0102 A1D5     		bpl	.L557
 5398 0104 1A68     		ldr	r2, [r3]
 5399 0106 2A49     		ldr	r1, .L570+24
 5400 0108 0A40     		ands	r2, r1
 5401 010a 1A60     		str	r2, [r3]
 5402 010c A36B     		ldr	r3, [r4, #56]
 5403 010e 002B     		cmp	r3, #0
 5404 0110 9AD0     		beq	.L557
 5405 0112 264A     		ldr	r2, .L570+20
 5406 0114 5A63     		str	r2, [r3, #52]
 5407 0116 A06B     		ldr	r0, [r4, #56]
 5408 0118 FFF7FEFF 		bl	HAL_DMA_Abort_IT
 5409 011c 0028     		cmp	r0, #0
 5410 011e 93D0     		beq	.L557
 5411 0120 A06B     		ldr	r0, [r4, #56]
 5412 0122 436B     		ldr	r3, [r0, #52]
 5413 0124 9847     		blx	r3
 5414 0126 8FE7     		b	.L557
 5415              	.L558:
 5416 0128 4123     		movs	r3, #65
 5417 012a 2822     		movs	r2, #40
 5418 012c E254     		strb	r2, [r4, r3]
 5419 012e 0022     		movs	r2, #0
 5420 0130 0133     		adds	r3, r3, #1
 5421 0132 E254     		strb	r2, [r4, r3]
 5422 0134 636C     		ldr	r3, [r4, #68]
 5423 0136 8021     		movs	r1, #128
 5424 0138 0B43     		orrs	r3, r1
 5425 013a 6364     		str	r3, [r4, #68]
 5426 013c 4023     		movs	r3, #64
 5427 013e E254     		strb	r2, [r4, r3]
 5428 0140 3F3B     		subs	r3, r3, #63
 5429 0142 1D00     		movs	r5, r3
 5430 0144 23E0     		b	.L553
 5431              	.L559:
 5432 0146 638D     		ldrh	r3, [r4, #42]
 5433 0148 228D     		ldrh	r2, [r4, #40]
 5434 014a 9B1A     		subs	r3, r3, r2
 5435 014c 9BB2     		uxth	r3, r3
 5436 014e 6385     		strh	r3, [r4, #42]
 5437 0150 0023     		movs	r3, #0
 5438 0152 2385     		strh	r3, [r4, #40]
 5439 0154 2268     		ldr	r2, [r4]
ARM GAS  C:\Users\fastr\AppData\Local\Temp\cce7iK0f.s 			page 95


 5440 0156 9169     		ldr	r1, [r2, #24]
 5441 0158 0833     		adds	r3, r3, #8
 5442 015a 0B40     		ands	r3, r1
 5443 015c 9169     		ldr	r1, [r2, #24]
 5444 015e C903     		lsls	r1, r1, #15
 5445 0160 0ED4     		bmi	.L561
 5446              	.L562:
 5447 0162 4023     		movs	r3, #64
 5448 0164 0022     		movs	r2, #0
 5449 0166 E254     		strb	r2, [r4, r3]
 5450 0168 2268     		ldr	r2, [r4]
 5451 016a 1168     		ldr	r1, [r2]
 5452 016c 8023     		movs	r3, #128
 5453 016e DB01     		lsls	r3, r3, #7
 5454 0170 0B43     		orrs	r3, r1
 5455 0172 1360     		str	r3, [r2]
 5456 0174 8021     		movs	r1, #128
 5457 0176 0902     		lsls	r1, r1, #8
 5458 0178 2000     		movs	r0, r4
 5459 017a FFF7FEFF 		bl	I2C_Enable_IRQ
 5460 017e 06E0     		b	.L553
 5461              	.L561:
 5462 0180 002B     		cmp	r3, #0
 5463 0182 EED0     		beq	.L562
 5464 0184 0823     		movs	r3, #8
 5465 0186 D361     		str	r3, [r2, #28]
 5466 0188 EBE7     		b	.L562
 5467              	.L563:
 5468 018a 0123     		movs	r3, #1
 5469 018c 1D00     		movs	r5, r3
 5470              	.L553:
 5471 018e 2800     		movs	r0, r5
 5472              		@ sp needed
 5473 0190 F8BD     		pop	{r3, r4, r5, r6, r7, pc}
 5474              	.L564:
 5475 0192 0223     		movs	r3, #2
 5476 0194 1D00     		movs	r5, r3
 5477 0196 FAE7     		b	.L553
 5478              	.L571:
 5479              		.align	2
 5480              	.L570:
 5481 0198 01800000 		.word	32769
 5482 019c FF7FFFFF 		.word	-32769
 5483 01a0 00000000 		.word	I2C_Slave_ISR_DMA
 5484 01a4 00000000 		.word	I2C_DMASlaveTransmitCplt
 5485 01a8 00000000 		.word	I2C_DMAError
 5486 01ac 00000000 		.word	I2C_DMAAbort
 5487 01b0 FFBFFFFF 		.word	-16385
 5489              		.section	.text.HAL_I2C_Slave_Seq_Receive_IT,"ax",%progbits
 5490              		.align	1
 5491              		.global	HAL_I2C_Slave_Seq_Receive_IT
 5492              		.syntax unified
 5493              		.code	16
 5494              		.thumb_func
 5496              	HAL_I2C_Slave_Seq_Receive_IT:
 5497              		@ args = 0, pretend = 0, frame = 0
 5498              		@ frame_needed = 0, uses_anonymous_args = 0
ARM GAS  C:\Users\fastr\AppData\Local\Temp\cce7iK0f.s 			page 96


 5499 0000 F8B5     		push	{r3, r4, r5, r6, r7, lr}
 5500 0002 0400     		movs	r4, r0
 5501 0004 0D00     		movs	r5, r1
 5502 0006 1000     		movs	r0, r2
 5503 0008 1600     		movs	r6, r2
 5504 000a 1F00     		movs	r7, r3
 5505 000c 4123     		movs	r3, #65
 5506 000e E35C     		ldrb	r3, [r4, r3]
 5507 0010 2822     		movs	r2, #40
 5508 0012 1340     		ands	r3, r2
 5509 0014 282B     		cmp	r3, #40
 5510 0016 59D1     		bne	.L578
 5511 0018 0029     		cmp	r1, #0
 5512 001a 01D0     		beq	.L574
 5513 001c 0028     		cmp	r0, #0
 5514 001e 04D1     		bne	.L575
 5515              	.L574:
 5516 0020 8023     		movs	r3, #128
 5517 0022 9B00     		lsls	r3, r3, #2
 5518 0024 6364     		str	r3, [r4, #68]
 5519 0026 0120     		movs	r0, #1
 5520 0028 51E0     		b	.L573
 5521              	.L575:
 5522 002a 2A49     		ldr	r1, .L583
 5523 002c 2000     		movs	r0, r4
 5524 002e FFF7FEFF 		bl	I2C_Disable_IRQ
 5525 0032 4023     		movs	r3, #64
 5526 0034 E35C     		ldrb	r3, [r4, r3]
 5527 0036 012B     		cmp	r3, #1
 5528 0038 4AD0     		beq	.L579
 5529 003a 4023     		movs	r3, #64
 5530 003c 0122     		movs	r2, #1
 5531 003e E254     		strb	r2, [r4, r3]
 5532 0040 0133     		adds	r3, r3, #1
 5533 0042 E35C     		ldrb	r3, [r4, r3]
 5534 0044 292B     		cmp	r3, #41
 5535 0046 27D0     		beq	.L582
 5536              	.L576:
 5537 0048 4123     		movs	r3, #65
 5538 004a 2A22     		movs	r2, #42
 5539 004c E254     		strb	r2, [r4, r3]
 5540 004e 0133     		adds	r3, r3, #1
 5541 0050 0A3A     		subs	r2, r2, #10
 5542 0052 E254     		strb	r2, [r4, r3]
 5543 0054 0023     		movs	r3, #0
 5544 0056 6364     		str	r3, [r4, #68]
 5545 0058 2268     		ldr	r2, [r4]
 5546 005a 5368     		ldr	r3, [r2, #4]
 5547 005c 1E49     		ldr	r1, .L583+4
 5548 005e 0B40     		ands	r3, r1
 5549 0060 5360     		str	r3, [r2, #4]
 5550 0062 6562     		str	r5, [r4, #36]
 5551 0064 6685     		strh	r6, [r4, #42]
 5552 0066 638D     		ldrh	r3, [r4, #42]
 5553 0068 2385     		strh	r3, [r4, #40]
 5554 006a E762     		str	r7, [r4, #44]
 5555 006c 1B4B     		ldr	r3, .L583+8
ARM GAS  C:\Users\fastr\AppData\Local\Temp\cce7iK0f.s 			page 97


 5556 006e 6363     		str	r3, [r4, #52]
 5557 0070 2268     		ldr	r2, [r4]
 5558 0072 9169     		ldr	r1, [r2, #24]
 5559 0074 0823     		movs	r3, #8
 5560 0076 0B40     		ands	r3, r1
 5561 0078 9169     		ldr	r1, [r2, #24]
 5562 007a C903     		lsls	r1, r1, #15
 5563 007c 03D4     		bmi	.L577
 5564 007e 002B     		cmp	r3, #0
 5565 0080 01D0     		beq	.L577
 5566 0082 0823     		movs	r3, #8
 5567 0084 D361     		str	r3, [r2, #28]
 5568              	.L577:
 5569 0086 4023     		movs	r3, #64
 5570 0088 0022     		movs	r2, #0
 5571 008a E254     		strb	r2, [r4, r3]
 5572 008c 1149     		ldr	r1, .L583
 5573 008e 2000     		movs	r0, r4
 5574 0090 FFF7FEFF 		bl	I2C_Enable_IRQ
 5575 0094 0020     		movs	r0, #0
 5576 0096 1AE0     		b	.L573
 5577              	.L582:
 5578 0098 0121     		movs	r1, #1
 5579 009a 2000     		movs	r0, r4
 5580 009c FFF7FEFF 		bl	I2C_Disable_IRQ
 5581 00a0 2268     		ldr	r2, [r4]
 5582 00a2 1368     		ldr	r3, [r2]
 5583 00a4 5B04     		lsls	r3, r3, #17
 5584 00a6 CFD5     		bpl	.L576
 5585 00a8 1368     		ldr	r3, [r2]
 5586 00aa 0D49     		ldr	r1, .L583+12
 5587 00ac 0B40     		ands	r3, r1
 5588 00ae 1360     		str	r3, [r2]
 5589 00b0 A36B     		ldr	r3, [r4, #56]
 5590 00b2 002B     		cmp	r3, #0
 5591 00b4 C8D0     		beq	.L576
 5592 00b6 0B4A     		ldr	r2, .L583+16
 5593 00b8 5A63     		str	r2, [r3, #52]
 5594 00ba A06B     		ldr	r0, [r4, #56]
 5595 00bc FFF7FEFF 		bl	HAL_DMA_Abort_IT
 5596 00c0 0028     		cmp	r0, #0
 5597 00c2 C1D0     		beq	.L576
 5598 00c4 A06B     		ldr	r0, [r4, #56]
 5599 00c6 436B     		ldr	r3, [r0, #52]
 5600 00c8 9847     		blx	r3
 5601 00ca BDE7     		b	.L576
 5602              	.L578:
 5603 00cc 0120     		movs	r0, #1
 5604              	.L573:
 5605              		@ sp needed
 5606 00ce F8BD     		pop	{r3, r4, r5, r6, r7, pc}
 5607              	.L579:
 5608 00d0 0220     		movs	r0, #2
 5609 00d2 FCE7     		b	.L573
 5610              	.L584:
 5611              		.align	2
 5612              	.L583:
ARM GAS  C:\Users\fastr\AppData\Local\Temp\cce7iK0f.s 			page 98


 5613 00d4 02800000 		.word	32770
 5614 00d8 FF7FFFFF 		.word	-32769
 5615 00dc 00000000 		.word	I2C_Slave_ISR_IT
 5616 00e0 FFBFFFFF 		.word	-16385
 5617 00e4 00000000 		.word	I2C_DMAAbort
 5619              		.section	.text.HAL_I2C_Slave_Seq_Receive_DMA,"ax",%progbits
 5620              		.align	1
 5621              		.global	HAL_I2C_Slave_Seq_Receive_DMA
 5622              		.syntax unified
 5623              		.code	16
 5624              		.thumb_func
 5626              	HAL_I2C_Slave_Seq_Receive_DMA:
 5627              		@ args = 0, pretend = 0, frame = 0
 5628              		@ frame_needed = 0, uses_anonymous_args = 0
 5629 0000 F8B5     		push	{r3, r4, r5, r6, r7, lr}
 5630 0002 0400     		movs	r4, r0
 5631 0004 0D00     		movs	r5, r1
 5632 0006 1600     		movs	r6, r2
 5633 0008 1F00     		movs	r7, r3
 5634 000a 4123     		movs	r3, #65
 5635 000c C05C     		ldrb	r0, [r0, r3]
 5636 000e 193B     		subs	r3, r3, #25
 5637 0010 1840     		ands	r0, r3
 5638 0012 2828     		cmp	r0, #40
 5639 0014 00D0     		beq	.LCB6515
 5640 0016 B7E0     		b	.L596	@long jump
 5641              	.LCB6515:
 5642 0018 0029     		cmp	r1, #0
 5643 001a 01D0     		beq	.L587
 5644 001c 002A     		cmp	r2, #0
 5645 001e 05D1     		bne	.L588
 5646              	.L587:
 5647 0020 8023     		movs	r3, #128
 5648 0022 9B00     		lsls	r3, r3, #2
 5649 0024 6364     		str	r3, [r4, #68]
 5650 0026 0123     		movs	r3, #1
 5651 0028 1D00     		movs	r5, r3
 5652 002a AFE0     		b	.L586
 5653              	.L588:
 5654 002c 5A49     		ldr	r1, .L603
 5655 002e 2000     		movs	r0, r4
 5656 0030 FFF7FEFF 		bl	I2C_Disable_IRQ
 5657 0034 4023     		movs	r3, #64
 5658 0036 E35C     		ldrb	r3, [r4, r3]
 5659 0038 012B     		cmp	r3, #1
 5660 003a 00D1     		bne	.LCB6536
 5661 003c A8E0     		b	.L597	@long jump
 5662              	.LCB6536:
 5663 003e 4023     		movs	r3, #64
 5664 0040 0122     		movs	r2, #1
 5665 0042 E254     		strb	r2, [r4, r3]
 5666 0044 0133     		adds	r3, r3, #1
 5667 0046 E35C     		ldrb	r3, [r4, r3]
 5668 0048 292B     		cmp	r3, #41
 5669 004a 3CD0     		beq	.L601
 5670 004c 4123     		movs	r3, #65
 5671 004e E35C     		ldrb	r3, [r4, r3]
ARM GAS  C:\Users\fastr\AppData\Local\Temp\cce7iK0f.s 			page 99


 5672 0050 2A2B     		cmp	r3, #42
 5673 0052 53D0     		beq	.L602
 5674              	.L590:
 5675 0054 4123     		movs	r3, #65
 5676 0056 2A22     		movs	r2, #42
 5677 0058 E254     		strb	r2, [r4, r3]
 5678 005a 0133     		adds	r3, r3, #1
 5679 005c 0A3A     		subs	r2, r2, #10
 5680 005e E254     		strb	r2, [r4, r3]
 5681 0060 0023     		movs	r3, #0
 5682 0062 6364     		str	r3, [r4, #68]
 5683 0064 2268     		ldr	r2, [r4]
 5684 0066 5368     		ldr	r3, [r2, #4]
 5685 0068 4C49     		ldr	r1, .L603+4
 5686 006a 0B40     		ands	r3, r1
 5687 006c 5360     		str	r3, [r2, #4]
 5688 006e 6562     		str	r5, [r4, #36]
 5689 0070 6685     		strh	r6, [r4, #42]
 5690 0072 638D     		ldrh	r3, [r4, #42]
 5691 0074 2385     		strh	r3, [r4, #40]
 5692 0076 E762     		str	r7, [r4, #44]
 5693 0078 494B     		ldr	r3, .L603+8
 5694 007a 6363     		str	r3, [r4, #52]
 5695 007c E36B     		ldr	r3, [r4, #60]
 5696 007e 002B     		cmp	r3, #0
 5697 0080 52D0     		beq	.L591
 5698 0082 484A     		ldr	r2, .L603+12
 5699 0084 9A62     		str	r2, [r3, #40]
 5700 0086 E36B     		ldr	r3, [r4, #60]
 5701 0088 474A     		ldr	r2, .L603+16
 5702 008a 1A63     		str	r2, [r3, #48]
 5703 008c E26B     		ldr	r2, [r4, #60]
 5704 008e 0023     		movs	r3, #0
 5705 0090 D362     		str	r3, [r2, #44]
 5706 0092 E26B     		ldr	r2, [r4, #60]
 5707 0094 5363     		str	r3, [r2, #52]
 5708 0096 2168     		ldr	r1, [r4]
 5709 0098 2431     		adds	r1, r1, #36
 5710 009a 238D     		ldrh	r3, [r4, #40]
 5711 009c E06B     		ldr	r0, [r4, #60]
 5712 009e 2A00     		movs	r2, r5
 5713 00a0 FFF7FEFF 		bl	HAL_DMA_Start_IT
 5714 00a4 051E     		subs	r5, r0, #0
 5715 00a6 4ED0     		beq	.L592
 5716 00a8 4123     		movs	r3, #65
 5717 00aa 2822     		movs	r2, #40
 5718 00ac E254     		strb	r2, [r4, r3]
 5719 00ae 0022     		movs	r2, #0
 5720 00b0 0133     		adds	r3, r3, #1
 5721 00b2 E254     		strb	r2, [r4, r3]
 5722 00b4 636C     		ldr	r3, [r4, #68]
 5723 00b6 1021     		movs	r1, #16
 5724 00b8 0B43     		orrs	r3, r1
 5725 00ba 6364     		str	r3, [r4, #68]
 5726 00bc 4023     		movs	r3, #64
 5727 00be E254     		strb	r2, [r4, r3]
 5728 00c0 3F3B     		subs	r3, r3, #63
ARM GAS  C:\Users\fastr\AppData\Local\Temp\cce7iK0f.s 			page 100


 5729 00c2 1D00     		movs	r5, r3
 5730 00c4 62E0     		b	.L586
 5731              	.L601:
 5732 00c6 0121     		movs	r1, #1
 5733 00c8 2000     		movs	r0, r4
 5734 00ca FFF7FEFF 		bl	I2C_Disable_IRQ
 5735 00ce 2268     		ldr	r2, [r4]
 5736 00d0 1368     		ldr	r3, [r2]
 5737 00d2 5B04     		lsls	r3, r3, #17
 5738 00d4 BED5     		bpl	.L590
 5739 00d6 A36B     		ldr	r3, [r4, #56]
 5740 00d8 002B     		cmp	r3, #0
 5741 00da BBD0     		beq	.L590
 5742 00dc 1368     		ldr	r3, [r2]
 5743 00de 3349     		ldr	r1, .L603+20
 5744 00e0 0B40     		ands	r3, r1
 5745 00e2 1360     		str	r3, [r2]
 5746 00e4 A36B     		ldr	r3, [r4, #56]
 5747 00e6 324A     		ldr	r2, .L603+24
 5748 00e8 5A63     		str	r2, [r3, #52]
 5749 00ea A06B     		ldr	r0, [r4, #56]
 5750 00ec FFF7FEFF 		bl	HAL_DMA_Abort_IT
 5751 00f0 0028     		cmp	r0, #0
 5752 00f2 AFD0     		beq	.L590
 5753 00f4 A06B     		ldr	r0, [r4, #56]
 5754 00f6 436B     		ldr	r3, [r0, #52]
 5755 00f8 9847     		blx	r3
 5756 00fa ABE7     		b	.L590
 5757              	.L602:
 5758 00fc 2268     		ldr	r2, [r4]
 5759 00fe 1368     		ldr	r3, [r2]
 5760 0100 1B04     		lsls	r3, r3, #16
 5761 0102 A7D5     		bpl	.L590
 5762 0104 1368     		ldr	r3, [r2]
 5763 0106 2549     		ldr	r1, .L603+4
 5764 0108 0B40     		ands	r3, r1
 5765 010a 1360     		str	r3, [r2]
 5766 010c E36B     		ldr	r3, [r4, #60]
 5767 010e 002B     		cmp	r3, #0
 5768 0110 A0D0     		beq	.L590
 5769 0112 274A     		ldr	r2, .L603+24
 5770 0114 5A63     		str	r2, [r3, #52]
 5771 0116 E06B     		ldr	r0, [r4, #60]
 5772 0118 FFF7FEFF 		bl	HAL_DMA_Abort_IT
 5773 011c 0028     		cmp	r0, #0
 5774 011e 99D0     		beq	.L590
 5775 0120 E06B     		ldr	r0, [r4, #60]
 5776 0122 436B     		ldr	r3, [r0, #52]
 5777 0124 9847     		blx	r3
 5778 0126 95E7     		b	.L590
 5779              	.L591:
 5780 0128 4123     		movs	r3, #65
 5781 012a 2822     		movs	r2, #40
 5782 012c E254     		strb	r2, [r4, r3]
 5783 012e 0022     		movs	r2, #0
 5784 0130 0133     		adds	r3, r3, #1
 5785 0132 E254     		strb	r2, [r4, r3]
ARM GAS  C:\Users\fastr\AppData\Local\Temp\cce7iK0f.s 			page 101


 5786 0134 636C     		ldr	r3, [r4, #68]
 5787 0136 8021     		movs	r1, #128
 5788 0138 0B43     		orrs	r3, r1
 5789 013a 6364     		str	r3, [r4, #68]
 5790 013c 4023     		movs	r3, #64
 5791 013e E254     		strb	r2, [r4, r3]
 5792 0140 3F3B     		subs	r3, r3, #63
 5793 0142 1D00     		movs	r5, r3
 5794 0144 22E0     		b	.L586
 5795              	.L592:
 5796 0146 638D     		ldrh	r3, [r4, #42]
 5797 0148 228D     		ldrh	r2, [r4, #40]
 5798 014a 9B1A     		subs	r3, r3, r2
 5799 014c 9BB2     		uxth	r3, r3
 5800 014e 6385     		strh	r3, [r4, #42]
 5801 0150 0023     		movs	r3, #0
 5802 0152 2385     		strh	r3, [r4, #40]
 5803 0154 2268     		ldr	r2, [r4]
 5804 0156 9169     		ldr	r1, [r2, #24]
 5805 0158 0833     		adds	r3, r3, #8
 5806 015a 0B40     		ands	r3, r1
 5807 015c 9169     		ldr	r1, [r2, #24]
 5808 015e C903     		lsls	r1, r1, #15
 5809 0160 0DD5     		bpl	.L594
 5810              	.L595:
 5811 0162 4023     		movs	r3, #64
 5812 0164 0022     		movs	r2, #0
 5813 0166 E254     		strb	r2, [r4, r3]
 5814 0168 2268     		ldr	r2, [r4]
 5815 016a 1168     		ldr	r1, [r2]
 5816 016c 8023     		movs	r3, #128
 5817 016e 1B02     		lsls	r3, r3, #8
 5818 0170 0B43     		orrs	r3, r1
 5819 0172 1360     		str	r3, [r2]
 5820 0174 0849     		ldr	r1, .L603
 5821 0176 2000     		movs	r0, r4
 5822 0178 FFF7FEFF 		bl	I2C_Enable_IRQ
 5823 017c 06E0     		b	.L586
 5824              	.L594:
 5825 017e 002B     		cmp	r3, #0
 5826 0180 EFD0     		beq	.L595
 5827 0182 0823     		movs	r3, #8
 5828 0184 D361     		str	r3, [r2, #28]
 5829 0186 ECE7     		b	.L595
 5830              	.L596:
 5831 0188 0123     		movs	r3, #1
 5832 018a 1D00     		movs	r5, r3
 5833              	.L586:
 5834 018c 2800     		movs	r0, r5
 5835              		@ sp needed
 5836 018e F8BD     		pop	{r3, r4, r5, r6, r7, pc}
 5837              	.L597:
 5838 0190 0223     		movs	r3, #2
 5839 0192 1D00     		movs	r5, r3
 5840 0194 FAE7     		b	.L586
 5841              	.L604:
 5842 0196 C046     		.align	2
ARM GAS  C:\Users\fastr\AppData\Local\Temp\cce7iK0f.s 			page 102


 5843              	.L603:
 5844 0198 02800000 		.word	32770
 5845 019c FF7FFFFF 		.word	-32769
 5846 01a0 00000000 		.word	I2C_Slave_ISR_DMA
 5847 01a4 00000000 		.word	I2C_DMASlaveReceiveCplt
 5848 01a8 00000000 		.word	I2C_DMAError
 5849 01ac FFBFFFFF 		.word	-16385
 5850 01b0 00000000 		.word	I2C_DMAAbort
 5852              		.section	.text.HAL_I2C_EnableListen_IT,"ax",%progbits
 5853              		.align	1
 5854              		.global	HAL_I2C_EnableListen_IT
 5855              		.syntax unified
 5856              		.code	16
 5857              		.thumb_func
 5859              	HAL_I2C_EnableListen_IT:
 5860              		@ args = 0, pretend = 0, frame = 0
 5861              		@ frame_needed = 0, uses_anonymous_args = 0
 5862 0000 10B5     		push	{r4, lr}
 5863 0002 4123     		movs	r3, #65
 5864 0004 C35C     		ldrb	r3, [r0, r3]
 5865 0006 202B     		cmp	r3, #32
 5866 0008 01D0     		beq	.L608
 5867 000a 0220     		movs	r0, #2
 5868              	.L606:
 5869              		@ sp needed
 5870 000c 10BD     		pop	{r4, pc}
 5871              	.L608:
 5872 000e 2133     		adds	r3, r3, #33
 5873 0010 2822     		movs	r2, #40
 5874 0012 C254     		strb	r2, [r0, r3]
 5875 0014 034B     		ldr	r3, .L609
 5876 0016 4363     		str	r3, [r0, #52]
 5877 0018 8021     		movs	r1, #128
 5878 001a 0902     		lsls	r1, r1, #8
 5879 001c FFF7FEFF 		bl	I2C_Enable_IRQ
 5880 0020 0020     		movs	r0, #0
 5881 0022 F3E7     		b	.L606
 5882              	.L610:
 5883              		.align	2
 5884              	.L609:
 5885 0024 00000000 		.word	I2C_Slave_ISR_IT
 5887              		.section	.text.HAL_I2C_DisableListen_IT,"ax",%progbits
 5888              		.align	1
 5889              		.global	HAL_I2C_DisableListen_IT
 5890              		.syntax unified
 5891              		.code	16
 5892              		.thumb_func
 5894              	HAL_I2C_DisableListen_IT:
 5895              		@ args = 0, pretend = 0, frame = 0
 5896              		@ frame_needed = 0, uses_anonymous_args = 0
 5897 0000 10B5     		push	{r4, lr}
 5898 0002 4123     		movs	r3, #65
 5899 0004 C35C     		ldrb	r3, [r0, r3]
 5900 0006 282B     		cmp	r3, #40
 5901 0008 01D0     		beq	.L614
 5902 000a 0220     		movs	r0, #2
 5903              	.L612:
ARM GAS  C:\Users\fastr\AppData\Local\Temp\cce7iK0f.s 			page 103


 5904              		@ sp needed
 5905 000c 10BD     		pop	{r4, pc}
 5906              	.L614:
 5907 000e 1933     		adds	r3, r3, #25
 5908 0010 9C46     		mov	ip, r3
 5909 0012 C25C     		ldrb	r2, [r0, r3]
 5910 0014 4221     		movs	r1, #66
 5911 0016 435C     		ldrb	r3, [r0, r1]
 5912 0018 0324     		movs	r4, #3
 5913 001a 2240     		ands	r2, r4
 5914 001c 1343     		orrs	r3, r2
 5915 001e 0363     		str	r3, [r0, #48]
 5916 0020 2023     		movs	r3, #32
 5917 0022 6246     		mov	r2, ip
 5918 0024 8354     		strb	r3, [r0, r2]
 5919 0026 0023     		movs	r3, #0
 5920 0028 4354     		strb	r3, [r0, r1]
 5921 002a 4363     		str	r3, [r0, #52]
 5922 002c 3E31     		adds	r1, r1, #62
 5923 002e 0902     		lsls	r1, r1, #8
 5924 0030 FFF7FEFF 		bl	I2C_Disable_IRQ
 5925 0034 0020     		movs	r0, #0
 5926 0036 E9E7     		b	.L612
 5928              		.section	.text.HAL_I2C_Master_Abort_IT,"ax",%progbits
 5929              		.align	1
 5930              		.global	HAL_I2C_Master_Abort_IT
 5931              		.syntax unified
 5932              		.code	16
 5933              		.thumb_func
 5935              	HAL_I2C_Master_Abort_IT:
 5936              		@ args = 0, pretend = 0, frame = 0
 5937              		@ frame_needed = 0, uses_anonymous_args = 0
 5938 0000 30B5     		push	{r4, r5, lr}
 5939 0002 83B0     		sub	sp, sp, #12
 5940 0004 0400     		movs	r4, r0
 5941 0006 0D00     		movs	r5, r1
 5942 0008 4223     		movs	r3, #66
 5943 000a C35C     		ldrb	r3, [r0, r3]
 5944 000c DAB2     		uxtb	r2, r3
 5945 000e 102B     		cmp	r3, #16
 5946 0010 01D0     		beq	.L616
 5947 0012 402A     		cmp	r2, #64
 5948 0014 32D1     		bne	.L620
 5949              	.L616:
 5950 0016 4023     		movs	r3, #64
 5951 0018 E35C     		ldrb	r3, [r4, r3]
 5952 001a 012B     		cmp	r3, #1
 5953 001c 30D0     		beq	.L621
 5954 001e 4023     		movs	r3, #64
 5955 0020 0122     		movs	r2, #1
 5956 0022 E254     		strb	r2, [r4, r3]
 5957 0024 0133     		adds	r3, r3, #1
 5958 0026 E35C     		ldrb	r3, [r4, r3]
 5959 0028 212B     		cmp	r3, #33
 5960 002a 19D0     		beq	.L622
 5961 002c 4123     		movs	r3, #65
 5962 002e E35C     		ldrb	r3, [r4, r3]
ARM GAS  C:\Users\fastr\AppData\Local\Temp\cce7iK0f.s 			page 104


 5963 0030 222B     		cmp	r3, #34
 5964 0032 1CD0     		beq	.L623
 5965              	.L619:
 5966 0034 4123     		movs	r3, #65
 5967 0036 6022     		movs	r2, #96
 5968 0038 E254     		strb	r2, [r4, r3]
 5969 003a 3F33     		adds	r3, r3, #63
 5970 003c 114A     		ldr	r2, .L624
 5971 003e 0092     		str	r2, [sp]
 5972 0040 9B04     		lsls	r3, r3, #18
 5973 0042 0122     		movs	r2, #1
 5974 0044 2900     		movs	r1, r5
 5975 0046 2000     		movs	r0, r4
 5976 0048 FFF7FEFF 		bl	I2C_TransferConfig
 5977 004c 4023     		movs	r3, #64
 5978 004e 0022     		movs	r2, #0
 5979 0050 E254     		strb	r2, [r4, r3]
 5980 0052 2021     		movs	r1, #32
 5981 0054 2000     		movs	r0, r4
 5982 0056 FFF7FEFF 		bl	I2C_Enable_IRQ
 5983 005a 0020     		movs	r0, #0
 5984              	.L617:
 5985 005c 03B0     		add	sp, sp, #12
 5986              		@ sp needed
 5987 005e 30BD     		pop	{r4, r5, pc}
 5988              	.L622:
 5989 0060 0121     		movs	r1, #1
 5990 0062 2000     		movs	r0, r4
 5991 0064 FFF7FEFF 		bl	I2C_Disable_IRQ
 5992 0068 1123     		movs	r3, #17
 5993 006a 2363     		str	r3, [r4, #48]
 5994 006c E2E7     		b	.L619
 5995              	.L623:
 5996 006e 0221     		movs	r1, #2
 5997 0070 2000     		movs	r0, r4
 5998 0072 FFF7FEFF 		bl	I2C_Disable_IRQ
 5999 0076 1223     		movs	r3, #18
 6000 0078 2363     		str	r3, [r4, #48]
 6001 007a DBE7     		b	.L619
 6002              	.L620:
 6003 007c 0120     		movs	r0, #1
 6004 007e EDE7     		b	.L617
 6005              	.L621:
 6006 0080 0220     		movs	r0, #2
 6007 0082 EBE7     		b	.L617
 6008              	.L625:
 6009              		.align	2
 6010              	.L624:
 6011 0084 00400080 		.word	-2147467264
 6013              		.section	.text.HAL_I2C_EV_IRQHandler,"ax",%progbits
 6014              		.align	1
 6015              		.global	HAL_I2C_EV_IRQHandler
 6016              		.syntax unified
 6017              		.code	16
 6018              		.thumb_func
 6020              	HAL_I2C_EV_IRQHandler:
 6021              		@ args = 0, pretend = 0, frame = 0
ARM GAS  C:\Users\fastr\AppData\Local\Temp\cce7iK0f.s 			page 105


 6022              		@ frame_needed = 0, uses_anonymous_args = 0
 6023 0000 10B5     		push	{r4, lr}
 6024 0002 0368     		ldr	r3, [r0]
 6025 0004 9969     		ldr	r1, [r3, #24]
 6026 0006 1A68     		ldr	r2, [r3]
 6027 0008 436B     		ldr	r3, [r0, #52]
 6028 000a 002B     		cmp	r3, #0
 6029 000c 00D0     		beq	.L626
 6030 000e 9847     		blx	r3
 6031              	.L626:
 6032              		@ sp needed
 6033 0010 10BD     		pop	{r4, pc}
 6035              		.section	.text.HAL_I2C_MasterTxCpltCallback,"ax",%progbits
 6036              		.align	1
 6037              		.weak	HAL_I2C_MasterTxCpltCallback
 6038              		.syntax unified
 6039              		.code	16
 6040              		.thumb_func
 6042              	HAL_I2C_MasterTxCpltCallback:
 6043              		@ args = 0, pretend = 0, frame = 0
 6044              		@ frame_needed = 0, uses_anonymous_args = 0
 6045              		@ link register save eliminated.
 6046              		@ sp needed
 6047 0000 7047     		bx	lr
 6049              		.section	.text.HAL_I2C_MasterRxCpltCallback,"ax",%progbits
 6050              		.align	1
 6051              		.weak	HAL_I2C_MasterRxCpltCallback
 6052              		.syntax unified
 6053              		.code	16
 6054              		.thumb_func
 6056              	HAL_I2C_MasterRxCpltCallback:
 6057              		@ args = 0, pretend = 0, frame = 0
 6058              		@ frame_needed = 0, uses_anonymous_args = 0
 6059              		@ link register save eliminated.
 6060              		@ sp needed
 6061 0000 7047     		bx	lr
 6063              		.section	.text.I2C_ITMasterSeqCplt,"ax",%progbits
 6064              		.align	1
 6065              		.syntax unified
 6066              		.code	16
 6067              		.thumb_func
 6069              	I2C_ITMasterSeqCplt:
 6070              		@ args = 0, pretend = 0, frame = 0
 6071              		@ frame_needed = 0, uses_anonymous_args = 0
 6072 0000 70B5     		push	{r4, r5, r6, lr}
 6073 0002 0400     		movs	r4, r0
 6074 0004 4223     		movs	r3, #66
 6075 0006 0022     		movs	r2, #0
 6076 0008 C254     		strb	r2, [r0, r3]
 6077 000a 013B     		subs	r3, r3, #1
 6078 000c C35C     		ldrb	r3, [r0, r3]
 6079 000e 212B     		cmp	r3, #33
 6080 0010 0FD0     		beq	.L633
 6081 0012 4123     		movs	r3, #65
 6082 0014 2022     		movs	r2, #32
 6083 0016 C254     		strb	r2, [r0, r3]
 6084 0018 2F3B     		subs	r3, r3, #47
ARM GAS  C:\Users\fastr\AppData\Local\Temp\cce7iK0f.s 			page 106


 6085 001a 0363     		str	r3, [r0, #48]
 6086 001c 0025     		movs	r5, #0
 6087 001e 4563     		str	r5, [r0, #52]
 6088 0020 0221     		movs	r1, #2
 6089 0022 FFF7FEFF 		bl	I2C_Disable_IRQ
 6090 0026 4023     		movs	r3, #64
 6091 0028 E554     		strb	r5, [r4, r3]
 6092 002a 2000     		movs	r0, r4
 6093 002c FFF7FEFF 		bl	HAL_I2C_MasterRxCpltCallback
 6094              	.L630:
 6095              		@ sp needed
 6096 0030 70BD     		pop	{r4, r5, r6, pc}
 6097              	.L633:
 6098 0032 2033     		adds	r3, r3, #32
 6099 0034 2032     		adds	r2, r2, #32
 6100 0036 C254     		strb	r2, [r0, r3]
 6101 0038 303B     		subs	r3, r3, #48
 6102 003a 0363     		str	r3, [r0, #48]
 6103 003c 0025     		movs	r5, #0
 6104 003e 4563     		str	r5, [r0, #52]
 6105 0040 0121     		movs	r1, #1
 6106 0042 FFF7FEFF 		bl	I2C_Disable_IRQ
 6107 0046 4023     		movs	r3, #64
 6108 0048 E554     		strb	r5, [r4, r3]
 6109 004a 2000     		movs	r0, r4
 6110 004c FFF7FEFF 		bl	HAL_I2C_MasterTxCpltCallback
 6111 0050 EEE7     		b	.L630
 6113              		.section	.text.HAL_I2C_SlaveTxCpltCallback,"ax",%progbits
 6114              		.align	1
 6115              		.weak	HAL_I2C_SlaveTxCpltCallback
 6116              		.syntax unified
 6117              		.code	16
 6118              		.thumb_func
 6120              	HAL_I2C_SlaveTxCpltCallback:
 6121              		@ args = 0, pretend = 0, frame = 0
 6122              		@ frame_needed = 0, uses_anonymous_args = 0
 6123              		@ link register save eliminated.
 6124              		@ sp needed
 6125 0000 7047     		bx	lr
 6127              		.section	.text.HAL_I2C_SlaveRxCpltCallback,"ax",%progbits
 6128              		.align	1
 6129              		.weak	HAL_I2C_SlaveRxCpltCallback
 6130              		.syntax unified
 6131              		.code	16
 6132              		.thumb_func
 6134              	HAL_I2C_SlaveRxCpltCallback:
 6135              		@ args = 0, pretend = 0, frame = 0
 6136              		@ frame_needed = 0, uses_anonymous_args = 0
 6137              		@ link register save eliminated.
 6138              		@ sp needed
 6139 0000 7047     		bx	lr
 6141              		.section	.text.I2C_ITSlaveSeqCplt,"ax",%progbits
 6142              		.align	1
 6143              		.syntax unified
 6144              		.code	16
 6145              		.thumb_func
 6147              	I2C_ITSlaveSeqCplt:
ARM GAS  C:\Users\fastr\AppData\Local\Temp\cce7iK0f.s 			page 107


 6148              		@ args = 0, pretend = 0, frame = 0
 6149              		@ frame_needed = 0, uses_anonymous_args = 0
 6150 0000 10B5     		push	{r4, lr}
 6151 0002 0400     		movs	r4, r0
 6152 0004 0368     		ldr	r3, [r0]
 6153 0006 1A68     		ldr	r2, [r3]
 6154 0008 4221     		movs	r1, #66
 6155 000a 0020     		movs	r0, #0
 6156 000c 6054     		strb	r0, [r4, r1]
 6157 000e 5104     		lsls	r1, r2, #17
 6158 0010 0CD5     		bpl	.L637
 6159 0012 1A68     		ldr	r2, [r3]
 6160 0014 1949     		ldr	r1, .L644
 6161 0016 0A40     		ands	r2, r1
 6162 0018 1A60     		str	r2, [r3]
 6163              	.L638:
 6164 001a 4123     		movs	r3, #65
 6165 001c E35C     		ldrb	r3, [r4, r3]
 6166 001e 292B     		cmp	r3, #41
 6167 0020 0BD0     		beq	.L642
 6168 0022 4123     		movs	r3, #65
 6169 0024 E35C     		ldrb	r3, [r4, r3]
 6170 0026 2A2B     		cmp	r3, #42
 6171 0028 17D0     		beq	.L643
 6172              	.L636:
 6173              		@ sp needed
 6174 002a 10BD     		pop	{r4, pc}
 6175              	.L637:
 6176 002c 1204     		lsls	r2, r2, #16
 6177 002e F4D5     		bpl	.L638
 6178 0030 1A68     		ldr	r2, [r3]
 6179 0032 1349     		ldr	r1, .L644+4
 6180 0034 0A40     		ands	r2, r1
 6181 0036 1A60     		str	r2, [r3]
 6182 0038 EFE7     		b	.L638
 6183              	.L642:
 6184 003a 1833     		adds	r3, r3, #24
 6185 003c 2822     		movs	r2, #40
 6186 003e E254     		strb	r2, [r4, r3]
 6187 0040 203B     		subs	r3, r3, #32
 6188 0042 2363     		str	r3, [r4, #48]
 6189 0044 0121     		movs	r1, #1
 6190 0046 2000     		movs	r0, r4
 6191 0048 FFF7FEFF 		bl	I2C_Disable_IRQ
 6192 004c 4023     		movs	r3, #64
 6193 004e 0022     		movs	r2, #0
 6194 0050 E254     		strb	r2, [r4, r3]
 6195 0052 2000     		movs	r0, r4
 6196 0054 FFF7FEFF 		bl	HAL_I2C_SlaveTxCpltCallback
 6197 0058 E7E7     		b	.L636
 6198              	.L643:
 6199 005a 1733     		adds	r3, r3, #23
 6200 005c 2822     		movs	r2, #40
 6201 005e E254     		strb	r2, [r4, r3]
 6202 0060 1F3B     		subs	r3, r3, #31
 6203 0062 2363     		str	r3, [r4, #48]
 6204 0064 0221     		movs	r1, #2
ARM GAS  C:\Users\fastr\AppData\Local\Temp\cce7iK0f.s 			page 108


 6205 0066 2000     		movs	r0, r4
 6206 0068 FFF7FEFF 		bl	I2C_Disable_IRQ
 6207 006c 4023     		movs	r3, #64
 6208 006e 0022     		movs	r2, #0
 6209 0070 E254     		strb	r2, [r4, r3]
 6210 0072 2000     		movs	r0, r4
 6211 0074 FFF7FEFF 		bl	HAL_I2C_SlaveRxCpltCallback
 6212 0078 D7E7     		b	.L636
 6213              	.L645:
 6214 007a C046     		.align	2
 6215              	.L644:
 6216 007c FFBFFFFF 		.word	-16385
 6217 0080 FF7FFFFF 		.word	-32769
 6219              		.section	.text.I2C_DMASlaveTransmitCplt,"ax",%progbits
 6220              		.align	1
 6221              		.syntax unified
 6222              		.code	16
 6223              		.thumb_func
 6225              	I2C_DMASlaveTransmitCplt:
 6226              		@ args = 0, pretend = 0, frame = 0
 6227              		@ frame_needed = 0, uses_anonymous_args = 0
 6228 0000 10B5     		push	{r4, lr}
 6229 0002 406A     		ldr	r0, [r0, #36]
 6230 0004 C36A     		ldr	r3, [r0, #44]
 6231 0006 8022     		movs	r2, #128
 6232 0008 5204     		lsls	r2, r2, #17
 6233 000a 9342     		cmp	r3, r2
 6234 000c 01D0     		beq	.L647
 6235 000e 002B     		cmp	r3, #0
 6236 0010 06D1     		bne	.L646
 6237              	.L647:
 6238 0012 0268     		ldr	r2, [r0]
 6239 0014 1368     		ldr	r3, [r2]
 6240 0016 0349     		ldr	r1, .L649
 6241 0018 0B40     		ands	r3, r1
 6242 001a 1360     		str	r3, [r2]
 6243 001c FFF7FEFF 		bl	I2C_ITSlaveSeqCplt
 6244              	.L646:
 6245              		@ sp needed
 6246 0020 10BD     		pop	{r4, pc}
 6247              	.L650:
 6248 0022 C046     		.align	2
 6249              	.L649:
 6250 0024 FFBFFFFF 		.word	-16385
 6252              		.section	.text.I2C_DMASlaveReceiveCplt,"ax",%progbits
 6253              		.align	1
 6254              		.syntax unified
 6255              		.code	16
 6256              		.thumb_func
 6258              	I2C_DMASlaveReceiveCplt:
 6259              		@ args = 0, pretend = 0, frame = 0
 6260              		@ frame_needed = 0, uses_anonymous_args = 0
 6261 0000 10B5     		push	{r4, lr}
 6262 0002 406A     		ldr	r0, [r0, #36]
 6263 0004 C26A     		ldr	r2, [r0, #44]
 6264 0006 C36B     		ldr	r3, [r0, #60]
 6265 0008 1B68     		ldr	r3, [r3]
ARM GAS  C:\Users\fastr\AppData\Local\Temp\cce7iK0f.s 			page 109


 6266 000a 5B68     		ldr	r3, [r3, #4]
 6267 000c 002B     		cmp	r3, #0
 6268 000e 02D1     		bne	.L651
 6269 0010 054B     		ldr	r3, .L654
 6270 0012 9A42     		cmp	r2, r3
 6271 0014 00D1     		bne	.L653
 6272              	.L651:
 6273              		@ sp needed
 6274 0016 10BD     		pop	{r4, pc}
 6275              	.L653:
 6276 0018 0268     		ldr	r2, [r0]
 6277 001a 1368     		ldr	r3, [r2]
 6278 001c 0349     		ldr	r1, .L654+4
 6279 001e 0B40     		ands	r3, r1
 6280 0020 1360     		str	r3, [r2]
 6281 0022 FFF7FEFF 		bl	I2C_ITSlaveSeqCplt
 6282 0026 F6E7     		b	.L651
 6283              	.L655:
 6284              		.align	2
 6285              	.L654:
 6286 0028 0000FFFF 		.word	-65536
 6287 002c FF7FFFFF 		.word	-32769
 6289              		.section	.text.HAL_I2C_AddrCallback,"ax",%progbits
 6290              		.align	1
 6291              		.weak	HAL_I2C_AddrCallback
 6292              		.syntax unified
 6293              		.code	16
 6294              		.thumb_func
 6296              	HAL_I2C_AddrCallback:
 6297              		@ args = 0, pretend = 0, frame = 0
 6298              		@ frame_needed = 0, uses_anonymous_args = 0
 6299              		@ link register save eliminated.
 6300              		@ sp needed
 6301 0000 7047     		bx	lr
 6303              		.section	.text.I2C_ITAddrCplt,"ax",%progbits
 6304              		.align	1
 6305              		.syntax unified
 6306              		.code	16
 6307              		.thumb_func
 6309              	I2C_ITAddrCplt:
 6310              		@ args = 0, pretend = 0, frame = 0
 6311              		@ frame_needed = 0, uses_anonymous_args = 0
 6312 0000 F8B5     		push	{r3, r4, r5, r6, r7, lr}
 6313 0002 0400     		movs	r4, r0
 6314 0004 4123     		movs	r3, #65
 6315 0006 C35C     		ldrb	r3, [r0, r3]
 6316 0008 2822     		movs	r2, #40
 6317 000a 1340     		ands	r3, r2
 6318 000c 282B     		cmp	r3, #40
 6319 000e 06D0     		beq	.L662
 6320 0010 0368     		ldr	r3, [r0]
 6321 0012 0822     		movs	r2, #8
 6322 0014 DA61     		str	r2, [r3, #28]
 6323 0016 4023     		movs	r3, #64
 6324 0018 0022     		movs	r2, #0
 6325 001a C254     		strb	r2, [r0, r3]
 6326              	.L657:
ARM GAS  C:\Users\fastr\AppData\Local\Temp\cce7iK0f.s 			page 110


 6327              		@ sp needed
 6328 001c F8BD     		pop	{r3, r4, r5, r6, r7, pc}
 6329              	.L662:
 6330 001e 0068     		ldr	r0, [r0]
 6331 0020 8369     		ldr	r3, [r0, #24]
 6332 0022 1B0C     		lsrs	r3, r3, #16
 6333 0024 273A     		subs	r2, r2, #39
 6334 0026 1340     		ands	r3, r2
 6335 0028 1E00     		movs	r6, r3
 6336 002a 8269     		ldr	r2, [r0, #24]
 6337 002c 120C     		lsrs	r2, r2, #16
 6338 002e FE21     		movs	r1, #254
 6339 0030 0A40     		ands	r2, r1
 6340 0032 1500     		movs	r5, r2
 6341 0034 8368     		ldr	r3, [r0, #8]
 6342 0036 9B05     		lsls	r3, r3, #22
 6343 0038 9B0D     		lsrs	r3, r3, #22
 6344 003a C268     		ldr	r2, [r0, #12]
 6345 003c 0A40     		ands	r2, r1
 6346 003e 1700     		movs	r7, r2
 6347 0040 E268     		ldr	r2, [r4, #12]
 6348 0042 022A     		cmp	r2, #2
 6349 0044 24D1     		bne	.L659
 6350 0046 DA09     		lsrs	r2, r3, #7
 6351 0048 5540     		eors	r5, r2
 6352 004a F839     		subs	r1, r1, #248
 6353 004c 2942     		tst	r1, r5
 6354 004e 11D1     		bne	.L660
 6355 0050 A26C     		ldr	r2, [r4, #72]
 6356 0052 0132     		adds	r2, r2, #1
 6357 0054 A264     		str	r2, [r4, #72]
 6358 0056 A26C     		ldr	r2, [r4, #72]
 6359 0058 022A     		cmp	r2, #2
 6360 005a DFD1     		bne	.L657
 6361 005c 0022     		movs	r2, #0
 6362 005e A264     		str	r2, [r4, #72]
 6363 0060 0231     		adds	r1, r1, #2
 6364 0062 C161     		str	r1, [r0, #28]
 6365 0064 3831     		adds	r1, r1, #56
 6366 0066 6254     		strb	r2, [r4, r1]
 6367 0068 1A00     		movs	r2, r3
 6368 006a 3100     		movs	r1, r6
 6369 006c 2000     		movs	r0, r4
 6370 006e FFF7FEFF 		bl	HAL_I2C_AddrCallback
 6371 0072 D3E7     		b	.L657
 6372              	.L660:
 6373 0074 8021     		movs	r1, #128
 6374 0076 0902     		lsls	r1, r1, #8
 6375 0078 2000     		movs	r0, r4
 6376 007a FFF7FEFF 		bl	I2C_Disable_IRQ
 6377 007e 4023     		movs	r3, #64
 6378 0080 0022     		movs	r2, #0
 6379 0082 E254     		strb	r2, [r4, r3]
 6380 0084 3A00     		movs	r2, r7
 6381 0086 3100     		movs	r1, r6
 6382 0088 2000     		movs	r0, r4
 6383 008a FFF7FEFF 		bl	HAL_I2C_AddrCallback
ARM GAS  C:\Users\fastr\AppData\Local\Temp\cce7iK0f.s 			page 111


 6384 008e C5E7     		b	.L657
 6385              	.L659:
 6386 0090 8021     		movs	r1, #128
 6387 0092 0902     		lsls	r1, r1, #8
 6388 0094 2000     		movs	r0, r4
 6389 0096 FFF7FEFF 		bl	I2C_Disable_IRQ
 6390 009a 4023     		movs	r3, #64
 6391 009c 0022     		movs	r2, #0
 6392 009e E254     		strb	r2, [r4, r3]
 6393 00a0 2A00     		movs	r2, r5
 6394 00a2 3100     		movs	r1, r6
 6395 00a4 2000     		movs	r0, r4
 6396 00a6 FFF7FEFF 		bl	HAL_I2C_AddrCallback
 6397 00aa B7E7     		b	.L657
 6399              		.section	.text.HAL_I2C_ListenCpltCallback,"ax",%progbits
 6400              		.align	1
 6401              		.weak	HAL_I2C_ListenCpltCallback
 6402              		.syntax unified
 6403              		.code	16
 6404              		.thumb_func
 6406              	HAL_I2C_ListenCpltCallback:
 6407              		@ args = 0, pretend = 0, frame = 0
 6408              		@ frame_needed = 0, uses_anonymous_args = 0
 6409              		@ link register save eliminated.
 6410              		@ sp needed
 6411 0000 7047     		bx	lr
 6413              		.section	.text.I2C_ITListenCplt,"ax",%progbits
 6414              		.align	1
 6415              		.syntax unified
 6416              		.code	16
 6417              		.thumb_func
 6419              	I2C_ITListenCplt:
 6420              		@ args = 0, pretend = 0, frame = 0
 6421              		@ frame_needed = 0, uses_anonymous_args = 0
 6422 0000 10B5     		push	{r4, lr}
 6423 0002 0400     		movs	r4, r0
 6424 0004 164B     		ldr	r3, .L667
 6425 0006 C362     		str	r3, [r0, #44]
 6426 0008 0023     		movs	r3, #0
 6427 000a 0363     		str	r3, [r0, #48]
 6428 000c 4122     		movs	r2, #65
 6429 000e 2020     		movs	r0, #32
 6430 0010 A054     		strb	r0, [r4, r2]
 6431 0012 0132     		adds	r2, r2, #1
 6432 0014 A354     		strb	r3, [r4, r2]
 6433 0016 6363     		str	r3, [r4, #52]
 6434 0018 4907     		lsls	r1, r1, #29
 6435 001a 13D5     		bpl	.L665
 6436 001c 2368     		ldr	r3, [r4]
 6437 001e 5A6A     		ldr	r2, [r3, #36]
 6438 0020 636A     		ldr	r3, [r4, #36]
 6439 0022 1A70     		strb	r2, [r3]
 6440 0024 636A     		ldr	r3, [r4, #36]
 6441 0026 0133     		adds	r3, r3, #1
 6442 0028 6362     		str	r3, [r4, #36]
 6443 002a 238D     		ldrh	r3, [r4, #40]
 6444 002c 002B     		cmp	r3, #0
ARM GAS  C:\Users\fastr\AppData\Local\Temp\cce7iK0f.s 			page 112


 6445 002e 09D0     		beq	.L665
 6446 0030 013B     		subs	r3, r3, #1
 6447 0032 2385     		strh	r3, [r4, #40]
 6448 0034 638D     		ldrh	r3, [r4, #42]
 6449 0036 013B     		subs	r3, r3, #1
 6450 0038 9BB2     		uxth	r3, r3
 6451 003a 6385     		strh	r3, [r4, #42]
 6452 003c 636C     		ldr	r3, [r4, #68]
 6453 003e 0422     		movs	r2, #4
 6454 0040 1343     		orrs	r3, r2
 6455 0042 6364     		str	r3, [r4, #68]
 6456              	.L665:
 6457 0044 0749     		ldr	r1, .L667+4
 6458 0046 2000     		movs	r0, r4
 6459 0048 FFF7FEFF 		bl	I2C_Disable_IRQ
 6460 004c 2368     		ldr	r3, [r4]
 6461 004e 1022     		movs	r2, #16
 6462 0050 DA61     		str	r2, [r3, #28]
 6463 0052 4023     		movs	r3, #64
 6464 0054 0022     		movs	r2, #0
 6465 0056 E254     		strb	r2, [r4, r3]
 6466 0058 2000     		movs	r0, r4
 6467 005a FFF7FEFF 		bl	HAL_I2C_ListenCpltCallback
 6468              		@ sp needed
 6469 005e 10BD     		pop	{r4, pc}
 6470              	.L668:
 6471              		.align	2
 6472              	.L667:
 6473 0060 0000FFFF 		.word	-65536
 6474 0064 03800000 		.word	32771
 6476              		.section	.text.HAL_I2C_MemTxCpltCallback,"ax",%progbits
 6477              		.align	1
 6478              		.weak	HAL_I2C_MemTxCpltCallback
 6479              		.syntax unified
 6480              		.code	16
 6481              		.thumb_func
 6483              	HAL_I2C_MemTxCpltCallback:
 6484              		@ args = 0, pretend = 0, frame = 0
 6485              		@ frame_needed = 0, uses_anonymous_args = 0
 6486              		@ link register save eliminated.
 6487              		@ sp needed
 6488 0000 7047     		bx	lr
 6490              		.section	.text.HAL_I2C_MemRxCpltCallback,"ax",%progbits
 6491              		.align	1
 6492              		.weak	HAL_I2C_MemRxCpltCallback
 6493              		.syntax unified
 6494              		.code	16
 6495              		.thumb_func
 6497              	HAL_I2C_MemRxCpltCallback:
 6498              		@ args = 0, pretend = 0, frame = 0
 6499              		@ frame_needed = 0, uses_anonymous_args = 0
 6500              		@ link register save eliminated.
 6501              		@ sp needed
 6502 0000 7047     		bx	lr
 6504              		.section	.text.HAL_I2C_ErrorCallback,"ax",%progbits
 6505              		.align	1
 6506              		.weak	HAL_I2C_ErrorCallback
ARM GAS  C:\Users\fastr\AppData\Local\Temp\cce7iK0f.s 			page 113


 6507              		.syntax unified
 6508              		.code	16
 6509              		.thumb_func
 6511              	HAL_I2C_ErrorCallback:
 6512              		@ args = 0, pretend = 0, frame = 0
 6513              		@ frame_needed = 0, uses_anonymous_args = 0
 6514              		@ link register save eliminated.
 6515              		@ sp needed
 6516 0000 7047     		bx	lr
 6518              		.section	.text.HAL_I2C_AbortCpltCallback,"ax",%progbits
 6519              		.align	1
 6520              		.weak	HAL_I2C_AbortCpltCallback
 6521              		.syntax unified
 6522              		.code	16
 6523              		.thumb_func
 6525              	HAL_I2C_AbortCpltCallback:
 6526              		@ args = 0, pretend = 0, frame = 0
 6527              		@ frame_needed = 0, uses_anonymous_args = 0
 6528              		@ link register save eliminated.
 6529              		@ sp needed
 6530 0000 7047     		bx	lr
 6532              		.section	.text.I2C_TreatErrorCallback,"ax",%progbits
 6533              		.align	1
 6534              		.syntax unified
 6535              		.code	16
 6536              		.thumb_func
 6538              	I2C_TreatErrorCallback:
 6539              		@ args = 0, pretend = 0, frame = 0
 6540              		@ frame_needed = 0, uses_anonymous_args = 0
 6541 0000 10B5     		push	{r4, lr}
 6542 0002 4123     		movs	r3, #65
 6543 0004 C35C     		ldrb	r3, [r0, r3]
 6544 0006 602B     		cmp	r3, #96
 6545 0008 06D0     		beq	.L676
 6546 000a 0023     		movs	r3, #0
 6547 000c 0363     		str	r3, [r0, #48]
 6548 000e 4022     		movs	r2, #64
 6549 0010 8354     		strb	r3, [r0, r2]
 6550 0012 FFF7FEFF 		bl	HAL_I2C_ErrorCallback
 6551              	.L673:
 6552              		@ sp needed
 6553 0016 10BD     		pop	{r4, pc}
 6554              	.L676:
 6555 0018 1F3B     		subs	r3, r3, #31
 6556 001a 2022     		movs	r2, #32
 6557 001c C254     		strb	r2, [r0, r3]
 6558 001e 0023     		movs	r3, #0
 6559 0020 0363     		str	r3, [r0, #48]
 6560 0022 2032     		adds	r2, r2, #32
 6561 0024 8354     		strb	r3, [r0, r2]
 6562 0026 FFF7FEFF 		bl	HAL_I2C_AbortCpltCallback
 6563 002a F4E7     		b	.L673
 6565              		.section	.text.I2C_ITError,"ax",%progbits
 6566              		.align	1
 6567              		.syntax unified
 6568              		.code	16
 6569              		.thumb_func
ARM GAS  C:\Users\fastr\AppData\Local\Temp\cce7iK0f.s 			page 114


 6571              	I2C_ITError:
 6572              		@ args = 0, pretend = 0, frame = 0
 6573              		@ frame_needed = 0, uses_anonymous_args = 0
 6574 0000 10B5     		push	{r4, lr}
 6575 0002 0400     		movs	r4, r0
 6576 0004 4123     		movs	r3, #65
 6577 0006 C35C     		ldrb	r3, [r0, r3]
 6578 0008 0022     		movs	r2, #0
 6579 000a 4220     		movs	r0, #66
 6580 000c 2254     		strb	r2, [r4, r0]
 6581 000e 4348     		ldr	r0, .L694
 6582 0010 E062     		str	r0, [r4, #44]
 6583 0012 6285     		strh	r2, [r4, #42]
 6584 0014 626C     		ldr	r2, [r4, #68]
 6585 0016 0A43     		orrs	r2, r1
 6586 0018 6264     		str	r2, [r4, #68]
 6587 001a 283B     		subs	r3, r3, #40
 6588 001c DBB2     		uxtb	r3, r3
 6589 001e 022B     		cmp	r3, #2
 6590 0020 1BD8     		bhi	.L678
 6591 0022 0321     		movs	r1, #3
 6592 0024 2000     		movs	r0, r4
 6593 0026 FFF7FEFF 		bl	I2C_Disable_IRQ
 6594 002a 4123     		movs	r3, #65
 6595 002c 2822     		movs	r2, #40
 6596 002e E254     		strb	r2, [r4, r3]
 6597 0030 3B4B     		ldr	r3, .L694+4
 6598 0032 6363     		str	r3, [r4, #52]
 6599              	.L679:
 6600 0034 236B     		ldr	r3, [r4, #48]
 6601 0036 A26B     		ldr	r2, [r4, #56]
 6602 0038 002A     		cmp	r2, #0
 6603 003a 03D0     		beq	.L682
 6604 003c 112B     		cmp	r3, #17
 6605 003e 2DD0     		beq	.L683
 6606 0040 212B     		cmp	r3, #33
 6607 0042 2BD0     		beq	.L683
 6608              	.L682:
 6609 0044 E26B     		ldr	r2, [r4, #60]
 6610 0046 002A     		cmp	r2, #0
 6611 0048 03D0     		beq	.L687
 6612 004a 122B     		cmp	r3, #18
 6613 004c 46D0     		beq	.L688
 6614 004e 222B     		cmp	r3, #34
 6615 0050 44D0     		beq	.L688
 6616              	.L687:
 6617 0052 2000     		movs	r0, r4
 6618 0054 FFF7FEFF 		bl	I2C_TreatErrorCallback
 6619              	.L677:
 6620              		@ sp needed
 6621 0058 10BD     		pop	{r4, pc}
 6622              	.L678:
 6623 005a 3249     		ldr	r1, .L694+8
 6624 005c 2000     		movs	r0, r4
 6625 005e FFF7FEFF 		bl	I2C_Disable_IRQ
 6626 0062 2000     		movs	r0, r4
 6627 0064 FFF7FEFF 		bl	I2C_Flush_TXDR
ARM GAS  C:\Users\fastr\AppData\Local\Temp\cce7iK0f.s 			page 115


 6628 0068 4123     		movs	r3, #65
 6629 006a E35C     		ldrb	r3, [r4, r3]
 6630 006c 602B     		cmp	r3, #96
 6631 006e 12D0     		beq	.L680
 6632 0070 2023     		movs	r3, #32
 6633 0072 4122     		movs	r2, #65
 6634 0074 A354     		strb	r3, [r4, r2]
 6635 0076 2268     		ldr	r2, [r4]
 6636 0078 9169     		ldr	r1, [r2, #24]
 6637 007a 0B42     		tst	r3, r1
 6638 007c 0BD0     		beq	.L680
 6639 007e 9369     		ldr	r3, [r2, #24]
 6640 0080 DB06     		lsls	r3, r3, #27
 6641 0082 05D5     		bpl	.L681
 6642 0084 1023     		movs	r3, #16
 6643 0086 D361     		str	r3, [r2, #28]
 6644 0088 636C     		ldr	r3, [r4, #68]
 6645 008a 0422     		movs	r2, #4
 6646 008c 1343     		orrs	r3, r2
 6647 008e 6364     		str	r3, [r4, #68]
 6648              	.L681:
 6649 0090 2368     		ldr	r3, [r4]
 6650 0092 2022     		movs	r2, #32
 6651 0094 DA61     		str	r2, [r3, #28]
 6652              	.L680:
 6653 0096 0023     		movs	r3, #0
 6654 0098 6363     		str	r3, [r4, #52]
 6655 009a CBE7     		b	.L679
 6656              	.L683:
 6657 009c 2268     		ldr	r2, [r4]
 6658 009e 1368     		ldr	r3, [r2]
 6659 00a0 5B04     		lsls	r3, r3, #17
 6660 00a2 03D5     		bpl	.L684
 6661 00a4 1368     		ldr	r3, [r2]
 6662 00a6 2049     		ldr	r1, .L694+12
 6663 00a8 0B40     		ands	r3, r1
 6664 00aa 1360     		str	r3, [r2]
 6665              	.L684:
 6666 00ac A06B     		ldr	r0, [r4, #56]
 6667 00ae FFF7FEFF 		bl	HAL_DMA_GetState
 6668 00b2 0128     		cmp	r0, #1
 6669 00b4 0ED0     		beq	.L685
 6670 00b6 A36B     		ldr	r3, [r4, #56]
 6671 00b8 1C4A     		ldr	r2, .L694+16
 6672 00ba 5A63     		str	r2, [r3, #52]
 6673 00bc 4023     		movs	r3, #64
 6674 00be 0022     		movs	r2, #0
 6675 00c0 E254     		strb	r2, [r4, r3]
 6676 00c2 A06B     		ldr	r0, [r4, #56]
 6677 00c4 FFF7FEFF 		bl	HAL_DMA_Abort_IT
 6678 00c8 0028     		cmp	r0, #0
 6679 00ca C5D0     		beq	.L677
 6680 00cc A06B     		ldr	r0, [r4, #56]
 6681 00ce 436B     		ldr	r3, [r0, #52]
 6682 00d0 9847     		blx	r3
 6683 00d2 C1E7     		b	.L677
 6684              	.L685:
ARM GAS  C:\Users\fastr\AppData\Local\Temp\cce7iK0f.s 			page 116


 6685 00d4 2000     		movs	r0, r4
 6686 00d6 FFF7FEFF 		bl	I2C_TreatErrorCallback
 6687 00da BDE7     		b	.L677
 6688              	.L688:
 6689 00dc 2368     		ldr	r3, [r4]
 6690 00de 1A68     		ldr	r2, [r3]
 6691 00e0 1204     		lsls	r2, r2, #16
 6692 00e2 03D5     		bpl	.L689
 6693 00e4 1A68     		ldr	r2, [r3]
 6694 00e6 1249     		ldr	r1, .L694+20
 6695 00e8 0A40     		ands	r2, r1
 6696 00ea 1A60     		str	r2, [r3]
 6697              	.L689:
 6698 00ec E06B     		ldr	r0, [r4, #60]
 6699 00ee FFF7FEFF 		bl	HAL_DMA_GetState
 6700 00f2 0128     		cmp	r0, #1
 6701 00f4 0ED0     		beq	.L690
 6702 00f6 E36B     		ldr	r3, [r4, #60]
 6703 00f8 0C4A     		ldr	r2, .L694+16
 6704 00fa 5A63     		str	r2, [r3, #52]
 6705 00fc 4023     		movs	r3, #64
 6706 00fe 0022     		movs	r2, #0
 6707 0100 E254     		strb	r2, [r4, r3]
 6708 0102 E06B     		ldr	r0, [r4, #60]
 6709 0104 FFF7FEFF 		bl	HAL_DMA_Abort_IT
 6710 0108 0028     		cmp	r0, #0
 6711 010a A5D0     		beq	.L677
 6712 010c E06B     		ldr	r0, [r4, #60]
 6713 010e 436B     		ldr	r3, [r0, #52]
 6714 0110 9847     		blx	r3
 6715 0112 A1E7     		b	.L677
 6716              	.L690:
 6717 0114 2000     		movs	r0, r4
 6718 0116 FFF7FEFF 		bl	I2C_TreatErrorCallback
 6719 011a 9DE7     		b	.L677
 6720              	.L695:
 6721              		.align	2
 6722              	.L694:
 6723 011c 0000FFFF 		.word	-65536
 6724 0120 00000000 		.word	I2C_Slave_ISR_IT
 6725 0124 03800000 		.word	32771
 6726 0128 FFBFFFFF 		.word	-16385
 6727 012c 00000000 		.word	I2C_DMAAbort
 6728 0130 FF7FFFFF 		.word	-32769
 6730              		.section	.text.I2C_ITSlaveCplt,"ax",%progbits
 6731              		.align	1
 6732              		.syntax unified
 6733              		.code	16
 6734              		.thumb_func
 6736              	I2C_ITSlaveCplt:
 6737              		@ args = 0, pretend = 0, frame = 0
 6738              		@ frame_needed = 0, uses_anonymous_args = 0
 6739 0000 F8B5     		push	{r3, r4, r5, r6, r7, lr}
 6740 0002 0400     		movs	r4, r0
 6741 0004 0D00     		movs	r5, r1
 6742 0006 0168     		ldr	r1, [r0]
 6743 0008 0E68     		ldr	r6, [r1]
ARM GAS  C:\Users\fastr\AppData\Local\Temp\cce7iK0f.s 			page 117


 6744 000a C36A     		ldr	r3, [r0, #44]
 6745 000c 1F00     		movs	r7, r3
 6746 000e 4123     		movs	r3, #65
 6747 0010 C25C     		ldrb	r2, [r0, r3]
 6748 0012 D3B2     		uxtb	r3, r2
 6749 0014 2020     		movs	r0, #32
 6750 0016 C861     		str	r0, [r1, #28]
 6751 0018 212A     		cmp	r2, #33
 6752 001a 0ED0     		beq	.L697
 6753 001c 292B     		cmp	r3, #41
 6754 001e 0CD0     		beq	.L697
 6755 0020 222B     		cmp	r3, #34
 6756 0022 73D0     		beq	.L700
 6757 0024 2A2B     		cmp	r3, #42
 6758 0026 71D0     		beq	.L700
 6759 0028 282B     		cmp	r3, #40
 6760 002a 0CD1     		bne	.L699
 6761 002c 6A49     		ldr	r1, .L724
 6762 002e 2000     		movs	r0, r4
 6763 0030 FFF7FEFF 		bl	I2C_Disable_IRQ
 6764 0034 0023     		movs	r3, #0
 6765 0036 2363     		str	r3, [r4, #48]
 6766 0038 05E0     		b	.L699
 6767              	.L697:
 6768 003a 6849     		ldr	r1, .L724+4
 6769 003c 2000     		movs	r0, r4
 6770 003e FFF7FEFF 		bl	I2C_Disable_IRQ
 6771 0042 2123     		movs	r3, #33
 6772 0044 2363     		str	r3, [r4, #48]
 6773              	.L699:
 6774 0046 2268     		ldr	r2, [r4]
 6775 0048 5168     		ldr	r1, [r2, #4]
 6776 004a 8023     		movs	r3, #128
 6777 004c 1B02     		lsls	r3, r3, #8
 6778 004e 0B43     		orrs	r3, r1
 6779 0050 5360     		str	r3, [r2, #4]
 6780 0052 2268     		ldr	r2, [r4]
 6781 0054 5368     		ldr	r3, [r2, #4]
 6782 0056 6249     		ldr	r1, .L724+8
 6783 0058 0B40     		ands	r3, r1
 6784 005a 5360     		str	r3, [r2, #4]
 6785 005c 2000     		movs	r0, r4
 6786 005e FFF7FEFF 		bl	I2C_Flush_TXDR
 6787 0062 7304     		lsls	r3, r6, #17
 6788 0064 59D5     		bpl	.L702
 6789 0066 2268     		ldr	r2, [r4]
 6790 0068 1368     		ldr	r3, [r2]
 6791 006a 5E49     		ldr	r1, .L724+12
 6792 006c 0B40     		ands	r3, r1
 6793 006e 1360     		str	r3, [r2]
 6794 0070 A36B     		ldr	r3, [r4, #56]
 6795 0072 002B     		cmp	r3, #0
 6796 0074 03D0     		beq	.L703
 6797 0076 1B68     		ldr	r3, [r3]
 6798 0078 5B68     		ldr	r3, [r3, #4]
 6799 007a 9BB2     		uxth	r3, r3
 6800 007c 6385     		strh	r3, [r4, #42]
ARM GAS  C:\Users\fastr\AppData\Local\Temp\cce7iK0f.s 			page 118


 6801              	.L703:
 6802 007e 6B07     		lsls	r3, r5, #29
 6803 0080 11D5     		bpl	.L704
 6804 0082 0423     		movs	r3, #4
 6805 0084 9D43     		bics	r5, r3
 6806 0086 2368     		ldr	r3, [r4]
 6807 0088 5A6A     		ldr	r2, [r3, #36]
 6808 008a 636A     		ldr	r3, [r4, #36]
 6809 008c 1A70     		strb	r2, [r3]
 6810 008e 636A     		ldr	r3, [r4, #36]
 6811 0090 0133     		adds	r3, r3, #1
 6812 0092 6362     		str	r3, [r4, #36]
 6813 0094 238D     		ldrh	r3, [r4, #40]
 6814 0096 002B     		cmp	r3, #0
 6815 0098 05D0     		beq	.L704
 6816 009a 013B     		subs	r3, r3, #1
 6817 009c 2385     		strh	r3, [r4, #40]
 6818 009e 638D     		ldrh	r3, [r4, #42]
 6819 00a0 013B     		subs	r3, r3, #1
 6820 00a2 9BB2     		uxth	r3, r3
 6821 00a4 6385     		strh	r3, [r4, #42]
 6822              	.L704:
 6823 00a6 638D     		ldrh	r3, [r4, #42]
 6824 00a8 002B     		cmp	r3, #0
 6825 00aa 03D0     		beq	.L705
 6826 00ac 636C     		ldr	r3, [r4, #68]
 6827 00ae 0422     		movs	r2, #4
 6828 00b0 1343     		orrs	r3, r2
 6829 00b2 6364     		str	r3, [r4, #68]
 6830              	.L705:
 6831 00b4 EB06     		lsls	r3, r5, #27
 6832 00b6 0FD5     		bpl	.L706
 6833 00b8 F606     		lsls	r6, r6, #27
 6834 00ba 0DD5     		bpl	.L706
 6835 00bc 638D     		ldrh	r3, [r4, #42]
 6836 00be 002B     		cmp	r3, #0
 6837 00c0 50D1     		bne	.L707
 6838 00c2 4133     		adds	r3, r3, #65
 6839 00c4 E35C     		ldrb	r3, [r4, r3]
 6840 00c6 282B     		cmp	r3, #40
 6841 00c8 36D0     		beq	.L719
 6842              	.L708:
 6843 00ca 4123     		movs	r3, #65
 6844 00cc E35C     		ldrb	r3, [r4, r3]
 6845 00ce 292B     		cmp	r3, #41
 6846 00d0 3BD0     		beq	.L720
 6847              	.L709:
 6848 00d2 2368     		ldr	r3, [r4]
 6849 00d4 1022     		movs	r2, #16
 6850 00d6 DA61     		str	r2, [r3, #28]
 6851              	.L706:
 6852 00d8 0023     		movs	r3, #0
 6853 00da 4222     		movs	r2, #66
 6854 00dc A354     		strb	r3, [r4, r2]
 6855 00de 6363     		str	r3, [r4, #52]
 6856 00e0 636C     		ldr	r3, [r4, #68]
 6857 00e2 002B     		cmp	r3, #0
ARM GAS  C:\Users\fastr\AppData\Local\Temp\cce7iK0f.s 			page 119


 6858 00e4 50D1     		bne	.L721
 6859 00e6 E26A     		ldr	r2, [r4, #44]
 6860 00e8 3F4B     		ldr	r3, .L724+16
 6861 00ea 9A42     		cmp	r2, r3
 6862 00ec 59D1     		bne	.L722
 6863 00ee 4123     		movs	r3, #65
 6864 00f0 E35C     		ldrb	r3, [r4, r3]
 6865 00f2 222B     		cmp	r3, #34
 6866 00f4 65D0     		beq	.L723
 6867 00f6 4123     		movs	r3, #65
 6868 00f8 2022     		movs	r2, #32
 6869 00fa E254     		strb	r2, [r4, r3]
 6870 00fc 0023     		movs	r3, #0
 6871 00fe 2363     		str	r3, [r4, #48]
 6872 0100 2032     		adds	r2, r2, #32
 6873 0102 A354     		strb	r3, [r4, r2]
 6874 0104 2000     		movs	r0, r4
 6875 0106 FFF7FEFF 		bl	HAL_I2C_SlaveTxCpltCallback
 6876 010a 59E0     		b	.L696
 6877              	.L700:
 6878 010c 3749     		ldr	r1, .L724+20
 6879 010e 2000     		movs	r0, r4
 6880 0110 FFF7FEFF 		bl	I2C_Disable_IRQ
 6881 0114 2223     		movs	r3, #34
 6882 0116 2363     		str	r3, [r4, #48]
 6883 0118 95E7     		b	.L699
 6884              	.L702:
 6885 011a 3304     		lsls	r3, r6, #16
 6886 011c AFD5     		bpl	.L703
 6887 011e 2268     		ldr	r2, [r4]
 6888 0120 1368     		ldr	r3, [r2]
 6889 0122 3349     		ldr	r1, .L724+24
 6890 0124 0B40     		ands	r3, r1
 6891 0126 1360     		str	r3, [r2]
 6892 0128 E36B     		ldr	r3, [r4, #60]
 6893 012a 002B     		cmp	r3, #0
 6894 012c A7D0     		beq	.L703
 6895 012e 1B68     		ldr	r3, [r3]
 6896 0130 5B68     		ldr	r3, [r3, #4]
 6897 0132 9BB2     		uxth	r3, r3
 6898 0134 6385     		strh	r3, [r4, #42]
 6899 0136 A2E7     		b	.L703
 6900              	.L719:
 6901 0138 8023     		movs	r3, #128
 6902 013a 9B04     		lsls	r3, r3, #18
 6903 013c 9F42     		cmp	r7, r3
 6904 013e C4D1     		bne	.L708
 6905 0140 2900     		movs	r1, r5
 6906 0142 2000     		movs	r0, r4
 6907 0144 FFF7FEFF 		bl	I2C_ITListenCplt
 6908 0148 C6E7     		b	.L706
 6909              	.L720:
 6910 014a 274B     		ldr	r3, .L724+16
 6911 014c 9F42     		cmp	r7, r3
 6912 014e C0D0     		beq	.L709
 6913 0150 2368     		ldr	r3, [r4]
 6914 0152 1022     		movs	r2, #16
ARM GAS  C:\Users\fastr\AppData\Local\Temp\cce7iK0f.s 			page 120


 6915 0154 DA61     		str	r2, [r3, #28]
 6916 0156 2000     		movs	r0, r4
 6917 0158 FFF7FEFF 		bl	I2C_Flush_TXDR
 6918 015c 2000     		movs	r0, r4
 6919 015e FFF7FEFF 		bl	I2C_ITSlaveSeqCplt
 6920 0162 B9E7     		b	.L706
 6921              	.L707:
 6922 0164 2368     		ldr	r3, [r4]
 6923 0166 1022     		movs	r2, #16
 6924 0168 DA61     		str	r2, [r3, #28]
 6925 016a 636C     		ldr	r3, [r4, #68]
 6926 016c 0C3A     		subs	r2, r2, #12
 6927 016e 1343     		orrs	r3, r2
 6928 0170 6364     		str	r3, [r4, #68]
 6929 0172 002F     		cmp	r7, #0
 6930 0174 03D0     		beq	.L710
 6931 0176 8023     		movs	r3, #128
 6932 0178 5B04     		lsls	r3, r3, #17
 6933 017a 9F42     		cmp	r7, r3
 6934 017c ACD1     		bne	.L706
 6935              	.L710:
 6936 017e 616C     		ldr	r1, [r4, #68]
 6937 0180 2000     		movs	r0, r4
 6938 0182 FFF7FEFF 		bl	I2C_ITError
 6939 0186 A7E7     		b	.L706
 6940              	.L721:
 6941 0188 616C     		ldr	r1, [r4, #68]
 6942 018a 2000     		movs	r0, r4
 6943 018c FFF7FEFF 		bl	I2C_ITError
 6944 0190 4123     		movs	r3, #65
 6945 0192 E35C     		ldrb	r3, [r4, r3]
 6946 0194 282B     		cmp	r3, #40
 6947 0196 13D1     		bne	.L696
 6948 0198 2900     		movs	r1, r5
 6949 019a 2000     		movs	r0, r4
 6950 019c FFF7FEFF 		bl	I2C_ITListenCplt
 6951 01a0 0EE0     		b	.L696
 6952              	.L722:
 6953 01a2 2000     		movs	r0, r4
 6954 01a4 FFF7FEFF 		bl	I2C_ITSlaveSeqCplt
 6955 01a8 0F4B     		ldr	r3, .L724+16
 6956 01aa E362     		str	r3, [r4, #44]
 6957 01ac 4123     		movs	r3, #65
 6958 01ae 2022     		movs	r2, #32
 6959 01b0 E254     		strb	r2, [r4, r3]
 6960 01b2 0023     		movs	r3, #0
 6961 01b4 2363     		str	r3, [r4, #48]
 6962 01b6 2032     		adds	r2, r2, #32
 6963 01b8 A354     		strb	r3, [r4, r2]
 6964 01ba 2000     		movs	r0, r4
 6965 01bc FFF7FEFF 		bl	HAL_I2C_ListenCpltCallback
 6966              	.L696:
 6967              		@ sp needed
 6968 01c0 F8BD     		pop	{r3, r4, r5, r6, r7, pc}
 6969              	.L723:
 6970 01c2 1F33     		adds	r3, r3, #31
 6971 01c4 2022     		movs	r2, #32
ARM GAS  C:\Users\fastr\AppData\Local\Temp\cce7iK0f.s 			page 121


 6972 01c6 E254     		strb	r2, [r4, r3]
 6973 01c8 0023     		movs	r3, #0
 6974 01ca 2363     		str	r3, [r4, #48]
 6975 01cc 2032     		adds	r2, r2, #32
 6976 01ce A354     		strb	r3, [r4, r2]
 6977 01d0 2000     		movs	r0, r4
 6978 01d2 FFF7FEFF 		bl	HAL_I2C_SlaveRxCpltCallback
 6979 01d6 F3E7     		b	.L696
 6980              	.L725:
 6981              		.align	2
 6982              	.L724:
 6983 01d8 03800000 		.word	32771
 6984 01dc 01800000 		.word	32769
 6985 01e0 00E800FE 		.word	-33495040
 6986 01e4 FFBFFFFF 		.word	-16385
 6987 01e8 0000FFFF 		.word	-65536
 6988 01ec 02800000 		.word	32770
 6989 01f0 FF7FFFFF 		.word	-32769
 6991              		.section	.text.I2C_Slave_ISR_IT,"ax",%progbits
 6992              		.align	1
 6993              		.syntax unified
 6994              		.code	16
 6995              		.thumb_func
 6997              	I2C_Slave_ISR_IT:
 6998              		@ args = 0, pretend = 0, frame = 0
 6999              		@ frame_needed = 0, uses_anonymous_args = 0
 7000 0000 10B5     		push	{r4, lr}
 7001 0002 0400     		movs	r4, r0
 7002 0004 C36A     		ldr	r3, [r0, #44]
 7003 0006 9C46     		mov	ip, r3
 7004 0008 4023     		movs	r3, #64
 7005 000a C35C     		ldrb	r3, [r0, r3]
 7006 000c 012B     		cmp	r3, #1
 7007 000e 00D1     		bne	.LCB8027
 7008 0010 93E0     		b	.L740	@long jump
 7009              	.LCB8027:
 7010 0012 0123     		movs	r3, #1
 7011 0014 4020     		movs	r0, #64
 7012 0016 2354     		strb	r3, [r4, r0]
 7013 0018 4809     		lsrs	r0, r1, #5
 7014 001a 0342     		tst	r3, r0
 7015 001c 01D0     		beq	.L728
 7016 001e 9306     		lsls	r3, r2, #26
 7017 0020 12D4     		bmi	.L750
 7018              	.L728:
 7019 0022 CB06     		lsls	r3, r1, #27
 7020 0024 40D5     		bpl	.L730
 7021 0026 D306     		lsls	r3, r2, #27
 7022 0028 3ED5     		bpl	.L730
 7023 002a 638D     		ldrh	r3, [r4, #42]
 7024 002c 002B     		cmp	r3, #0
 7025 002e 28D1     		bne	.L731
 7026 0030 4133     		adds	r3, r3, #65
 7027 0032 E35C     		ldrb	r3, [r4, r3]
 7028 0034 282B     		cmp	r3, #40
 7029 0036 0FD0     		beq	.L751
 7030              	.L732:
ARM GAS  C:\Users\fastr\AppData\Local\Temp\cce7iK0f.s 			page 122


 7031 0038 4123     		movs	r3, #65
 7032 003a E35C     		ldrb	r3, [r4, r3]
 7033 003c 292B     		cmp	r3, #41
 7034 003e 13D0     		beq	.L752
 7035              	.L733:
 7036 0040 2368     		ldr	r3, [r4]
 7037 0042 1022     		movs	r2, #16
 7038 0044 DA61     		str	r2, [r3, #28]
 7039 0046 02E0     		b	.L729
 7040              	.L750:
 7041 0048 2000     		movs	r0, r4
 7042 004a FFF7FEFF 		bl	I2C_ITSlaveCplt
 7043              	.L729:
 7044 004e 4023     		movs	r3, #64
 7045 0050 0022     		movs	r2, #0
 7046 0052 E254     		strb	r2, [r4, r3]
 7047 0054 0020     		movs	r0, #0
 7048              	.L727:
 7049              		@ sp needed
 7050 0056 10BD     		pop	{r4, pc}
 7051              	.L751:
 7052 0058 8023     		movs	r3, #128
 7053 005a 9B04     		lsls	r3, r3, #18
 7054 005c 9C45     		cmp	ip, r3
 7055 005e EBD1     		bne	.L732
 7056 0060 2000     		movs	r0, r4
 7057 0062 FFF7FEFF 		bl	I2C_ITListenCplt
 7058 0066 F2E7     		b	.L729
 7059              	.L752:
 7060 0068 354B     		ldr	r3, .L754
 7061 006a 9C45     		cmp	ip, r3
 7062 006c E8D0     		beq	.L733
 7063 006e 2368     		ldr	r3, [r4]
 7064 0070 1022     		movs	r2, #16
 7065 0072 DA61     		str	r2, [r3, #28]
 7066 0074 2000     		movs	r0, r4
 7067 0076 FFF7FEFF 		bl	I2C_Flush_TXDR
 7068 007a 2000     		movs	r0, r4
 7069 007c FFF7FEFF 		bl	I2C_ITSlaveSeqCplt
 7070 0080 E5E7     		b	.L729
 7071              	.L731:
 7072 0082 2368     		ldr	r3, [r4]
 7073 0084 1022     		movs	r2, #16
 7074 0086 DA61     		str	r2, [r3, #28]
 7075 0088 636C     		ldr	r3, [r4, #68]
 7076 008a 0C3A     		subs	r2, r2, #12
 7077 008c 1343     		orrs	r3, r2
 7078 008e 6364     		str	r3, [r4, #68]
 7079 0090 6346     		mov	r3, ip
 7080 0092 002B     		cmp	r3, #0
 7081 0094 03D0     		beq	.L734
 7082 0096 8023     		movs	r3, #128
 7083 0098 5B04     		lsls	r3, r3, #17
 7084 009a 9C45     		cmp	ip, r3
 7085 009c D7D1     		bne	.L729
 7086              	.L734:
 7087 009e 616C     		ldr	r1, [r4, #68]
ARM GAS  C:\Users\fastr\AppData\Local\Temp\cce7iK0f.s 			page 123


 7088 00a0 2000     		movs	r0, r4
 7089 00a2 FFF7FEFF 		bl	I2C_ITError
 7090 00a6 D2E7     		b	.L729
 7091              	.L730:
 7092 00a8 4B07     		lsls	r3, r1, #29
 7093 00aa 1CD5     		bpl	.L735
 7094 00ac 5307     		lsls	r3, r2, #29
 7095 00ae 1AD5     		bpl	.L735
 7096 00b0 638D     		ldrh	r3, [r4, #42]
 7097 00b2 002B     		cmp	r3, #0
 7098 00b4 0DD0     		beq	.L736
 7099 00b6 2368     		ldr	r3, [r4]
 7100 00b8 5A6A     		ldr	r2, [r3, #36]
 7101 00ba 636A     		ldr	r3, [r4, #36]
 7102 00bc 1A70     		strb	r2, [r3]
 7103 00be 636A     		ldr	r3, [r4, #36]
 7104 00c0 0133     		adds	r3, r3, #1
 7105 00c2 6362     		str	r3, [r4, #36]
 7106 00c4 238D     		ldrh	r3, [r4, #40]
 7107 00c6 013B     		subs	r3, r3, #1
 7108 00c8 2385     		strh	r3, [r4, #40]
 7109 00ca 638D     		ldrh	r3, [r4, #42]
 7110 00cc 013B     		subs	r3, r3, #1
 7111 00ce 9BB2     		uxth	r3, r3
 7112 00d0 6385     		strh	r3, [r4, #42]
 7113              	.L736:
 7114 00d2 638D     		ldrh	r3, [r4, #42]
 7115 00d4 002B     		cmp	r3, #0
 7116 00d6 BAD1     		bne	.L729
 7117 00d8 194B     		ldr	r3, .L754
 7118 00da 9C45     		cmp	ip, r3
 7119 00dc B7D0     		beq	.L729
 7120 00de 2000     		movs	r0, r4
 7121 00e0 FFF7FEFF 		bl	I2C_ITSlaveSeqCplt
 7122 00e4 B3E7     		b	.L729
 7123              	.L735:
 7124 00e6 0B07     		lsls	r3, r1, #28
 7125 00e8 01D5     		bpl	.L737
 7126 00ea 1307     		lsls	r3, r2, #28
 7127 00ec 15D4     		bmi	.L753
 7128              	.L737:
 7129 00ee 8907     		lsls	r1, r1, #30
 7130 00f0 ADD5     		bpl	.L729
 7131 00f2 9207     		lsls	r2, r2, #30
 7132 00f4 ABD5     		bpl	.L729
 7133 00f6 638D     		ldrh	r3, [r4, #42]
 7134 00f8 002B     		cmp	r3, #0
 7135 00fa 12D0     		beq	.L738
 7136 00fc 626A     		ldr	r2, [r4, #36]
 7137 00fe 2368     		ldr	r3, [r4]
 7138 0100 1278     		ldrb	r2, [r2]
 7139 0102 9A62     		str	r2, [r3, #40]
 7140 0104 636A     		ldr	r3, [r4, #36]
 7141 0106 0133     		adds	r3, r3, #1
 7142 0108 6362     		str	r3, [r4, #36]
 7143 010a 638D     		ldrh	r3, [r4, #42]
 7144 010c 013B     		subs	r3, r3, #1
ARM GAS  C:\Users\fastr\AppData\Local\Temp\cce7iK0f.s 			page 124


 7145 010e 9BB2     		uxth	r3, r3
 7146 0110 6385     		strh	r3, [r4, #42]
 7147 0112 238D     		ldrh	r3, [r4, #40]
 7148 0114 013B     		subs	r3, r3, #1
 7149 0116 2385     		strh	r3, [r4, #40]
 7150 0118 99E7     		b	.L729
 7151              	.L753:
 7152 011a 2000     		movs	r0, r4
 7153 011c FFF7FEFF 		bl	I2C_ITAddrCplt
 7154 0120 95E7     		b	.L729
 7155              	.L738:
 7156 0122 8023     		movs	r3, #128
 7157 0124 5B04     		lsls	r3, r3, #17
 7158 0126 9C45     		cmp	ip, r3
 7159 0128 03D0     		beq	.L739
 7160 012a 6346     		mov	r3, ip
 7161 012c 002B     		cmp	r3, #0
 7162 012e 00D0     		beq	.LCB8239
 7163 0130 8DE7     		b	.L729	@long jump
 7164              	.LCB8239:
 7165              	.L739:
 7166 0132 2000     		movs	r0, r4
 7167 0134 FFF7FEFF 		bl	I2C_ITSlaveSeqCplt
 7168 0138 89E7     		b	.L729
 7169              	.L740:
 7170 013a 0220     		movs	r0, #2
 7171 013c 8BE7     		b	.L727
 7172              	.L755:
 7173 013e C046     		.align	2
 7174              	.L754:
 7175 0140 0000FFFF 		.word	-65536
 7177              		.section	.text.I2C_ITMasterCplt,"ax",%progbits
 7178              		.align	1
 7179              		.syntax unified
 7180              		.code	16
 7181              		.thumb_func
 7183              	I2C_ITMasterCplt:
 7184              		@ args = 0, pretend = 0, frame = 8
 7185              		@ frame_needed = 0, uses_anonymous_args = 0
 7186 0000 30B5     		push	{r4, r5, lr}
 7187 0002 83B0     		sub	sp, sp, #12
 7188 0004 0400     		movs	r4, r0
 7189 0006 0D00     		movs	r5, r1
 7190 0008 0368     		ldr	r3, [r0]
 7191 000a 2022     		movs	r2, #32
 7192 000c DA61     		str	r2, [r3, #28]
 7193 000e 4123     		movs	r3, #65
 7194 0010 C35C     		ldrb	r3, [r0, r3]
 7195 0012 212B     		cmp	r3, #33
 7196 0014 2AD0     		beq	.L769
 7197 0016 4123     		movs	r3, #65
 7198 0018 C35C     		ldrb	r3, [r0, r3]
 7199 001a 222B     		cmp	r3, #34
 7200 001c 2CD0     		beq	.L770
 7201              	.L758:
 7202 001e 2268     		ldr	r2, [r4]
 7203 0020 5368     		ldr	r3, [r2, #4]
ARM GAS  C:\Users\fastr\AppData\Local\Temp\cce7iK0f.s 			page 125


 7204 0022 3C49     		ldr	r1, .L775
 7205 0024 0B40     		ands	r3, r1
 7206 0026 5360     		str	r3, [r2, #4]
 7207 0028 0023     		movs	r3, #0
 7208 002a 6363     		str	r3, [r4, #52]
 7209 002c 3A4B     		ldr	r3, .L775+4
 7210 002e E362     		str	r3, [r4, #44]
 7211 0030 2B00     		movs	r3, r5
 7212 0032 DB06     		lsls	r3, r3, #27
 7213 0034 06D5     		bpl	.L759
 7214 0036 2368     		ldr	r3, [r4]
 7215 0038 1022     		movs	r2, #16
 7216 003a DA61     		str	r2, [r3, #28]
 7217 003c 636C     		ldr	r3, [r4, #68]
 7218 003e 0C3A     		subs	r2, r2, #12
 7219 0040 1343     		orrs	r3, r2
 7220 0042 6364     		str	r3, [r4, #68]
 7221              	.L759:
 7222 0044 4123     		movs	r3, #65
 7223 0046 E35C     		ldrb	r3, [r4, r3]
 7224 0048 602B     		cmp	r3, #96
 7225 004a 1BD0     		beq	.L771
 7226              	.L760:
 7227 004c 2000     		movs	r0, r4
 7228 004e FFF7FEFF 		bl	I2C_Flush_TXDR
 7229 0052 626C     		ldr	r2, [r4, #68]
 7230 0054 4123     		movs	r3, #65
 7231 0056 E35C     		ldrb	r3, [r4, r3]
 7232 0058 602B     		cmp	r3, #96
 7233 005a 01D0     		beq	.L761
 7234 005c 002A     		cmp	r2, #0
 7235 005e 1BD0     		beq	.L762
 7236              	.L761:
 7237 0060 616C     		ldr	r1, [r4, #68]
 7238 0062 2000     		movs	r0, r4
 7239 0064 FFF7FEFF 		bl	I2C_ITError
 7240              	.L756:
 7241 0068 03B0     		add	sp, sp, #12
 7242              		@ sp needed
 7243 006a 30BD     		pop	{r4, r5, pc}
 7244              	.L769:
 7245 006c 0121     		movs	r1, #1
 7246 006e FFF7FEFF 		bl	I2C_Disable_IRQ
 7247 0072 1123     		movs	r3, #17
 7248 0074 2363     		str	r3, [r4, #48]
 7249 0076 D2E7     		b	.L758
 7250              	.L770:
 7251 0078 0221     		movs	r1, #2
 7252 007a FFF7FEFF 		bl	I2C_Disable_IRQ
 7253 007e 1223     		movs	r3, #18
 7254 0080 2363     		str	r3, [r4, #48]
 7255 0082 CCE7     		b	.L758
 7256              	.L771:
 7257 0084 2B00     		movs	r3, r5
 7258 0086 5B07     		lsls	r3, r3, #29
 7259 0088 E0D5     		bpl	.L760
 7260 008a 2368     		ldr	r3, [r4]
ARM GAS  C:\Users\fastr\AppData\Local\Temp\cce7iK0f.s 			page 126


 7261 008c 5A6A     		ldr	r2, [r3, #36]
 7262 008e FF23     		movs	r3, #255
 7263 0090 1340     		ands	r3, r2
 7264 0092 0193     		str	r3, [sp, #4]
 7265 0094 019B     		ldr	r3, [sp, #4]
 7266 0096 D9E7     		b	.L760
 7267              	.L762:
 7268 0098 4123     		movs	r3, #65
 7269 009a E35C     		ldrb	r3, [r4, r3]
 7270 009c 212B     		cmp	r3, #33
 7271 009e 15D0     		beq	.L772
 7272 00a0 4123     		movs	r3, #65
 7273 00a2 E35C     		ldrb	r3, [r4, r3]
 7274 00a4 222B     		cmp	r3, #34
 7275 00a6 DFD1     		bne	.L756
 7276 00a8 1F33     		adds	r3, r3, #31
 7277 00aa 2022     		movs	r2, #32
 7278 00ac E254     		strb	r2, [r4, r3]
 7279 00ae 0023     		movs	r3, #0
 7280 00b0 2363     		str	r3, [r4, #48]
 7281 00b2 4233     		adds	r3, r3, #66
 7282 00b4 E35C     		ldrb	r3, [r4, r3]
 7283 00b6 402B     		cmp	r3, #64
 7284 00b8 23D0     		beq	.L773
 7285 00ba 0023     		movs	r3, #0
 7286 00bc 4222     		movs	r2, #66
 7287 00be A354     		strb	r3, [r4, r2]
 7288 00c0 023A     		subs	r2, r2, #2
 7289 00c2 A354     		strb	r3, [r4, r2]
 7290 00c4 2000     		movs	r0, r4
 7291 00c6 FFF7FEFF 		bl	HAL_I2C_MasterRxCpltCallback
 7292 00ca CDE7     		b	.L756
 7293              	.L772:
 7294 00cc 2033     		adds	r3, r3, #32
 7295 00ce 2022     		movs	r2, #32
 7296 00d0 E254     		strb	r2, [r4, r3]
 7297 00d2 0023     		movs	r3, #0
 7298 00d4 2363     		str	r3, [r4, #48]
 7299 00d6 4233     		adds	r3, r3, #66
 7300 00d8 E35C     		ldrb	r3, [r4, r3]
 7301 00da 402B     		cmp	r3, #64
 7302 00dc 08D0     		beq	.L774
 7303 00de 0023     		movs	r3, #0
 7304 00e0 4222     		movs	r2, #66
 7305 00e2 A354     		strb	r3, [r4, r2]
 7306 00e4 023A     		subs	r2, r2, #2
 7307 00e6 A354     		strb	r3, [r4, r2]
 7308 00e8 2000     		movs	r0, r4
 7309 00ea FFF7FEFF 		bl	HAL_I2C_MasterTxCpltCallback
 7310 00ee BBE7     		b	.L756
 7311              	.L774:
 7312 00f0 0023     		movs	r3, #0
 7313 00f2 2232     		adds	r2, r2, #34
 7314 00f4 A354     		strb	r3, [r4, r2]
 7315 00f6 023A     		subs	r2, r2, #2
 7316 00f8 A354     		strb	r3, [r4, r2]
 7317 00fa 2000     		movs	r0, r4
ARM GAS  C:\Users\fastr\AppData\Local\Temp\cce7iK0f.s 			page 127


 7318 00fc FFF7FEFF 		bl	HAL_I2C_MemTxCpltCallback
 7319 0100 B2E7     		b	.L756
 7320              	.L773:
 7321 0102 0023     		movs	r3, #0
 7322 0104 2232     		adds	r2, r2, #34
 7323 0106 A354     		strb	r3, [r4, r2]
 7324 0108 023A     		subs	r2, r2, #2
 7325 010a A354     		strb	r3, [r4, r2]
 7326 010c 2000     		movs	r0, r4
 7327 010e FFF7FEFF 		bl	HAL_I2C_MemRxCpltCallback
 7328 0112 A9E7     		b	.L756
 7329              	.L776:
 7330              		.align	2
 7331              	.L775:
 7332 0114 00E800FE 		.word	-33495040
 7333 0118 0000FFFF 		.word	-65536
 7335              		.section	.text.I2C_Master_ISR_IT,"ax",%progbits
 7336              		.align	1
 7337              		.syntax unified
 7338              		.code	16
 7339              		.thumb_func
 7341              	I2C_Master_ISR_IT:
 7342              		@ args = 0, pretend = 0, frame = 0
 7343              		@ frame_needed = 0, uses_anonymous_args = 0
 7344 0000 70B5     		push	{r4, r5, r6, lr}
 7345 0002 82B0     		sub	sp, sp, #8
 7346 0004 0400     		movs	r4, r0
 7347 0006 0D00     		movs	r5, r1
 7348 0008 1600     		movs	r6, r2
 7349 000a 4023     		movs	r3, #64
 7350 000c C35C     		ldrb	r3, [r0, r3]
 7351 000e 012B     		cmp	r3, #1
 7352 0010 00D1     		bne	.LCB8459
 7353 0012 BAE0     		b	.L793	@long jump
 7354              	.LCB8459:
 7355 0014 0123     		movs	r3, #1
 7356 0016 4022     		movs	r2, #64
 7357 0018 8354     		strb	r3, [r0, r2]
 7358 001a 0A09     		lsrs	r2, r1, #4
 7359 001c 1342     		tst	r3, r2
 7360 001e 01D0     		beq	.L779
 7361 0020 F306     		lsls	r3, r6, #27
 7362 0022 1ED4     		bmi	.L805
 7363              	.L779:
 7364 0024 6B07     		lsls	r3, r5, #29
 7365 0026 26D5     		bpl	.L781
 7366 0028 7307     		lsls	r3, r6, #29
 7367 002a 24D5     		bpl	.L781
 7368 002c 0423     		movs	r3, #4
 7369 002e 9D43     		bics	r5, r3
 7370 0030 2368     		ldr	r3, [r4]
 7371 0032 5A6A     		ldr	r2, [r3, #36]
 7372 0034 636A     		ldr	r3, [r4, #36]
 7373 0036 1A70     		strb	r2, [r3]
 7374 0038 636A     		ldr	r3, [r4, #36]
 7375 003a 0133     		adds	r3, r3, #1
 7376 003c 6362     		str	r3, [r4, #36]
ARM GAS  C:\Users\fastr\AppData\Local\Temp\cce7iK0f.s 			page 128


 7377 003e 238D     		ldrh	r3, [r4, #40]
 7378 0040 013B     		subs	r3, r3, #1
 7379 0042 2385     		strh	r3, [r4, #40]
 7380 0044 638D     		ldrh	r3, [r4, #42]
 7381 0046 013B     		subs	r3, r3, #1
 7382 0048 9BB2     		uxth	r3, r3
 7383 004a 6385     		strh	r3, [r4, #42]
 7384              	.L780:
 7385 004c AB06     		lsls	r3, r5, #26
 7386 004e 02D5     		bpl	.L792
 7387 0050 B606     		lsls	r6, r6, #26
 7388 0052 00D5     		bpl	.LCB8512
 7389 0054 94E0     		b	.L806	@long jump
 7390              	.LCB8512:
 7391              	.L792:
 7392 0056 4023     		movs	r3, #64
 7393 0058 0022     		movs	r2, #0
 7394 005a E254     		strb	r2, [r4, r3]
 7395 005c 0020     		movs	r0, #0
 7396              	.L778:
 7397 005e 02B0     		add	sp, sp, #8
 7398              		@ sp needed
 7399 0060 70BD     		pop	{r4, r5, r6, pc}
 7400              	.L805:
 7401 0062 0368     		ldr	r3, [r0]
 7402 0064 1022     		movs	r2, #16
 7403 0066 DA61     		str	r2, [r3, #28]
 7404 0068 436C     		ldr	r3, [r0, #68]
 7405 006a 0C3A     		subs	r2, r2, #12
 7406 006c 1343     		orrs	r3, r2
 7407 006e 4364     		str	r3, [r0, #68]
 7408 0070 FFF7FEFF 		bl	I2C_Flush_TXDR
 7409 0074 EAE7     		b	.L780
 7410              	.L781:
 7411 0076 AB09     		lsrs	r3, r5, #6
 7412 0078 0122     		movs	r2, #1
 7413 007a 1100     		movs	r1, r2
 7414 007c 1940     		ands	r1, r3
 7415 007e 1A42     		tst	r2, r3
 7416 0080 15D1     		bne	.L782
 7417 0082 AB07     		lsls	r3, r5, #30
 7418 0084 13D5     		bpl	.L782
 7419 0086 B307     		lsls	r3, r6, #30
 7420 0088 11D5     		bpl	.L782
 7421 008a 638D     		ldrh	r3, [r4, #42]
 7422 008c 002B     		cmp	r3, #0
 7423 008e DDD0     		beq	.L780
 7424 0090 626A     		ldr	r2, [r4, #36]
 7425 0092 2368     		ldr	r3, [r4]
 7426 0094 1278     		ldrb	r2, [r2]
 7427 0096 9A62     		str	r2, [r3, #40]
 7428 0098 636A     		ldr	r3, [r4, #36]
 7429 009a 0133     		adds	r3, r3, #1
 7430 009c 6362     		str	r3, [r4, #36]
 7431 009e 238D     		ldrh	r3, [r4, #40]
 7432 00a0 013B     		subs	r3, r3, #1
 7433 00a2 2385     		strh	r3, [r4, #40]
ARM GAS  C:\Users\fastr\AppData\Local\Temp\cce7iK0f.s 			page 129


 7434 00a4 638D     		ldrh	r3, [r4, #42]
 7435 00a6 013B     		subs	r3, r3, #1
 7436 00a8 9BB2     		uxth	r3, r3
 7437 00aa 6385     		strh	r3, [r4, #42]
 7438 00ac CEE7     		b	.L780
 7439              	.L782:
 7440 00ae 2B06     		lsls	r3, r5, #24
 7441 00b0 45D5     		bpl	.L783
 7442 00b2 7306     		lsls	r3, r6, #25
 7443 00b4 43D5     		bpl	.L783
 7444 00b6 638D     		ldrh	r3, [r4, #42]
 7445 00b8 002B     		cmp	r3, #0
 7446 00ba 33D0     		beq	.L784
 7447 00bc 238D     		ldrh	r3, [r4, #40]
 7448 00be 002B     		cmp	r3, #0
 7449 00c0 30D1     		bne	.L784
 7450 00c2 2368     		ldr	r3, [r4]
 7451 00c4 5968     		ldr	r1, [r3, #4]
 7452 00c6 8905     		lsls	r1, r1, #22
 7453 00c8 890D     		lsrs	r1, r1, #22
 7454 00ca 628D     		ldrh	r2, [r4, #42]
 7455 00cc FF2A     		cmp	r2, #255
 7456 00ce 11D9     		bls	.L785
 7457 00d0 9B69     		ldr	r3, [r3, #24]
 7458 00d2 DB03     		lsls	r3, r3, #15
 7459 00d4 0BD5     		bpl	.L786
 7460 00d6 0123     		movs	r3, #1
 7461 00d8 2385     		strh	r3, [r4, #40]
 7462              	.L787:
 7463 00da 228D     		ldrh	r2, [r4, #40]
 7464 00dc 8023     		movs	r3, #128
 7465 00de D2B2     		uxtb	r2, r2
 7466 00e0 0020     		movs	r0, #0
 7467 00e2 0090     		str	r0, [sp]
 7468 00e4 5B04     		lsls	r3, r3, #17
 7469 00e6 2000     		movs	r0, r4
 7470 00e8 FFF7FEFF 		bl	I2C_TransferConfig
 7471 00ec AEE7     		b	.L780
 7472              	.L786:
 7473 00ee FF23     		movs	r3, #255
 7474 00f0 2385     		strh	r3, [r4, #40]
 7475 00f2 F2E7     		b	.L787
 7476              	.L785:
 7477 00f4 628D     		ldrh	r2, [r4, #42]
 7478 00f6 92B2     		uxth	r2, r2
 7479 00f8 2285     		strh	r2, [r4, #40]
 7480 00fa E06A     		ldr	r0, [r4, #44]
 7481 00fc 244B     		ldr	r3, .L807
 7482 00fe 9842     		cmp	r0, r3
 7483 0100 07D0     		beq	.L788
 7484 0102 E36A     		ldr	r3, [r4, #44]
 7485 0104 D2B2     		uxtb	r2, r2
 7486 0106 0020     		movs	r0, #0
 7487 0108 0090     		str	r0, [sp]
 7488 010a 2000     		movs	r0, r4
 7489 010c FFF7FEFF 		bl	I2C_TransferConfig
 7490 0110 9CE7     		b	.L780
ARM GAS  C:\Users\fastr\AppData\Local\Temp\cce7iK0f.s 			page 130


 7491              	.L788:
 7492 0112 8023     		movs	r3, #128
 7493 0114 D2B2     		uxtb	r2, r2
 7494 0116 0020     		movs	r0, #0
 7495 0118 0090     		str	r0, [sp]
 7496 011a 9B04     		lsls	r3, r3, #18
 7497 011c 2000     		movs	r0, r4
 7498 011e FFF7FEFF 		bl	I2C_TransferConfig
 7499 0122 93E7     		b	.L780
 7500              	.L784:
 7501 0124 2368     		ldr	r3, [r4]
 7502 0126 5B68     		ldr	r3, [r3, #4]
 7503 0128 9B01     		lsls	r3, r3, #6
 7504 012a 03D4     		bmi	.L789
 7505 012c 2000     		movs	r0, r4
 7506 012e FFF7FEFF 		bl	I2C_ITMasterSeqCplt
 7507 0132 8BE7     		b	.L780
 7508              	.L789:
 7509 0134 4021     		movs	r1, #64
 7510 0136 2000     		movs	r0, r4
 7511 0138 FFF7FEFF 		bl	I2C_ITError
 7512 013c 86E7     		b	.L780
 7513              	.L783:
 7514 013e 0029     		cmp	r1, #0
 7515 0140 00D1     		bne	.LCB8686
 7516 0142 83E7     		b	.L780	@long jump
 7517              	.LCB8686:
 7518 0144 7306     		lsls	r3, r6, #25
 7519 0146 00D4     		bmi	.LCB8691
 7520 0148 80E7     		b	.L780	@long jump
 7521              	.LCB8691:
 7522 014a 638D     		ldrh	r3, [r4, #42]
 7523 014c 002B     		cmp	r3, #0
 7524 014e 12D1     		bne	.L790
 7525 0150 2268     		ldr	r2, [r4]
 7526 0152 5368     		ldr	r3, [r2, #4]
 7527 0154 9B01     		lsls	r3, r3, #6
 7528 0156 00D5     		bpl	.LCB8701
 7529 0158 78E7     		b	.L780	@long jump
 7530              	.LCB8701:
 7531 015a E16A     		ldr	r1, [r4, #44]
 7532 015c 0C4B     		ldr	r3, .L807
 7533 015e 9942     		cmp	r1, r3
 7534 0160 05D1     		bne	.L791
 7535 0162 5168     		ldr	r1, [r2, #4]
 7536 0164 8023     		movs	r3, #128
 7537 0166 DB01     		lsls	r3, r3, #7
 7538 0168 0B43     		orrs	r3, r1
 7539 016a 5360     		str	r3, [r2, #4]
 7540 016c 6EE7     		b	.L780
 7541              	.L791:
 7542 016e 2000     		movs	r0, r4
 7543 0170 FFF7FEFF 		bl	I2C_ITMasterSeqCplt
 7544 0174 6AE7     		b	.L780
 7545              	.L790:
 7546 0176 4021     		movs	r1, #64
 7547 0178 2000     		movs	r0, r4
ARM GAS  C:\Users\fastr\AppData\Local\Temp\cce7iK0f.s 			page 131


 7548 017a FFF7FEFF 		bl	I2C_ITError
 7549 017e 65E7     		b	.L780
 7550              	.L806:
 7551 0180 2900     		movs	r1, r5
 7552 0182 2000     		movs	r0, r4
 7553 0184 FFF7FEFF 		bl	I2C_ITMasterCplt
 7554 0188 65E7     		b	.L792
 7555              	.L793:
 7556 018a 0220     		movs	r0, #2
 7557 018c 67E7     		b	.L778
 7558              	.L808:
 7559 018e C046     		.align	2
 7560              	.L807:
 7561 0190 0000FFFF 		.word	-65536
 7563              		.section	.text.I2C_Mem_ISR_DMA,"ax",%progbits
 7564              		.align	1
 7565              		.syntax unified
 7566              		.code	16
 7567              		.thumb_func
 7569              	I2C_Mem_ISR_DMA:
 7570              		@ args = 0, pretend = 0, frame = 0
 7571              		@ frame_needed = 0, uses_anonymous_args = 0
 7572 0000 10B5     		push	{r4, lr}
 7573 0002 82B0     		sub	sp, sp, #8
 7574 0004 0400     		movs	r4, r0
 7575 0006 4023     		movs	r3, #64
 7576 0008 C35C     		ldrb	r3, [r0, r3]
 7577 000a 012B     		cmp	r3, #1
 7578 000c 00D1     		bne	.LCB8755
 7579 000e CBE0     		b	.L828	@long jump
 7580              	.LCB8755:
 7581 0010 0123     		movs	r3, #1
 7582 0012 4020     		movs	r0, #64
 7583 0014 2354     		strb	r3, [r4, r0]
 7584 0016 0809     		lsrs	r0, r1, #4
 7585 0018 0342     		tst	r3, r0
 7586 001a 01D0     		beq	.L811
 7587 001c D306     		lsls	r3, r2, #27
 7588 001e 0FD4     		bmi	.L839
 7589              	.L811:
 7590 0020 8B07     		lsls	r3, r1, #30
 7591 0022 1CD5     		bpl	.L813
 7592 0024 9307     		lsls	r3, r2, #30
 7593 0026 1AD5     		bpl	.L813
 7594 0028 2368     		ldr	r3, [r4]
 7595 002a 226D     		ldr	r2, [r4, #80]
 7596 002c 9A62     		str	r2, [r3, #40]
 7597 002e 0123     		movs	r3, #1
 7598 0030 5B42     		rsbs	r3, r3, #0
 7599 0032 2365     		str	r3, [r4, #80]
 7600              	.L812:
 7601 0034 4023     		movs	r3, #64
 7602 0036 0022     		movs	r2, #0
 7603 0038 E254     		strb	r2, [r4, r3]
 7604 003a 0020     		movs	r0, #0
 7605              	.L810:
 7606 003c 02B0     		add	sp, sp, #8
ARM GAS  C:\Users\fastr\AppData\Local\Temp\cce7iK0f.s 			page 132


 7607              		@ sp needed
 7608 003e 10BD     		pop	{r4, pc}
 7609              	.L839:
 7610 0040 2368     		ldr	r3, [r4]
 7611 0042 1022     		movs	r2, #16
 7612 0044 DA61     		str	r2, [r3, #28]
 7613 0046 636C     		ldr	r3, [r4, #68]
 7614 0048 0C3A     		subs	r2, r2, #12
 7615 004a 1343     		orrs	r3, r2
 7616 004c 6364     		str	r3, [r4, #68]
 7617 004e 2021     		movs	r1, #32
 7618 0050 2000     		movs	r0, r4
 7619 0052 FFF7FEFF 		bl	I2C_Enable_IRQ
 7620 0056 2000     		movs	r0, r4
 7621 0058 FFF7FEFF 		bl	I2C_Flush_TXDR
 7622 005c EAE7     		b	.L812
 7623              	.L813:
 7624 005e 0B06     		lsls	r3, r1, #24
 7625 0060 01D5     		bpl	.L814
 7626 0062 5306     		lsls	r3, r2, #25
 7627 0064 0BD4     		bmi	.L840
 7628              	.L814:
 7629 0066 4B06     		lsls	r3, r1, #25
 7630 0068 01D5     		bpl	.L821
 7631 006a 5306     		lsls	r3, r2, #25
 7632 006c 53D4     		bmi	.L841
 7633              	.L821:
 7634 006e 8B06     		lsls	r3, r1, #26
 7635 0070 E0D5     		bpl	.L812
 7636 0072 9206     		lsls	r2, r2, #26
 7637 0074 DED5     		bpl	.L812
 7638 0076 2000     		movs	r0, r4
 7639 0078 FFF7FEFF 		bl	I2C_ITMasterCplt
 7640 007c DAE7     		b	.L812
 7641              	.L840:
 7642 007e 0121     		movs	r1, #1
 7643 0080 2000     		movs	r0, r4
 7644 0082 FFF7FEFF 		bl	I2C_Disable_IRQ
 7645 0086 1021     		movs	r1, #16
 7646 0088 2000     		movs	r0, r4
 7647 008a FFF7FEFF 		bl	I2C_Enable_IRQ
 7648 008e 638D     		ldrh	r3, [r4, #42]
 7649 0090 002B     		cmp	r3, #0
 7650 0092 3BD0     		beq	.L815
 7651 0094 638D     		ldrh	r3, [r4, #42]
 7652 0096 FF2B     		cmp	r3, #255
 7653 0098 23D9     		bls	.L816
 7654 009a 2368     		ldr	r3, [r4]
 7655 009c 9B69     		ldr	r3, [r3, #24]
 7656 009e DB03     		lsls	r3, r3, #15
 7657 00a0 1CD5     		bpl	.L817
 7658 00a2 0123     		movs	r3, #1
 7659 00a4 2385     		strh	r3, [r4, #40]
 7660              	.L818:
 7661 00a6 E16C     		ldr	r1, [r4, #76]
 7662 00a8 228D     		ldrh	r2, [r4, #40]
 7663 00aa 8023     		movs	r3, #128
ARM GAS  C:\Users\fastr\AppData\Local\Temp\cce7iK0f.s 			page 133


 7664 00ac D2B2     		uxtb	r2, r2
 7665 00ae 89B2     		uxth	r1, r1
 7666 00b0 0020     		movs	r0, #0
 7667 00b2 0090     		str	r0, [sp]
 7668 00b4 5B04     		lsls	r3, r3, #17
 7669 00b6 2000     		movs	r0, r4
 7670 00b8 FFF7FEFF 		bl	I2C_TransferConfig
 7671              	.L819:
 7672 00bc 638D     		ldrh	r3, [r4, #42]
 7673 00be 228D     		ldrh	r2, [r4, #40]
 7674 00c0 9B1A     		subs	r3, r3, r2
 7675 00c2 9BB2     		uxth	r3, r3
 7676 00c4 6385     		strh	r3, [r4, #42]
 7677 00c6 4123     		movs	r3, #65
 7678 00c8 E35C     		ldrb	r3, [r4, r3]
 7679 00ca 222B     		cmp	r3, #34
 7680 00cc 17D0     		beq	.L842
 7681 00ce 2268     		ldr	r2, [r4]
 7682 00d0 1168     		ldr	r1, [r2]
 7683 00d2 8023     		movs	r3, #128
 7684 00d4 DB01     		lsls	r3, r3, #7
 7685 00d6 0B43     		orrs	r3, r1
 7686 00d8 1360     		str	r3, [r2]
 7687 00da ABE7     		b	.L812
 7688              	.L817:
 7689 00dc FF23     		movs	r3, #255
 7690 00de 2385     		strh	r3, [r4, #40]
 7691 00e0 E1E7     		b	.L818
 7692              	.L816:
 7693 00e2 628D     		ldrh	r2, [r4, #42]
 7694 00e4 92B2     		uxth	r2, r2
 7695 00e6 2285     		strh	r2, [r4, #40]
 7696 00e8 E16C     		ldr	r1, [r4, #76]
 7697 00ea 8023     		movs	r3, #128
 7698 00ec D2B2     		uxtb	r2, r2
 7699 00ee 89B2     		uxth	r1, r1
 7700 00f0 0020     		movs	r0, #0
 7701 00f2 0090     		str	r0, [sp]
 7702 00f4 9B04     		lsls	r3, r3, #18
 7703 00f6 2000     		movs	r0, r4
 7704 00f8 FFF7FEFF 		bl	I2C_TransferConfig
 7705 00fc DEE7     		b	.L819
 7706              	.L842:
 7707 00fe 2268     		ldr	r2, [r4]
 7708 0100 1168     		ldr	r1, [r2]
 7709 0102 8023     		movs	r3, #128
 7710 0104 1B02     		lsls	r3, r3, #8
 7711 0106 0B43     		orrs	r3, r1
 7712 0108 1360     		str	r3, [r2]
 7713 010a 93E7     		b	.L812
 7714              	.L815:
 7715 010c 4021     		movs	r1, #64
 7716 010e 2000     		movs	r0, r4
 7717 0110 FFF7FEFF 		bl	I2C_ITError
 7718 0114 8EE7     		b	.L812
 7719              	.L841:
 7720 0116 0121     		movs	r1, #1
ARM GAS  C:\Users\fastr\AppData\Local\Temp\cce7iK0f.s 			page 134


 7721 0118 2000     		movs	r0, r4
 7722 011a FFF7FEFF 		bl	I2C_Disable_IRQ
 7723 011e 1021     		movs	r1, #16
 7724 0120 2000     		movs	r0, r4
 7725 0122 FFF7FEFF 		bl	I2C_Enable_IRQ
 7726 0126 4123     		movs	r3, #65
 7727 0128 E35C     		ldrb	r3, [r4, r3]
 7728 012a 222B     		cmp	r3, #34
 7729 012c 23D0     		beq	.L829
 7730 012e 1F48     		ldr	r0, .L844
 7731              	.L822:
 7732 0130 638D     		ldrh	r3, [r4, #42]
 7733 0132 FF2B     		cmp	r3, #255
 7734 0134 24D9     		bls	.L823
 7735 0136 2368     		ldr	r3, [r4]
 7736 0138 9B69     		ldr	r3, [r3, #24]
 7737 013a DB03     		lsls	r3, r3, #15
 7738 013c 1DD5     		bpl	.L824
 7739 013e 0123     		movs	r3, #1
 7740 0140 2385     		strh	r3, [r4, #40]
 7741              	.L825:
 7742 0142 E16C     		ldr	r1, [r4, #76]
 7743 0144 228D     		ldrh	r2, [r4, #40]
 7744 0146 8023     		movs	r3, #128
 7745 0148 D2B2     		uxtb	r2, r2
 7746 014a 89B2     		uxth	r1, r1
 7747 014c 0090     		str	r0, [sp]
 7748 014e 5B04     		lsls	r3, r3, #17
 7749 0150 2000     		movs	r0, r4
 7750 0152 FFF7FEFF 		bl	I2C_TransferConfig
 7751              	.L826:
 7752 0156 638D     		ldrh	r3, [r4, #42]
 7753 0158 228D     		ldrh	r2, [r4, #40]
 7754 015a 9B1A     		subs	r3, r3, r2
 7755 015c 9BB2     		uxth	r3, r3
 7756 015e 6385     		strh	r3, [r4, #42]
 7757 0160 4123     		movs	r3, #65
 7758 0162 E35C     		ldrb	r3, [r4, r3]
 7759 0164 222B     		cmp	r3, #34
 7760 0166 18D0     		beq	.L843
 7761 0168 2268     		ldr	r2, [r4]
 7762 016a 1168     		ldr	r1, [r2]
 7763 016c 8023     		movs	r3, #128
 7764 016e DB01     		lsls	r3, r3, #7
 7765 0170 0B43     		orrs	r3, r1
 7766 0172 1360     		str	r3, [r2]
 7767 0174 5EE7     		b	.L812
 7768              	.L829:
 7769 0176 0E48     		ldr	r0, .L844+4
 7770 0178 DAE7     		b	.L822
 7771              	.L824:
 7772 017a FF23     		movs	r3, #255
 7773 017c 2385     		strh	r3, [r4, #40]
 7774 017e E0E7     		b	.L825
 7775              	.L823:
 7776 0180 628D     		ldrh	r2, [r4, #42]
 7777 0182 92B2     		uxth	r2, r2
ARM GAS  C:\Users\fastr\AppData\Local\Temp\cce7iK0f.s 			page 135


 7778 0184 2285     		strh	r2, [r4, #40]
 7779 0186 E16C     		ldr	r1, [r4, #76]
 7780 0188 8023     		movs	r3, #128
 7781 018a D2B2     		uxtb	r2, r2
 7782 018c 89B2     		uxth	r1, r1
 7783 018e 0090     		str	r0, [sp]
 7784 0190 9B04     		lsls	r3, r3, #18
 7785 0192 2000     		movs	r0, r4
 7786 0194 FFF7FEFF 		bl	I2C_TransferConfig
 7787 0198 DDE7     		b	.L826
 7788              	.L843:
 7789 019a 2268     		ldr	r2, [r4]
 7790 019c 1168     		ldr	r1, [r2]
 7791 019e 8023     		movs	r3, #128
 7792 01a0 1B02     		lsls	r3, r3, #8
 7793 01a2 0B43     		orrs	r3, r1
 7794 01a4 1360     		str	r3, [r2]
 7795 01a6 45E7     		b	.L812
 7796              	.L828:
 7797 01a8 0220     		movs	r0, #2
 7798 01aa 47E7     		b	.L810
 7799              	.L845:
 7800              		.align	2
 7801              	.L844:
 7802 01ac 00200080 		.word	-2147475456
 7803 01b0 00240080 		.word	-2147474432
 7805              		.section	.text.I2C_Slave_ISR_DMA,"ax",%progbits
 7806              		.align	1
 7807              		.syntax unified
 7808              		.code	16
 7809              		.thumb_func
 7811              	I2C_Slave_ISR_DMA:
 7812              		@ args = 0, pretend = 0, frame = 0
 7813              		@ frame_needed = 0, uses_anonymous_args = 0
 7814 0000 70B5     		push	{r4, r5, r6, lr}
 7815 0002 0400     		movs	r4, r0
 7816 0004 C36A     		ldr	r3, [r0, #44]
 7817 0006 9C46     		mov	ip, r3
 7818 0008 4023     		movs	r3, #64
 7819 000a C35C     		ldrb	r3, [r0, r3]
 7820 000c 012B     		cmp	r3, #1
 7821 000e 00D1     		bne	.LCB9075
 7822 0010 89E0     		b	.L864	@long jump
 7823              	.LCB9075:
 7824 0012 0123     		movs	r3, #1
 7825 0014 4020     		movs	r0, #64
 7826 0016 2354     		strb	r3, [r4, r0]
 7827 0018 4809     		lsrs	r0, r1, #5
 7828 001a 0342     		tst	r3, r0
 7829 001c 01D0     		beq	.L848
 7830 001e 9306     		lsls	r3, r2, #26
 7831 0020 1CD4     		bmi	.L871
 7832              	.L848:
 7833 0022 CB06     		lsls	r3, r1, #27
 7834 0024 72D5     		bpl	.L850
 7835 0026 D306     		lsls	r3, r2, #27
 7836 0028 70D5     		bpl	.L850
ARM GAS  C:\Users\fastr\AppData\Local\Temp\cce7iK0f.s 			page 136


 7837 002a 930B     		lsrs	r3, r2, #14
 7838 002c 0120     		movs	r0, #1
 7839 002e 0500     		movs	r5, r0
 7840 0030 1D40     		ands	r5, r3
 7841 0032 2E00     		movs	r6, r5
 7842 0034 1842     		tst	r0, r3
 7843 0036 01D1     		bne	.L851
 7844 0038 1304     		lsls	r3, r2, #16
 7845 003a 63D5     		bpl	.L852
 7846              	.L851:
 7847 003c E36B     		ldr	r3, [r4, #60]
 7848 003e 002B     		cmp	r3, #0
 7849 0040 10D0     		beq	.L865
 7850 0042 D20B     		lsrs	r2, r2, #15
 7851 0044 0120     		movs	r0, #1
 7852 0046 0500     		movs	r5, r0
 7853 0048 1540     		ands	r5, r2
 7854 004a 1042     		tst	r0, r2
 7855 004c 0BD0     		beq	.L853
 7856 004e 1B68     		ldr	r3, [r3]
 7857 0050 5B68     		ldr	r3, [r3, #4]
 7858 0052 002B     		cmp	r3, #0
 7859 0054 07D0     		beq	.L853
 7860 0056 0023     		movs	r3, #0
 7861 0058 1D00     		movs	r5, r3
 7862 005a 04E0     		b	.L853
 7863              	.L871:
 7864 005c 2000     		movs	r0, r4
 7865 005e FFF7FEFF 		bl	I2C_ITSlaveCplt
 7866 0062 57E0     		b	.L849
 7867              	.L865:
 7868 0064 1D00     		movs	r5, r3
 7869              	.L853:
 7870 0066 A36B     		ldr	r3, [r4, #56]
 7871 0068 002B     		cmp	r3, #0
 7872 006a 05D0     		beq	.L854
 7873 006c 002E     		cmp	r6, #0
 7874 006e 03D0     		beq	.L854
 7875 0070 1B68     		ldr	r3, [r3]
 7876 0072 5B68     		ldr	r3, [r3, #4]
 7877 0074 002B     		cmp	r3, #0
 7878 0076 1DD0     		beq	.L855
 7879              	.L854:
 7880 0078 012D     		cmp	r5, #1
 7881 007a 1BD0     		beq	.L855
 7882 007c 2368     		ldr	r3, [r4]
 7883 007e 1022     		movs	r2, #16
 7884 0080 DA61     		str	r2, [r3, #28]
 7885 0082 636C     		ldr	r3, [r4, #68]
 7886 0084 0C3A     		subs	r2, r2, #12
 7887 0086 1343     		orrs	r3, r2
 7888 0088 6364     		str	r3, [r4, #68]
 7889 008a 4123     		movs	r3, #65
 7890 008c E35C     		ldrb	r3, [r4, r3]
 7891 008e DBB2     		uxtb	r3, r3
 7892 0090 6246     		mov	r2, ip
 7893 0092 002A     		cmp	r2, #0
ARM GAS  C:\Users\fastr\AppData\Local\Temp\cce7iK0f.s 			page 137


 7894 0094 03D0     		beq	.L859
 7895 0096 8022     		movs	r2, #128
 7896 0098 5204     		lsls	r2, r2, #17
 7897 009a 9445     		cmp	ip, r2
 7898 009c 3AD1     		bne	.L849
 7899              	.L859:
 7900 009e 212B     		cmp	r3, #33
 7901 00a0 29D0     		beq	.L860
 7902 00a2 292B     		cmp	r3, #41
 7903 00a4 27D0     		beq	.L860
 7904 00a6 222B     		cmp	r3, #34
 7905 00a8 01D0     		beq	.L863
 7906 00aa 2A2B     		cmp	r3, #42
 7907 00ac 25D1     		bne	.L862
 7908              	.L863:
 7909 00ae 2223     		movs	r3, #34
 7910 00b0 2363     		str	r3, [r4, #48]
 7911 00b2 22E0     		b	.L862
 7912              	.L855:
 7913 00b4 4123     		movs	r3, #65
 7914 00b6 E35C     		ldrb	r3, [r4, r3]
 7915 00b8 282B     		cmp	r3, #40
 7916 00ba 07D0     		beq	.L872
 7917              	.L857:
 7918 00bc 4123     		movs	r3, #65
 7919 00be E35C     		ldrb	r3, [r4, r3]
 7920 00c0 292B     		cmp	r3, #41
 7921 00c2 0BD0     		beq	.L873
 7922              	.L858:
 7923 00c4 2368     		ldr	r3, [r4]
 7924 00c6 1022     		movs	r2, #16
 7925 00c8 DA61     		str	r2, [r3, #28]
 7926 00ca 23E0     		b	.L849
 7927              	.L872:
 7928 00cc 8023     		movs	r3, #128
 7929 00ce 9B04     		lsls	r3, r3, #18
 7930 00d0 9C45     		cmp	ip, r3
 7931 00d2 F3D1     		bne	.L857
 7932 00d4 2000     		movs	r0, r4
 7933 00d6 FFF7FEFF 		bl	I2C_ITListenCplt
 7934 00da 1BE0     		b	.L849
 7935              	.L873:
 7936 00dc 134B     		ldr	r3, .L875
 7937 00de 9C45     		cmp	ip, r3
 7938 00e0 F0D0     		beq	.L858
 7939 00e2 2368     		ldr	r3, [r4]
 7940 00e4 1022     		movs	r2, #16
 7941 00e6 DA61     		str	r2, [r3, #28]
 7942 00e8 2000     		movs	r0, r4
 7943 00ea FFF7FEFF 		bl	I2C_Flush_TXDR
 7944 00ee 2000     		movs	r0, r4
 7945 00f0 FFF7FEFF 		bl	I2C_ITSlaveSeqCplt
 7946 00f4 0EE0     		b	.L849
 7947              	.L860:
 7948 00f6 2123     		movs	r3, #33
 7949 00f8 2363     		str	r3, [r4, #48]
 7950              	.L862:
ARM GAS  C:\Users\fastr\AppData\Local\Temp\cce7iK0f.s 			page 138


 7951 00fa 616C     		ldr	r1, [r4, #68]
 7952 00fc 2000     		movs	r0, r4
 7953 00fe FFF7FEFF 		bl	I2C_ITError
 7954 0102 07E0     		b	.L849
 7955              	.L852:
 7956 0104 2368     		ldr	r3, [r4]
 7957 0106 1022     		movs	r2, #16
 7958 0108 DA61     		str	r2, [r3, #28]
 7959 010a 03E0     		b	.L849
 7960              	.L850:
 7961 010c 0B07     		lsls	r3, r1, #28
 7962 010e 01D5     		bpl	.L849
 7963 0110 1207     		lsls	r2, r2, #28
 7964 0112 04D4     		bmi	.L874
 7965              	.L849:
 7966 0114 4023     		movs	r3, #64
 7967 0116 0022     		movs	r2, #0
 7968 0118 E254     		strb	r2, [r4, r3]
 7969 011a 0020     		movs	r0, #0
 7970              	.L847:
 7971              		@ sp needed
 7972 011c 70BD     		pop	{r4, r5, r6, pc}
 7973              	.L874:
 7974 011e 2000     		movs	r0, r4
 7975 0120 FFF7FEFF 		bl	I2C_ITAddrCplt
 7976 0124 F6E7     		b	.L849
 7977              	.L864:
 7978 0126 0220     		movs	r0, #2
 7979 0128 F8E7     		b	.L847
 7980              	.L876:
 7981 012a C046     		.align	2
 7982              	.L875:
 7983 012c 0000FFFF 		.word	-65536
 7985              		.section	.text.I2C_Master_ISR_DMA,"ax",%progbits
 7986              		.align	1
 7987              		.syntax unified
 7988              		.code	16
 7989              		.thumb_func
 7991              	I2C_Master_ISR_DMA:
 7992              		@ args = 0, pretend = 0, frame = 0
 7993              		@ frame_needed = 0, uses_anonymous_args = 0
 7994 0000 10B5     		push	{r4, lr}
 7995 0002 82B0     		sub	sp, sp, #8
 7996 0004 0400     		movs	r4, r0
 7997 0006 4023     		movs	r3, #64
 7998 0008 C35C     		ldrb	r3, [r0, r3]
 7999 000a 012B     		cmp	r3, #1
 8000 000c 00D1     		bne	.LCB9299
 8001 000e 97E0     		b	.L891	@long jump
 8002              	.LCB9299:
 8003 0010 0123     		movs	r3, #1
 8004 0012 4020     		movs	r0, #64
 8005 0014 2354     		strb	r3, [r4, r0]
 8006 0016 0809     		lsrs	r0, r1, #4
 8007 0018 0342     		tst	r3, r0
 8008 001a 01D0     		beq	.L879
 8009 001c D306     		lsls	r3, r2, #27
ARM GAS  C:\Users\fastr\AppData\Local\Temp\cce7iK0f.s 			page 139


 8010 001e 1BD4     		bmi	.L901
 8011              	.L879:
 8012 0020 0B06     		lsls	r3, r1, #24
 8013 0022 00D4     		bmi	.LCB9317
 8014 0024 66E0     		b	.L881	@long jump
 8015              	.LCB9317:
 8016 0026 5306     		lsls	r3, r2, #25
 8017 0028 64D5     		bpl	.L881
 8018 002a 2268     		ldr	r2, [r4]
 8019 002c 1368     		ldr	r3, [r2]
 8020 002e 4021     		movs	r1, #64
 8021 0030 8B43     		bics	r3, r1
 8022 0032 1360     		str	r3, [r2]
 8023 0034 638D     		ldrh	r3, [r4, #42]
 8024 0036 002B     		cmp	r3, #0
 8025 0038 4FD0     		beq	.L882
 8026 003a 2368     		ldr	r3, [r4]
 8027 003c 5968     		ldr	r1, [r3, #4]
 8028 003e 8905     		lsls	r1, r1, #22
 8029 0040 890D     		lsrs	r1, r1, #22
 8030 0042 628D     		ldrh	r2, [r4, #42]
 8031 0044 FF2A     		cmp	r2, #255
 8032 0046 20D9     		bls	.L883
 8033 0048 9B69     		ldr	r3, [r3, #24]
 8034 004a DB03     		lsls	r3, r3, #15
 8035 004c 18D5     		bpl	.L884
 8036 004e 0123     		movs	r3, #1
 8037 0050 2385     		strh	r3, [r4, #40]
 8038 0052 8023     		movs	r3, #128
 8039 0054 5B04     		lsls	r3, r3, #17
 8040 0056 1FE0     		b	.L885
 8041              	.L901:
 8042 0058 2368     		ldr	r3, [r4]
 8043 005a 1022     		movs	r2, #16
 8044 005c DA61     		str	r2, [r3, #28]
 8045 005e 636C     		ldr	r3, [r4, #68]
 8046 0060 0C3A     		subs	r2, r2, #12
 8047 0062 1343     		orrs	r3, r2
 8048 0064 6364     		str	r3, [r4, #68]
 8049 0066 2021     		movs	r1, #32
 8050 0068 2000     		movs	r0, r4
 8051 006a FFF7FEFF 		bl	I2C_Enable_IRQ
 8052 006e 2000     		movs	r0, r4
 8053 0070 FFF7FEFF 		bl	I2C_Flush_TXDR
 8054              	.L880:
 8055 0074 4023     		movs	r3, #64
 8056 0076 0022     		movs	r2, #0
 8057 0078 E254     		strb	r2, [r4, r3]
 8058 007a 0020     		movs	r0, #0
 8059              	.L878:
 8060 007c 02B0     		add	sp, sp, #8
 8061              		@ sp needed
 8062 007e 10BD     		pop	{r4, pc}
 8063              	.L884:
 8064 0080 FF23     		movs	r3, #255
 8065 0082 2385     		strh	r3, [r4, #40]
 8066 0084 8023     		movs	r3, #128
ARM GAS  C:\Users\fastr\AppData\Local\Temp\cce7iK0f.s 			page 140


 8067 0086 5B04     		lsls	r3, r3, #17
 8068 0088 06E0     		b	.L885
 8069              	.L883:
 8070 008a 638D     		ldrh	r3, [r4, #42]
 8071 008c 2385     		strh	r3, [r4, #40]
 8072 008e E26A     		ldr	r2, [r4, #44]
 8073 0090 2C4B     		ldr	r3, .L903
 8074 0092 9A42     		cmp	r2, r3
 8075 0094 17D0     		beq	.L892
 8076 0096 E36A     		ldr	r3, [r4, #44]
 8077              	.L885:
 8078 0098 228D     		ldrh	r2, [r4, #40]
 8079 009a D2B2     		uxtb	r2, r2
 8080 009c 0020     		movs	r0, #0
 8081 009e 0090     		str	r0, [sp]
 8082 00a0 2000     		movs	r0, r4
 8083 00a2 FFF7FEFF 		bl	I2C_TransferConfig
 8084 00a6 638D     		ldrh	r3, [r4, #42]
 8085 00a8 228D     		ldrh	r2, [r4, #40]
 8086 00aa 9B1A     		subs	r3, r3, r2
 8087 00ac 9BB2     		uxth	r3, r3
 8088 00ae 6385     		strh	r3, [r4, #42]
 8089 00b0 4123     		movs	r3, #65
 8090 00b2 E35C     		ldrb	r3, [r4, r3]
 8091 00b4 222B     		cmp	r3, #34
 8092 00b6 09D0     		beq	.L902
 8093 00b8 2268     		ldr	r2, [r4]
 8094 00ba 1168     		ldr	r1, [r2]
 8095 00bc 8023     		movs	r3, #128
 8096 00be DB01     		lsls	r3, r3, #7
 8097 00c0 0B43     		orrs	r3, r1
 8098 00c2 1360     		str	r3, [r2]
 8099 00c4 D6E7     		b	.L880
 8100              	.L892:
 8101 00c6 8023     		movs	r3, #128
 8102 00c8 9B04     		lsls	r3, r3, #18
 8103 00ca E5E7     		b	.L885
 8104              	.L902:
 8105 00cc 2268     		ldr	r2, [r4]
 8106 00ce 1168     		ldr	r1, [r2]
 8107 00d0 8023     		movs	r3, #128
 8108 00d2 1B02     		lsls	r3, r3, #8
 8109 00d4 0B43     		orrs	r3, r1
 8110 00d6 1360     		str	r3, [r2]
 8111 00d8 CCE7     		b	.L880
 8112              	.L882:
 8113 00da 2368     		ldr	r3, [r4]
 8114 00dc 5B68     		ldr	r3, [r3, #4]
 8115 00de 9B01     		lsls	r3, r3, #6
 8116 00e0 03D4     		bmi	.L887
 8117 00e2 2000     		movs	r0, r4
 8118 00e4 FFF7FEFF 		bl	I2C_ITMasterSeqCplt
 8119 00e8 C4E7     		b	.L880
 8120              	.L887:
 8121 00ea 4021     		movs	r1, #64
 8122 00ec 2000     		movs	r0, r4
 8123 00ee FFF7FEFF 		bl	I2C_ITError
ARM GAS  C:\Users\fastr\AppData\Local\Temp\cce7iK0f.s 			page 141


 8124 00f2 BFE7     		b	.L880
 8125              	.L881:
 8126 00f4 4B06     		lsls	r3, r1, #25
 8127 00f6 1BD5     		bpl	.L888
 8128 00f8 5306     		lsls	r3, r2, #25
 8129 00fa 19D5     		bpl	.L888
 8130 00fc 638D     		ldrh	r3, [r4, #42]
 8131 00fe 002B     		cmp	r3, #0
 8132 0100 11D1     		bne	.L889
 8133 0102 2268     		ldr	r2, [r4]
 8134 0104 5368     		ldr	r3, [r2, #4]
 8135 0106 9B01     		lsls	r3, r3, #6
 8136 0108 B4D4     		bmi	.L880
 8137 010a E16A     		ldr	r1, [r4, #44]
 8138 010c 0D4B     		ldr	r3, .L903
 8139 010e 9942     		cmp	r1, r3
 8140 0110 05D1     		bne	.L890
 8141 0112 5168     		ldr	r1, [r2, #4]
 8142 0114 8023     		movs	r3, #128
 8143 0116 DB01     		lsls	r3, r3, #7
 8144 0118 0B43     		orrs	r3, r1
 8145 011a 5360     		str	r3, [r2, #4]
 8146 011c AAE7     		b	.L880
 8147              	.L890:
 8148 011e 2000     		movs	r0, r4
 8149 0120 FFF7FEFF 		bl	I2C_ITMasterSeqCplt
 8150 0124 A6E7     		b	.L880
 8151              	.L889:
 8152 0126 4021     		movs	r1, #64
 8153 0128 2000     		movs	r0, r4
 8154 012a FFF7FEFF 		bl	I2C_ITError
 8155 012e A1E7     		b	.L880
 8156              	.L888:
 8157 0130 8B06     		lsls	r3, r1, #26
 8158 0132 9FD5     		bpl	.L880
 8159 0134 9206     		lsls	r2, r2, #26
 8160 0136 9DD5     		bpl	.L880
 8161 0138 2000     		movs	r0, r4
 8162 013a FFF7FEFF 		bl	I2C_ITMasterCplt
 8163 013e 99E7     		b	.L880
 8164              	.L891:
 8165 0140 0220     		movs	r0, #2
 8166 0142 9BE7     		b	.L878
 8167              	.L904:
 8168              		.align	2
 8169              	.L903:
 8170 0144 0000FFFF 		.word	-65536
 8172              		.section	.text.I2C_DMAError,"ax",%progbits
 8173              		.align	1
 8174              		.syntax unified
 8175              		.code	16
 8176              		.thumb_func
 8178              	I2C_DMAError:
 8179              		@ args = 0, pretend = 0, frame = 0
 8180              		@ frame_needed = 0, uses_anonymous_args = 0
 8181 0000 10B5     		push	{r4, lr}
 8182 0002 406A     		ldr	r0, [r0, #36]
ARM GAS  C:\Users\fastr\AppData\Local\Temp\cce7iK0f.s 			page 142


 8183 0004 0268     		ldr	r2, [r0]
 8184 0006 5168     		ldr	r1, [r2, #4]
 8185 0008 8023     		movs	r3, #128
 8186 000a 1B02     		lsls	r3, r3, #8
 8187 000c 0B43     		orrs	r3, r1
 8188 000e 5360     		str	r3, [r2, #4]
 8189 0010 1021     		movs	r1, #16
 8190 0012 FFF7FEFF 		bl	I2C_ITError
 8191              		@ sp needed
 8192 0016 10BD     		pop	{r4, pc}
 8194              		.section	.text.I2C_DMAMasterTransmitCplt,"ax",%progbits
 8195              		.align	1
 8196              		.syntax unified
 8197              		.code	16
 8198              		.thumb_func
 8200              	I2C_DMAMasterTransmitCplt:
 8201              		@ args = 0, pretend = 0, frame = 0
 8202              		@ frame_needed = 0, uses_anonymous_args = 0
 8203 0000 10B5     		push	{r4, lr}
 8204 0002 446A     		ldr	r4, [r0, #36]
 8205 0004 2268     		ldr	r2, [r4]
 8206 0006 1368     		ldr	r3, [r2]
 8207 0008 1449     		ldr	r1, .L913
 8208 000a 0B40     		ands	r3, r1
 8209 000c 1360     		str	r3, [r2]
 8210 000e 638D     		ldrh	r3, [r4, #42]
 8211 0010 002B     		cmp	r3, #0
 8212 0012 15D0     		beq	.L912
 8213 0014 616A     		ldr	r1, [r4, #36]
 8214 0016 238D     		ldrh	r3, [r4, #40]
 8215 0018 C918     		adds	r1, r1, r3
 8216 001a 6162     		str	r1, [r4, #36]
 8217 001c 638D     		ldrh	r3, [r4, #42]
 8218 001e FF2B     		cmp	r3, #255
 8219 0020 13D9     		bls	.L909
 8220 0022 FF23     		movs	r3, #255
 8221 0024 2385     		strh	r3, [r4, #40]
 8222              	.L910:
 8223 0026 2268     		ldr	r2, [r4]
 8224 0028 2832     		adds	r2, r2, #40
 8225 002a 238D     		ldrh	r3, [r4, #40]
 8226 002c A06B     		ldr	r0, [r4, #56]
 8227 002e FFF7FEFF 		bl	HAL_DMA_Start_IT
 8228 0032 0028     		cmp	r0, #0
 8229 0034 0CD0     		beq	.L911
 8230 0036 1021     		movs	r1, #16
 8231 0038 2000     		movs	r0, r4
 8232 003a FFF7FEFF 		bl	I2C_ITError
 8233              	.L906:
 8234              		@ sp needed
 8235 003e 10BD     		pop	{r4, pc}
 8236              	.L912:
 8237 0040 2021     		movs	r1, #32
 8238 0042 2000     		movs	r0, r4
 8239 0044 FFF7FEFF 		bl	I2C_Enable_IRQ
 8240 0048 F9E7     		b	.L906
 8241              	.L909:
ARM GAS  C:\Users\fastr\AppData\Local\Temp\cce7iK0f.s 			page 143


 8242 004a 638D     		ldrh	r3, [r4, #42]
 8243 004c 2385     		strh	r3, [r4, #40]
 8244 004e EAE7     		b	.L910
 8245              	.L911:
 8246 0050 4021     		movs	r1, #64
 8247 0052 2000     		movs	r0, r4
 8248 0054 FFF7FEFF 		bl	I2C_Enable_IRQ
 8249 0058 F1E7     		b	.L906
 8250              	.L914:
 8251 005a C046     		.align	2
 8252              	.L913:
 8253 005c FFBFFFFF 		.word	-16385
 8255              		.section	.text.I2C_DMAMasterReceiveCplt,"ax",%progbits
 8256              		.align	1
 8257              		.syntax unified
 8258              		.code	16
 8259              		.thumb_func
 8261              	I2C_DMAMasterReceiveCplt:
 8262              		@ args = 0, pretend = 0, frame = 0
 8263              		@ frame_needed = 0, uses_anonymous_args = 0
 8264 0000 10B5     		push	{r4, lr}
 8265 0002 446A     		ldr	r4, [r0, #36]
 8266 0004 2268     		ldr	r2, [r4]
 8267 0006 1368     		ldr	r3, [r2]
 8268 0008 1749     		ldr	r1, .L923
 8269 000a 0B40     		ands	r3, r1
 8270 000c 1360     		str	r3, [r2]
 8271 000e 638D     		ldrh	r3, [r4, #42]
 8272 0010 002B     		cmp	r3, #0
 8273 0012 0DD0     		beq	.L922
 8274 0014 626A     		ldr	r2, [r4, #36]
 8275 0016 238D     		ldrh	r3, [r4, #40]
 8276 0018 D218     		adds	r2, r2, r3
 8277 001a 6262     		str	r2, [r4, #36]
 8278 001c 638D     		ldrh	r3, [r4, #42]
 8279 001e FF2B     		cmp	r3, #255
 8280 0020 0ED9     		bls	.L918
 8281 0022 2368     		ldr	r3, [r4]
 8282 0024 9B69     		ldr	r3, [r3, #24]
 8283 0026 DB03     		lsls	r3, r3, #15
 8284 0028 07D5     		bpl	.L919
 8285 002a 0123     		movs	r3, #1
 8286 002c 2385     		strh	r3, [r4, #40]
 8287 002e 09E0     		b	.L920
 8288              	.L922:
 8289 0030 2021     		movs	r1, #32
 8290 0032 2000     		movs	r0, r4
 8291 0034 FFF7FEFF 		bl	I2C_Enable_IRQ
 8292 0038 10E0     		b	.L915
 8293              	.L919:
 8294 003a FF23     		movs	r3, #255
 8295 003c 2385     		strh	r3, [r4, #40]
 8296 003e 01E0     		b	.L920
 8297              	.L918:
 8298 0040 638D     		ldrh	r3, [r4, #42]
 8299 0042 2385     		strh	r3, [r4, #40]
 8300              	.L920:
ARM GAS  C:\Users\fastr\AppData\Local\Temp\cce7iK0f.s 			page 144


 8301 0044 2168     		ldr	r1, [r4]
 8302 0046 2431     		adds	r1, r1, #36
 8303 0048 238D     		ldrh	r3, [r4, #40]
 8304 004a E06B     		ldr	r0, [r4, #60]
 8305 004c FFF7FEFF 		bl	HAL_DMA_Start_IT
 8306 0050 0028     		cmp	r0, #0
 8307 0052 04D0     		beq	.L921
 8308 0054 1021     		movs	r1, #16
 8309 0056 2000     		movs	r0, r4
 8310 0058 FFF7FEFF 		bl	I2C_ITError
 8311              	.L915:
 8312              		@ sp needed
 8313 005c 10BD     		pop	{r4, pc}
 8314              	.L921:
 8315 005e 4021     		movs	r1, #64
 8316 0060 2000     		movs	r0, r4
 8317 0062 FFF7FEFF 		bl	I2C_Enable_IRQ
 8318 0066 F9E7     		b	.L915
 8319              	.L924:
 8320              		.align	2
 8321              	.L923:
 8322 0068 FF7FFFFF 		.word	-32769
 8324              		.section	.text.I2C_Mem_ISR_IT,"ax",%progbits
 8325              		.align	1
 8326              		.syntax unified
 8327              		.code	16
 8328              		.thumb_func
 8330              	I2C_Mem_ISR_IT:
 8331              		@ args = 0, pretend = 0, frame = 0
 8332              		@ frame_needed = 0, uses_anonymous_args = 0
 8333 0000 70B5     		push	{r4, r5, r6, lr}
 8334 0002 82B0     		sub	sp, sp, #8
 8335 0004 0400     		movs	r4, r0
 8336 0006 0D00     		movs	r5, r1
 8337 0008 1600     		movs	r6, r2
 8338 000a 4023     		movs	r3, #64
 8339 000c C35C     		ldrb	r3, [r0, r3]
 8340 000e 012B     		cmp	r3, #1
 8341 0010 00D1     		bne	.LCB9732
 8342 0012 C0E0     		b	.L942	@long jump
 8343              	.LCB9732:
 8344 0014 0123     		movs	r3, #1
 8345 0016 4022     		movs	r2, #64
 8346 0018 8354     		strb	r3, [r0, r2]
 8347 001a 0A09     		lsrs	r2, r1, #4
 8348 001c 1342     		tst	r3, r2
 8349 001e 01D0     		beq	.L927
 8350 0020 F306     		lsls	r3, r6, #27
 8351 0022 1ED4     		bmi	.L955
 8352              	.L927:
 8353 0024 6B07     		lsls	r3, r5, #29
 8354 0026 26D5     		bpl	.L929
 8355 0028 7307     		lsls	r3, r6, #29
 8356 002a 24D5     		bpl	.L929
 8357 002c 0423     		movs	r3, #4
 8358 002e 9D43     		bics	r5, r3
 8359 0030 2368     		ldr	r3, [r4]
ARM GAS  C:\Users\fastr\AppData\Local\Temp\cce7iK0f.s 			page 145


 8360 0032 5A6A     		ldr	r2, [r3, #36]
 8361 0034 636A     		ldr	r3, [r4, #36]
 8362 0036 1A70     		strb	r2, [r3]
 8363 0038 636A     		ldr	r3, [r4, #36]
 8364 003a 0133     		adds	r3, r3, #1
 8365 003c 6362     		str	r3, [r4, #36]
 8366 003e 238D     		ldrh	r3, [r4, #40]
 8367 0040 013B     		subs	r3, r3, #1
 8368 0042 2385     		strh	r3, [r4, #40]
 8369 0044 638D     		ldrh	r3, [r4, #42]
 8370 0046 013B     		subs	r3, r3, #1
 8371 0048 9BB2     		uxth	r3, r3
 8372 004a 6385     		strh	r3, [r4, #42]
 8373              	.L928:
 8374 004c AB06     		lsls	r3, r5, #26
 8375 004e 02D5     		bpl	.L941
 8376 0050 B606     		lsls	r6, r6, #26
 8377 0052 00D5     		bpl	.LCB9785
 8378 0054 9AE0     		b	.L956	@long jump
 8379              	.LCB9785:
 8380              	.L941:
 8381 0056 4023     		movs	r3, #64
 8382 0058 0022     		movs	r2, #0
 8383 005a E254     		strb	r2, [r4, r3]
 8384 005c 0020     		movs	r0, #0
 8385              	.L926:
 8386 005e 02B0     		add	sp, sp, #8
 8387              		@ sp needed
 8388 0060 70BD     		pop	{r4, r5, r6, pc}
 8389              	.L955:
 8390 0062 0368     		ldr	r3, [r0]
 8391 0064 1022     		movs	r2, #16
 8392 0066 DA61     		str	r2, [r3, #28]
 8393 0068 436C     		ldr	r3, [r0, #68]
 8394 006a 0C3A     		subs	r2, r2, #12
 8395 006c 1343     		orrs	r3, r2
 8396 006e 4364     		str	r3, [r0, #68]
 8397 0070 FFF7FEFF 		bl	I2C_Flush_TXDR
 8398 0074 EAE7     		b	.L928
 8399              	.L929:
 8400 0076 AB07     		lsls	r3, r5, #30
 8401 0078 1AD5     		bpl	.L930
 8402 007a B307     		lsls	r3, r6, #30
 8403 007c 18D5     		bpl	.L930
 8404 007e 236D     		ldr	r3, [r4, #80]
 8405 0080 0133     		adds	r3, r3, #1
 8406 0082 06D0     		beq	.L957
 8407 0084 2368     		ldr	r3, [r4]
 8408 0086 226D     		ldr	r2, [r4, #80]
 8409 0088 9A62     		str	r2, [r3, #40]
 8410 008a 0123     		movs	r3, #1
 8411 008c 5B42     		rsbs	r3, r3, #0
 8412 008e 2365     		str	r3, [r4, #80]
 8413 0090 DCE7     		b	.L928
 8414              	.L957:
 8415 0092 626A     		ldr	r2, [r4, #36]
 8416 0094 2368     		ldr	r3, [r4]
ARM GAS  C:\Users\fastr\AppData\Local\Temp\cce7iK0f.s 			page 146


 8417 0096 1278     		ldrb	r2, [r2]
 8418 0098 9A62     		str	r2, [r3, #40]
 8419 009a 636A     		ldr	r3, [r4, #36]
 8420 009c 0133     		adds	r3, r3, #1
 8421 009e 6362     		str	r3, [r4, #36]
 8422 00a0 238D     		ldrh	r3, [r4, #40]
 8423 00a2 013B     		subs	r3, r3, #1
 8424 00a4 2385     		strh	r3, [r4, #40]
 8425 00a6 638D     		ldrh	r3, [r4, #42]
 8426 00a8 013B     		subs	r3, r3, #1
 8427 00aa 9BB2     		uxth	r3, r3
 8428 00ac 6385     		strh	r3, [r4, #42]
 8429 00ae CDE7     		b	.L928
 8430              	.L930:
 8431 00b0 2B06     		lsls	r3, r5, #24
 8432 00b2 32D5     		bpl	.L932
 8433 00b4 7306     		lsls	r3, r6, #25
 8434 00b6 30D5     		bpl	.L932
 8435 00b8 638D     		ldrh	r3, [r4, #42]
 8436 00ba 002B     		cmp	r3, #0
 8437 00bc 28D0     		beq	.L933
 8438 00be 238D     		ldrh	r3, [r4, #40]
 8439 00c0 002B     		cmp	r3, #0
 8440 00c2 25D1     		bne	.L933
 8441 00c4 638D     		ldrh	r3, [r4, #42]
 8442 00c6 FF2B     		cmp	r3, #255
 8443 00c8 14D9     		bls	.L934
 8444 00ca 2368     		ldr	r3, [r4]
 8445 00cc 9B69     		ldr	r3, [r3, #24]
 8446 00ce DB03     		lsls	r3, r3, #15
 8447 00d0 0DD5     		bpl	.L935
 8448 00d2 0123     		movs	r3, #1
 8449 00d4 2385     		strh	r3, [r4, #40]
 8450              	.L936:
 8451 00d6 E16C     		ldr	r1, [r4, #76]
 8452 00d8 228D     		ldrh	r2, [r4, #40]
 8453 00da 8023     		movs	r3, #128
 8454 00dc D2B2     		uxtb	r2, r2
 8455 00de 89B2     		uxth	r1, r1
 8456 00e0 0020     		movs	r0, #0
 8457 00e2 0090     		str	r0, [sp]
 8458 00e4 5B04     		lsls	r3, r3, #17
 8459 00e6 2000     		movs	r0, r4
 8460 00e8 FFF7FEFF 		bl	I2C_TransferConfig
 8461 00ec AEE7     		b	.L928
 8462              	.L935:
 8463 00ee FF23     		movs	r3, #255
 8464 00f0 2385     		strh	r3, [r4, #40]
 8465 00f2 F0E7     		b	.L936
 8466              	.L934:
 8467 00f4 628D     		ldrh	r2, [r4, #42]
 8468 00f6 92B2     		uxth	r2, r2
 8469 00f8 2285     		strh	r2, [r4, #40]
 8470 00fa E16C     		ldr	r1, [r4, #76]
 8471 00fc 8023     		movs	r3, #128
 8472 00fe D2B2     		uxtb	r2, r2
 8473 0100 89B2     		uxth	r1, r1
ARM GAS  C:\Users\fastr\AppData\Local\Temp\cce7iK0f.s 			page 147


 8474 0102 0020     		movs	r0, #0
 8475 0104 0090     		str	r0, [sp]
 8476 0106 9B04     		lsls	r3, r3, #18
 8477 0108 2000     		movs	r0, r4
 8478 010a FFF7FEFF 		bl	I2C_TransferConfig
 8479 010e 9DE7     		b	.L928
 8480              	.L933:
 8481 0110 4021     		movs	r1, #64
 8482 0112 2000     		movs	r0, r4
 8483 0114 FFF7FEFF 		bl	I2C_ITError
 8484 0118 98E7     		b	.L928
 8485              	.L932:
 8486 011a 6B06     		lsls	r3, r5, #25
 8487 011c 00D4     		bmi	.LCB9939
 8488 011e 95E7     		b	.L928	@long jump
 8489              	.LCB9939:
 8490 0120 7306     		lsls	r3, r6, #25
 8491 0122 00D4     		bmi	.LCB9944
 8492 0124 92E7     		b	.L928	@long jump
 8493              	.LCB9944:
 8494 0126 0121     		movs	r1, #1
 8495 0128 2000     		movs	r0, r4
 8496 012a FFF7FEFF 		bl	I2C_Disable_IRQ
 8497 012e 0221     		movs	r1, #2
 8498 0130 2000     		movs	r0, r4
 8499 0132 FFF7FEFF 		bl	I2C_Enable_IRQ
 8500 0136 4123     		movs	r3, #65
 8501 0138 E35C     		ldrb	r3, [r4, r3]
 8502 013a 222B     		cmp	r3, #34
 8503 013c 14D0     		beq	.L943
 8504 013e 1748     		ldr	r0, .L958
 8505              	.L937:
 8506 0140 638D     		ldrh	r3, [r4, #42]
 8507 0142 FF2B     		cmp	r3, #255
 8508 0144 15D9     		bls	.L938
 8509 0146 2368     		ldr	r3, [r4]
 8510 0148 9B69     		ldr	r3, [r3, #24]
 8511 014a DB03     		lsls	r3, r3, #15
 8512 014c 0ED5     		bpl	.L939
 8513 014e 0123     		movs	r3, #1
 8514 0150 2385     		strh	r3, [r4, #40]
 8515              	.L940:
 8516 0152 E16C     		ldr	r1, [r4, #76]
 8517 0154 228D     		ldrh	r2, [r4, #40]
 8518 0156 8023     		movs	r3, #128
 8519 0158 D2B2     		uxtb	r2, r2
 8520 015a 89B2     		uxth	r1, r1
 8521 015c 0090     		str	r0, [sp]
 8522 015e 5B04     		lsls	r3, r3, #17
 8523 0160 2000     		movs	r0, r4
 8524 0162 FFF7FEFF 		bl	I2C_TransferConfig
 8525 0166 71E7     		b	.L928
 8526              	.L943:
 8527 0168 0D48     		ldr	r0, .L958+4
 8528 016a E9E7     		b	.L937
 8529              	.L939:
 8530 016c FF23     		movs	r3, #255
ARM GAS  C:\Users\fastr\AppData\Local\Temp\cce7iK0f.s 			page 148


 8531 016e 2385     		strh	r3, [r4, #40]
 8532 0170 EFE7     		b	.L940
 8533              	.L938:
 8534 0172 628D     		ldrh	r2, [r4, #42]
 8535 0174 92B2     		uxth	r2, r2
 8536 0176 2285     		strh	r2, [r4, #40]
 8537 0178 E16C     		ldr	r1, [r4, #76]
 8538 017a 8023     		movs	r3, #128
 8539 017c D2B2     		uxtb	r2, r2
 8540 017e 89B2     		uxth	r1, r1
 8541 0180 0090     		str	r0, [sp]
 8542 0182 9B04     		lsls	r3, r3, #18
 8543 0184 2000     		movs	r0, r4
 8544 0186 FFF7FEFF 		bl	I2C_TransferConfig
 8545 018a 5FE7     		b	.L928
 8546              	.L956:
 8547 018c 2900     		movs	r1, r5
 8548 018e 2000     		movs	r0, r4
 8549 0190 FFF7FEFF 		bl	I2C_ITMasterCplt
 8550 0194 5FE7     		b	.L941
 8551              	.L942:
 8552 0196 0220     		movs	r0, #2
 8553 0198 61E7     		b	.L926
 8554              	.L959:
 8555 019a C046     		.align	2
 8556              	.L958:
 8557 019c 00200080 		.word	-2147475456
 8558 01a0 00240080 		.word	-2147474432
 8560              		.section	.text.HAL_I2C_ER_IRQHandler,"ax",%progbits
 8561              		.align	1
 8562              		.global	HAL_I2C_ER_IRQHandler
 8563              		.syntax unified
 8564              		.code	16
 8565              		.thumb_func
 8567              	HAL_I2C_ER_IRQHandler:
 8568              		@ args = 0, pretend = 0, frame = 0
 8569              		@ frame_needed = 0, uses_anonymous_args = 0
 8570 0000 70B5     		push	{r4, r5, r6, lr}
 8571 0002 0268     		ldr	r2, [r0]
 8572 0004 9369     		ldr	r3, [r2, #24]
 8573 0006 1168     		ldr	r1, [r2]
 8574 0008 DC05     		lsls	r4, r3, #23
 8575 000a 08D5     		bpl	.L961
 8576 000c 0C06     		lsls	r4, r1, #24
 8577 000e 06D5     		bpl	.L961
 8578 0010 446C     		ldr	r4, [r0, #68]
 8579 0012 0125     		movs	r5, #1
 8580 0014 2C43     		orrs	r4, r5
 8581 0016 4464     		str	r4, [r0, #68]
 8582 0018 8024     		movs	r4, #128
 8583 001a 6400     		lsls	r4, r4, #1
 8584 001c D461     		str	r4, [r2, #28]
 8585              	.L961:
 8586 001e 5A05     		lsls	r2, r3, #21
 8587 0020 09D5     		bpl	.L962
 8588 0022 0A06     		lsls	r2, r1, #24
 8589 0024 07D5     		bpl	.L962
ARM GAS  C:\Users\fastr\AppData\Local\Temp\cce7iK0f.s 			page 149


 8590 0026 426C     		ldr	r2, [r0, #68]
 8591 0028 0824     		movs	r4, #8
 8592 002a 2243     		orrs	r2, r4
 8593 002c 4264     		str	r2, [r0, #68]
 8594 002e 0268     		ldr	r2, [r0]
 8595 0030 8024     		movs	r4, #128
 8596 0032 E400     		lsls	r4, r4, #3
 8597 0034 D461     		str	r4, [r2, #28]
 8598              	.L962:
 8599 0036 9B05     		lsls	r3, r3, #22
 8600 0038 09D5     		bpl	.L963
 8601 003a 0906     		lsls	r1, r1, #24
 8602 003c 07D5     		bpl	.L963
 8603 003e 436C     		ldr	r3, [r0, #68]
 8604 0040 0222     		movs	r2, #2
 8605 0042 1343     		orrs	r3, r2
 8606 0044 4364     		str	r3, [r0, #68]
 8607 0046 0368     		ldr	r3, [r0]
 8608 0048 FF32     		adds	r2, r2, #255
 8609 004a FF32     		adds	r2, r2, #255
 8610 004c DA61     		str	r2, [r3, #28]
 8611              	.L963:
 8612 004e 416C     		ldr	r1, [r0, #68]
 8613 0050 0B23     		movs	r3, #11
 8614 0052 0B42     		tst	r3, r1
 8615 0054 00D1     		bne	.L971
 8616              	.L960:
 8617              		@ sp needed
 8618 0056 70BD     		pop	{r4, r5, r6, pc}
 8619              	.L971:
 8620 0058 FFF7FEFF 		bl	I2C_ITError
 8621 005c FBE7     		b	.L960
 8623              		.section	.text.I2C_DMAAbort,"ax",%progbits
 8624              		.align	1
 8625              		.syntax unified
 8626              		.code	16
 8627              		.thumb_func
 8629              	I2C_DMAAbort:
 8630              		@ args = 0, pretend = 0, frame = 0
 8631              		@ frame_needed = 0, uses_anonymous_args = 0
 8632 0000 10B5     		push	{r4, lr}
 8633 0002 406A     		ldr	r0, [r0, #36]
 8634 0004 836B     		ldr	r3, [r0, #56]
 8635 0006 002B     		cmp	r3, #0
 8636 0008 01D0     		beq	.L973
 8637 000a 0022     		movs	r2, #0
 8638 000c 5A63     		str	r2, [r3, #52]
 8639              	.L973:
 8640 000e C36B     		ldr	r3, [r0, #60]
 8641 0010 002B     		cmp	r3, #0
 8642 0012 01D0     		beq	.L974
 8643 0014 0022     		movs	r2, #0
 8644 0016 5A63     		str	r2, [r3, #52]
 8645              	.L974:
 8646 0018 FFF7FEFF 		bl	I2C_TreatErrorCallback
 8647              		@ sp needed
 8648 001c 10BD     		pop	{r4, pc}
ARM GAS  C:\Users\fastr\AppData\Local\Temp\cce7iK0f.s 			page 150


 8650              		.section	.text.HAL_I2C_GetState,"ax",%progbits
 8651              		.align	1
 8652              		.global	HAL_I2C_GetState
 8653              		.syntax unified
 8654              		.code	16
 8655              		.thumb_func
 8657              	HAL_I2C_GetState:
 8658              		@ args = 0, pretend = 0, frame = 0
 8659              		@ frame_needed = 0, uses_anonymous_args = 0
 8660              		@ link register save eliminated.
 8661 0000 4123     		movs	r3, #65
 8662 0002 C05C     		ldrb	r0, [r0, r3]
 8663 0004 C0B2     		uxtb	r0, r0
 8664              		@ sp needed
 8665 0006 7047     		bx	lr
 8667              		.section	.text.HAL_I2C_GetMode,"ax",%progbits
 8668              		.align	1
 8669              		.global	HAL_I2C_GetMode
 8670              		.syntax unified
 8671              		.code	16
 8672              		.thumb_func
 8674              	HAL_I2C_GetMode:
 8675              		@ args = 0, pretend = 0, frame = 0
 8676              		@ frame_needed = 0, uses_anonymous_args = 0
 8677              		@ link register save eliminated.
 8678 0000 4223     		movs	r3, #66
 8679 0002 C05C     		ldrb	r0, [r0, r3]
 8680 0004 C0B2     		uxtb	r0, r0
 8681              		@ sp needed
 8682 0006 7047     		bx	lr
 8684              		.section	.text.HAL_I2C_GetError,"ax",%progbits
 8685              		.align	1
 8686              		.global	HAL_I2C_GetError
 8687              		.syntax unified
 8688              		.code	16
 8689              		.thumb_func
 8691              	HAL_I2C_GetError:
 8692              		@ args = 0, pretend = 0, frame = 0
 8693              		@ frame_needed = 0, uses_anonymous_args = 0
 8694              		@ link register save eliminated.
 8695 0000 406C     		ldr	r0, [r0, #68]
 8696              		@ sp needed
 8697 0002 7047     		bx	lr
 8699              		.ident	"GCC: (xPack GNU Arm Embedded GCC x86_64) 15.2.1 20251203"
ARM GAS  C:\Users\fastr\AppData\Local\Temp\cce7iK0f.s 			page 151


DEFINED SYMBOLS
                            *ABS*:00000000 stm32f0xx_hal_i2c.c
C:\Users\fastr\AppData\Local\Temp\cce7iK0f.s:16     .text.I2C_Flush_TXDR:00000000 $t
C:\Users\fastr\AppData\Local\Temp\cce7iK0f.s:21     .text.I2C_Flush_TXDR:00000000 I2C_Flush_TXDR
C:\Users\fastr\AppData\Local\Temp\cce7iK0f.s:45     .text.I2C_TransferConfig:00000000 $t
C:\Users\fastr\AppData\Local\Temp\cce7iK0f.s:50     .text.I2C_TransferConfig:00000000 I2C_TransferConfig
C:\Users\fastr\AppData\Local\Temp\cce7iK0f.s:83     .text.I2C_TransferConfig:00000034 $d
C:\Users\fastr\AppData\Local\Temp\cce7iK0f.s:86     .text.I2C_Enable_IRQ:00000000 $t
C:\Users\fastr\AppData\Local\Temp\cce7iK0f.s:91     .text.I2C_Enable_IRQ:00000000 I2C_Enable_IRQ
C:\Users\fastr\AppData\Local\Temp\cce7iK0f.s:182    .text.I2C_Enable_IRQ:00000088 $d
C:\Users\fastr\AppData\Local\Temp\cce7iK0f.s:7991   .text.I2C_Master_ISR_DMA:00000000 I2C_Master_ISR_DMA
C:\Users\fastr\AppData\Local\Temp\cce7iK0f.s:7811   .text.I2C_Slave_ISR_DMA:00000000 I2C_Slave_ISR_DMA
C:\Users\fastr\AppData\Local\Temp\cce7iK0f.s:7569   .text.I2C_Mem_ISR_DMA:00000000 I2C_Mem_ISR_DMA
C:\Users\fastr\AppData\Local\Temp\cce7iK0f.s:187    .text.I2C_Disable_IRQ:00000000 $t
C:\Users\fastr\AppData\Local\Temp\cce7iK0f.s:192    .text.I2C_Disable_IRQ:00000000 I2C_Disable_IRQ
C:\Users\fastr\AppData\Local\Temp\cce7iK0f.s:263    .text.I2C_ConvertOtherXferOptions:00000000 $t
C:\Users\fastr\AppData\Local\Temp\cce7iK0f.s:268    .text.I2C_ConvertOtherXferOptions:00000000 I2C_ConvertOtherXferOptions
C:\Users\fastr\AppData\Local\Temp\cce7iK0f.s:294    .text.I2C_IsErrorOccurred:00000000 $t
C:\Users\fastr\AppData\Local\Temp\cce7iK0f.s:299    .text.I2C_IsErrorOccurred:00000000 I2C_IsErrorOccurred
C:\Users\fastr\AppData\Local\Temp\cce7iK0f.s:453    .text.I2C_IsErrorOccurred:00000114 $d
C:\Users\fastr\AppData\Local\Temp\cce7iK0f.s:456    .text.I2C_WaitOnTXISFlagUntilTimeout:00000000 $t
C:\Users\fastr\AppData\Local\Temp\cce7iK0f.s:461    .text.I2C_WaitOnTXISFlagUntilTimeout:00000000 I2C_WaitOnTXISFlagUntilTimeout
C:\Users\fastr\AppData\Local\Temp\cce7iK0f.s:515    .text.I2C_WaitOnFlagUntilTimeout:00000000 $t
C:\Users\fastr\AppData\Local\Temp\cce7iK0f.s:520    .text.I2C_WaitOnFlagUntilTimeout:00000000 I2C_WaitOnFlagUntilTimeout
C:\Users\fastr\AppData\Local\Temp\cce7iK0f.s:594    .text.I2C_RequestMemoryWrite:00000000 $t
C:\Users\fastr\AppData\Local\Temp\cce7iK0f.s:599    .text.I2C_RequestMemoryWrite:00000000 I2C_RequestMemoryWrite
C:\Users\fastr\AppData\Local\Temp\cce7iK0f.s:667    .text.I2C_RequestMemoryWrite:00000078 $d
C:\Users\fastr\AppData\Local\Temp\cce7iK0f.s:670    .text.I2C_RequestMemoryRead:00000000 $t
C:\Users\fastr\AppData\Local\Temp\cce7iK0f.s:675    .text.I2C_RequestMemoryRead:00000000 I2C_RequestMemoryRead
C:\Users\fastr\AppData\Local\Temp\cce7iK0f.s:741    .text.I2C_RequestMemoryRead:00000074 $d
C:\Users\fastr\AppData\Local\Temp\cce7iK0f.s:744    .text.I2C_WaitOnSTOPFlagUntilTimeout:00000000 $t
C:\Users\fastr\AppData\Local\Temp\cce7iK0f.s:749    .text.I2C_WaitOnSTOPFlagUntilTimeout:00000000 I2C_WaitOnSTOPFlagUntilTimeout
C:\Users\fastr\AppData\Local\Temp\cce7iK0f.s:804    .text.I2C_WaitOnRXNEFlagUntilTimeout:00000000 $t
C:\Users\fastr\AppData\Local\Temp\cce7iK0f.s:809    .text.I2C_WaitOnRXNEFlagUntilTimeout:00000000 I2C_WaitOnRXNEFlagUntilTimeout
C:\Users\fastr\AppData\Local\Temp\cce7iK0f.s:898    .text.I2C_WaitOnRXNEFlagUntilTimeout:0000009c $d
C:\Users\fastr\AppData\Local\Temp\cce7iK0f.s:901    .text.HAL_I2C_MspInit:00000000 $t
C:\Users\fastr\AppData\Local\Temp\cce7iK0f.s:907    .text.HAL_I2C_MspInit:00000000 HAL_I2C_MspInit
C:\Users\fastr\AppData\Local\Temp\cce7iK0f.s:915    .text.HAL_I2C_Init:00000000 $t
C:\Users\fastr\AppData\Local\Temp\cce7iK0f.s:921    .text.HAL_I2C_Init:00000000 HAL_I2C_Init
C:\Users\fastr\AppData\Local\Temp\cce7iK0f.s:1037   .text.HAL_I2C_Init:000000cc $d
C:\Users\fastr\AppData\Local\Temp\cce7iK0f.s:1043   .text.HAL_I2C_MspDeInit:00000000 $t
C:\Users\fastr\AppData\Local\Temp\cce7iK0f.s:1049   .text.HAL_I2C_MspDeInit:00000000 HAL_I2C_MspDeInit
C:\Users\fastr\AppData\Local\Temp\cce7iK0f.s:1057   .text.HAL_I2C_DeInit:00000000 $t
C:\Users\fastr\AppData\Local\Temp\cce7iK0f.s:1063   .text.HAL_I2C_DeInit:00000000 HAL_I2C_DeInit
C:\Users\fastr\AppData\Local\Temp\cce7iK0f.s:1095   .text.HAL_I2C_Master_Transmit:00000000 $t
C:\Users\fastr\AppData\Local\Temp\cce7iK0f.s:1101   .text.HAL_I2C_Master_Transmit:00000000 HAL_I2C_Master_Transmit
C:\Users\fastr\AppData\Local\Temp\cce7iK0f.s:1312   .text.HAL_I2C_Master_Transmit:0000018c $d
C:\Users\fastr\AppData\Local\Temp\cce7iK0f.s:1316   .text.HAL_I2C_Master_Receive:00000000 $t
C:\Users\fastr\AppData\Local\Temp\cce7iK0f.s:1322   .text.HAL_I2C_Master_Receive:00000000 HAL_I2C_Master_Receive
C:\Users\fastr\AppData\Local\Temp\cce7iK0f.s:1512   .text.HAL_I2C_Master_Receive:00000164 $d
C:\Users\fastr\AppData\Local\Temp\cce7iK0f.s:1516   .text.HAL_I2C_Slave_Transmit:00000000 $t
C:\Users\fastr\AppData\Local\Temp\cce7iK0f.s:1522   .text.HAL_I2C_Slave_Transmit:00000000 HAL_I2C_Slave_Transmit
C:\Users\fastr\AppData\Local\Temp\cce7iK0f.s:1796   .text.HAL_I2C_Slave_Transmit:00000204 $d
C:\Users\fastr\AppData\Local\Temp\cce7iK0f.s:1799   .text.HAL_I2C_Slave_Receive:00000000 $t
C:\Users\fastr\AppData\Local\Temp\cce7iK0f.s:1805   .text.HAL_I2C_Slave_Receive:00000000 HAL_I2C_Slave_Receive
C:\Users\fastr\AppData\Local\Temp\cce7iK0f.s:2019   .text.HAL_I2C_Slave_Receive:00000190 $d
C:\Users\fastr\AppData\Local\Temp\cce7iK0f.s:2022   .text.HAL_I2C_Master_Transmit_IT:00000000 $t
ARM GAS  C:\Users\fastr\AppData\Local\Temp\cce7iK0f.s 			page 152


C:\Users\fastr\AppData\Local\Temp\cce7iK0f.s:2028   .text.HAL_I2C_Master_Transmit_IT:00000000 HAL_I2C_Master_Transmit_IT
C:\Users\fastr\AppData\Local\Temp\cce7iK0f.s:2133   .text.HAL_I2C_Master_Transmit_IT:000000bc $d
C:\Users\fastr\AppData\Local\Temp\cce7iK0f.s:7341   .text.I2C_Master_ISR_IT:00000000 I2C_Master_ISR_IT
C:\Users\fastr\AppData\Local\Temp\cce7iK0f.s:2138   .text.HAL_I2C_Master_Receive_IT:00000000 $t
C:\Users\fastr\AppData\Local\Temp\cce7iK0f.s:2144   .text.HAL_I2C_Master_Receive_IT:00000000 HAL_I2C_Master_Receive_IT
C:\Users\fastr\AppData\Local\Temp\cce7iK0f.s:2222   .text.HAL_I2C_Master_Receive_IT:00000088 $d
C:\Users\fastr\AppData\Local\Temp\cce7iK0f.s:2227   .text.HAL_I2C_Slave_Transmit_IT:00000000 $t
C:\Users\fastr\AppData\Local\Temp\cce7iK0f.s:2233   .text.HAL_I2C_Slave_Transmit_IT:00000000 HAL_I2C_Slave_Transmit_IT
C:\Users\fastr\AppData\Local\Temp\cce7iK0f.s:2310   .text.HAL_I2C_Slave_Transmit_IT:00000084 $d
C:\Users\fastr\AppData\Local\Temp\cce7iK0f.s:6997   .text.I2C_Slave_ISR_IT:00000000 I2C_Slave_ISR_IT
C:\Users\fastr\AppData\Local\Temp\cce7iK0f.s:2316   .text.HAL_I2C_Slave_Receive_IT:00000000 $t
C:\Users\fastr\AppData\Local\Temp\cce7iK0f.s:2322   .text.HAL_I2C_Slave_Receive_IT:00000000 HAL_I2C_Slave_Receive_IT
C:\Users\fastr\AppData\Local\Temp\cce7iK0f.s:2378   .text.HAL_I2C_Slave_Receive_IT:00000060 $d
C:\Users\fastr\AppData\Local\Temp\cce7iK0f.s:2384   .text.HAL_I2C_Master_Transmit_DMA:00000000 $t
C:\Users\fastr\AppData\Local\Temp\cce7iK0f.s:2390   .text.HAL_I2C_Master_Transmit_DMA:00000000 HAL_I2C_Master_Transmit_DMA
C:\Users\fastr\AppData\Local\Temp\cce7iK0f.s:2588   .text.HAL_I2C_Master_Transmit_DMA:0000016c $d
C:\Users\fastr\AppData\Local\Temp\cce7iK0f.s:8200   .text.I2C_DMAMasterTransmitCplt:00000000 I2C_DMAMasterTransmitCplt
C:\Users\fastr\AppData\Local\Temp\cce7iK0f.s:8178   .text.I2C_DMAError:00000000 I2C_DMAError
C:\Users\fastr\AppData\Local\Temp\cce7iK0f.s:2596   .text.HAL_I2C_Master_Receive_DMA:00000000 $t
C:\Users\fastr\AppData\Local\Temp\cce7iK0f.s:2602   .text.HAL_I2C_Master_Receive_DMA:00000000 HAL_I2C_Master_Receive_DMA
C:\Users\fastr\AppData\Local\Temp\cce7iK0f.s:2774   .text.HAL_I2C_Master_Receive_DMA:0000013c $d
C:\Users\fastr\AppData\Local\Temp\cce7iK0f.s:8261   .text.I2C_DMAMasterReceiveCplt:00000000 I2C_DMAMasterReceiveCplt
C:\Users\fastr\AppData\Local\Temp\cce7iK0f.s:2782   .text.HAL_I2C_Slave_Transmit_DMA:00000000 $t
C:\Users\fastr\AppData\Local\Temp\cce7iK0f.s:2788   .text.HAL_I2C_Slave_Transmit_DMA:00000000 HAL_I2C_Slave_Transmit_DMA
C:\Users\fastr\AppData\Local\Temp\cce7iK0f.s:2955   .text.HAL_I2C_Slave_Transmit_DMA:00000130 $d
C:\Users\fastr\AppData\Local\Temp\cce7iK0f.s:6225   .text.I2C_DMASlaveTransmitCplt:00000000 I2C_DMASlaveTransmitCplt
C:\Users\fastr\AppData\Local\Temp\cce7iK0f.s:2962   .text.HAL_I2C_Slave_Receive_DMA:00000000 $t
C:\Users\fastr\AppData\Local\Temp\cce7iK0f.s:2968   .text.HAL_I2C_Slave_Receive_DMA:00000000 HAL_I2C_Slave_Receive_DMA
C:\Users\fastr\AppData\Local\Temp\cce7iK0f.s:3100   .text.HAL_I2C_Slave_Receive_DMA:000000f4 $d
C:\Users\fastr\AppData\Local\Temp\cce7iK0f.s:6258   .text.I2C_DMASlaveReceiveCplt:00000000 I2C_DMASlaveReceiveCplt
C:\Users\fastr\AppData\Local\Temp\cce7iK0f.s:3107   .text.HAL_I2C_Mem_Write:00000000 $t
C:\Users\fastr\AppData\Local\Temp\cce7iK0f.s:3113   .text.HAL_I2C_Mem_Write:00000000 HAL_I2C_Mem_Write
C:\Users\fastr\AppData\Local\Temp\cce7iK0f.s:3337   .text.HAL_I2C_Mem_Write:000001a8 $d
C:\Users\fastr\AppData\Local\Temp\cce7iK0f.s:3340   .text.HAL_I2C_Mem_Read:00000000 $t
C:\Users\fastr\AppData\Local\Temp\cce7iK0f.s:3346   .text.HAL_I2C_Mem_Read:00000000 HAL_I2C_Mem_Read
C:\Users\fastr\AppData\Local\Temp\cce7iK0f.s:3572   .text.HAL_I2C_Mem_Read:000001ac $d
C:\Users\fastr\AppData\Local\Temp\cce7iK0f.s:3576   .text.HAL_I2C_Mem_Write_IT:00000000 $t
C:\Users\fastr\AppData\Local\Temp\cce7iK0f.s:3582   .text.HAL_I2C_Mem_Write_IT:00000000 HAL_I2C_Mem_Write_IT
C:\Users\fastr\AppData\Local\Temp\cce7iK0f.s:3685   .text.HAL_I2C_Mem_Write_IT:000000b8 $d
C:\Users\fastr\AppData\Local\Temp\cce7iK0f.s:8330   .text.I2C_Mem_ISR_IT:00000000 I2C_Mem_ISR_IT
C:\Users\fastr\AppData\Local\Temp\cce7iK0f.s:3690   .text.HAL_I2C_Mem_Read_IT:00000000 $t
C:\Users\fastr\AppData\Local\Temp\cce7iK0f.s:3696   .text.HAL_I2C_Mem_Read_IT:00000000 HAL_I2C_Mem_Read_IT
C:\Users\fastr\AppData\Local\Temp\cce7iK0f.s:3797   .text.HAL_I2C_Mem_Read_IT:000000b4 $d
C:\Users\fastr\AppData\Local\Temp\cce7iK0f.s:3802   .text.HAL_I2C_Mem_Write_DMA:00000000 $t
C:\Users\fastr\AppData\Local\Temp\cce7iK0f.s:3808   .text.HAL_I2C_Mem_Write_DMA:00000000 HAL_I2C_Mem_Write_DMA
C:\Users\fastr\AppData\Local\Temp\cce7iK0f.s:3982   .text.HAL_I2C_Mem_Write_DMA:00000138 $d
C:\Users\fastr\AppData\Local\Temp\cce7iK0f.s:3989   .text.HAL_I2C_Mem_Read_DMA:00000000 $t
C:\Users\fastr\AppData\Local\Temp\cce7iK0f.s:3995   .text.HAL_I2C_Mem_Read_DMA:00000000 HAL_I2C_Mem_Read_DMA
C:\Users\fastr\AppData\Local\Temp\cce7iK0f.s:4169   .text.HAL_I2C_Mem_Read_DMA:00000138 $d
C:\Users\fastr\AppData\Local\Temp\cce7iK0f.s:4176   .text.HAL_I2C_IsDeviceReady:00000000 $t
C:\Users\fastr\AppData\Local\Temp\cce7iK0f.s:4182   .text.HAL_I2C_IsDeviceReady:00000000 HAL_I2C_IsDeviceReady
C:\Users\fastr\AppData\Local\Temp\cce7iK0f.s:4361   .text.HAL_I2C_IsDeviceReady:00000140 $d
C:\Users\fastr\AppData\Local\Temp\cce7iK0f.s:4365   .text.HAL_I2C_Master_Seq_Transmit_IT:00000000 $t
C:\Users\fastr\AppData\Local\Temp\cce7iK0f.s:4371   .text.HAL_I2C_Master_Seq_Transmit_IT:00000000 HAL_I2C_Master_Seq_Transmit_IT
C:\Users\fastr\AppData\Local\Temp\cce7iK0f.s:4526   .text.HAL_I2C_Master_Seq_Transmit_IT:00000110 $d
C:\Users\fastr\AppData\Local\Temp\cce7iK0f.s:4530   .text.HAL_I2C_Master_Seq_Transmit_DMA:00000000 $t
C:\Users\fastr\AppData\Local\Temp\cce7iK0f.s:4536   .text.HAL_I2C_Master_Seq_Transmit_DMA:00000000 HAL_I2C_Master_Seq_Transmit_DMA
ARM GAS  C:\Users\fastr\AppData\Local\Temp\cce7iK0f.s 			page 153


C:\Users\fastr\AppData\Local\Temp\cce7iK0f.s:4800   .text.HAL_I2C_Master_Seq_Transmit_DMA:000001e4 $d
C:\Users\fastr\AppData\Local\Temp\cce7iK0f.s:4807   .text.HAL_I2C_Master_Seq_Receive_IT:00000000 $t
C:\Users\fastr\AppData\Local\Temp\cce7iK0f.s:4813   .text.HAL_I2C_Master_Seq_Receive_IT:00000000 HAL_I2C_Master_Seq_Receive_IT
C:\Users\fastr\AppData\Local\Temp\cce7iK0f.s:4913   .text.HAL_I2C_Master_Seq_Receive_IT:000000b0 $d
C:\Users\fastr\AppData\Local\Temp\cce7iK0f.s:4917   .text.HAL_I2C_Master_Seq_Receive_DMA:00000000 $t
C:\Users\fastr\AppData\Local\Temp\cce7iK0f.s:4923   .text.HAL_I2C_Master_Seq_Receive_DMA:00000000 HAL_I2C_Master_Seq_Receive_DMA
C:\Users\fastr\AppData\Local\Temp\cce7iK0f.s:5121   .text.HAL_I2C_Master_Seq_Receive_DMA:00000170 $d
C:\Users\fastr\AppData\Local\Temp\cce7iK0f.s:5128   .text.HAL_I2C_Slave_Seq_Transmit_IT:00000000 $t
C:\Users\fastr\AppData\Local\Temp\cce7iK0f.s:5134   .text.HAL_I2C_Slave_Seq_Transmit_IT:00000000 HAL_I2C_Slave_Seq_Transmit_IT
C:\Users\fastr\AppData\Local\Temp\cce7iK0f.s:5251   .text.HAL_I2C_Slave_Seq_Transmit_IT:000000d4 $d
C:\Users\fastr\AppData\Local\Temp\cce7iK0f.s:8629   .text.I2C_DMAAbort:00000000 I2C_DMAAbort
C:\Users\fastr\AppData\Local\Temp\cce7iK0f.s:5257   .text.HAL_I2C_Slave_Seq_Transmit_DMA:00000000 $t
C:\Users\fastr\AppData\Local\Temp\cce7iK0f.s:5263   .text.HAL_I2C_Slave_Seq_Transmit_DMA:00000000 HAL_I2C_Slave_Seq_Transmit_DMA
C:\Users\fastr\AppData\Local\Temp\cce7iK0f.s:5481   .text.HAL_I2C_Slave_Seq_Transmit_DMA:00000198 $d
C:\Users\fastr\AppData\Local\Temp\cce7iK0f.s:5490   .text.HAL_I2C_Slave_Seq_Receive_IT:00000000 $t
C:\Users\fastr\AppData\Local\Temp\cce7iK0f.s:5496   .text.HAL_I2C_Slave_Seq_Receive_IT:00000000 HAL_I2C_Slave_Seq_Receive_IT
C:\Users\fastr\AppData\Local\Temp\cce7iK0f.s:5613   .text.HAL_I2C_Slave_Seq_Receive_IT:000000d4 $d
C:\Users\fastr\AppData\Local\Temp\cce7iK0f.s:5620   .text.HAL_I2C_Slave_Seq_Receive_DMA:00000000 $t
C:\Users\fastr\AppData\Local\Temp\cce7iK0f.s:5626   .text.HAL_I2C_Slave_Seq_Receive_DMA:00000000 HAL_I2C_Slave_Seq_Receive_DMA
C:\Users\fastr\AppData\Local\Temp\cce7iK0f.s:5844   .text.HAL_I2C_Slave_Seq_Receive_DMA:00000198 $d
C:\Users\fastr\AppData\Local\Temp\cce7iK0f.s:5853   .text.HAL_I2C_EnableListen_IT:00000000 $t
C:\Users\fastr\AppData\Local\Temp\cce7iK0f.s:5859   .text.HAL_I2C_EnableListen_IT:00000000 HAL_I2C_EnableListen_IT
C:\Users\fastr\AppData\Local\Temp\cce7iK0f.s:5885   .text.HAL_I2C_EnableListen_IT:00000024 $d
C:\Users\fastr\AppData\Local\Temp\cce7iK0f.s:5888   .text.HAL_I2C_DisableListen_IT:00000000 $t
C:\Users\fastr\AppData\Local\Temp\cce7iK0f.s:5894   .text.HAL_I2C_DisableListen_IT:00000000 HAL_I2C_DisableListen_IT
C:\Users\fastr\AppData\Local\Temp\cce7iK0f.s:5929   .text.HAL_I2C_Master_Abort_IT:00000000 $t
C:\Users\fastr\AppData\Local\Temp\cce7iK0f.s:5935   .text.HAL_I2C_Master_Abort_IT:00000000 HAL_I2C_Master_Abort_IT
C:\Users\fastr\AppData\Local\Temp\cce7iK0f.s:6011   .text.HAL_I2C_Master_Abort_IT:00000084 $d
C:\Users\fastr\AppData\Local\Temp\cce7iK0f.s:6014   .text.HAL_I2C_EV_IRQHandler:00000000 $t
C:\Users\fastr\AppData\Local\Temp\cce7iK0f.s:6020   .text.HAL_I2C_EV_IRQHandler:00000000 HAL_I2C_EV_IRQHandler
C:\Users\fastr\AppData\Local\Temp\cce7iK0f.s:6036   .text.HAL_I2C_MasterTxCpltCallback:00000000 $t
C:\Users\fastr\AppData\Local\Temp\cce7iK0f.s:6042   .text.HAL_I2C_MasterTxCpltCallback:00000000 HAL_I2C_MasterTxCpltCallback
C:\Users\fastr\AppData\Local\Temp\cce7iK0f.s:6050   .text.HAL_I2C_MasterRxCpltCallback:00000000 $t
C:\Users\fastr\AppData\Local\Temp\cce7iK0f.s:6056   .text.HAL_I2C_MasterRxCpltCallback:00000000 HAL_I2C_MasterRxCpltCallback
C:\Users\fastr\AppData\Local\Temp\cce7iK0f.s:6064   .text.I2C_ITMasterSeqCplt:00000000 $t
C:\Users\fastr\AppData\Local\Temp\cce7iK0f.s:6069   .text.I2C_ITMasterSeqCplt:00000000 I2C_ITMasterSeqCplt
C:\Users\fastr\AppData\Local\Temp\cce7iK0f.s:6114   .text.HAL_I2C_SlaveTxCpltCallback:00000000 $t
C:\Users\fastr\AppData\Local\Temp\cce7iK0f.s:6120   .text.HAL_I2C_SlaveTxCpltCallback:00000000 HAL_I2C_SlaveTxCpltCallback
C:\Users\fastr\AppData\Local\Temp\cce7iK0f.s:6128   .text.HAL_I2C_SlaveRxCpltCallback:00000000 $t
C:\Users\fastr\AppData\Local\Temp\cce7iK0f.s:6134   .text.HAL_I2C_SlaveRxCpltCallback:00000000 HAL_I2C_SlaveRxCpltCallback
C:\Users\fastr\AppData\Local\Temp\cce7iK0f.s:6142   .text.I2C_ITSlaveSeqCplt:00000000 $t
C:\Users\fastr\AppData\Local\Temp\cce7iK0f.s:6147   .text.I2C_ITSlaveSeqCplt:00000000 I2C_ITSlaveSeqCplt
C:\Users\fastr\AppData\Local\Temp\cce7iK0f.s:6216   .text.I2C_ITSlaveSeqCplt:0000007c $d
C:\Users\fastr\AppData\Local\Temp\cce7iK0f.s:6220   .text.I2C_DMASlaveTransmitCplt:00000000 $t
C:\Users\fastr\AppData\Local\Temp\cce7iK0f.s:6250   .text.I2C_DMASlaveTransmitCplt:00000024 $d
C:\Users\fastr\AppData\Local\Temp\cce7iK0f.s:6253   .text.I2C_DMASlaveReceiveCplt:00000000 $t
C:\Users\fastr\AppData\Local\Temp\cce7iK0f.s:6286   .text.I2C_DMASlaveReceiveCplt:00000028 $d
C:\Users\fastr\AppData\Local\Temp\cce7iK0f.s:6290   .text.HAL_I2C_AddrCallback:00000000 $t
C:\Users\fastr\AppData\Local\Temp\cce7iK0f.s:6296   .text.HAL_I2C_AddrCallback:00000000 HAL_I2C_AddrCallback
C:\Users\fastr\AppData\Local\Temp\cce7iK0f.s:6304   .text.I2C_ITAddrCplt:00000000 $t
C:\Users\fastr\AppData\Local\Temp\cce7iK0f.s:6309   .text.I2C_ITAddrCplt:00000000 I2C_ITAddrCplt
C:\Users\fastr\AppData\Local\Temp\cce7iK0f.s:6400   .text.HAL_I2C_ListenCpltCallback:00000000 $t
C:\Users\fastr\AppData\Local\Temp\cce7iK0f.s:6406   .text.HAL_I2C_ListenCpltCallback:00000000 HAL_I2C_ListenCpltCallback
C:\Users\fastr\AppData\Local\Temp\cce7iK0f.s:6414   .text.I2C_ITListenCplt:00000000 $t
C:\Users\fastr\AppData\Local\Temp\cce7iK0f.s:6419   .text.I2C_ITListenCplt:00000000 I2C_ITListenCplt
C:\Users\fastr\AppData\Local\Temp\cce7iK0f.s:6473   .text.I2C_ITListenCplt:00000060 $d
C:\Users\fastr\AppData\Local\Temp\cce7iK0f.s:6477   .text.HAL_I2C_MemTxCpltCallback:00000000 $t
ARM GAS  C:\Users\fastr\AppData\Local\Temp\cce7iK0f.s 			page 154


C:\Users\fastr\AppData\Local\Temp\cce7iK0f.s:6483   .text.HAL_I2C_MemTxCpltCallback:00000000 HAL_I2C_MemTxCpltCallback
C:\Users\fastr\AppData\Local\Temp\cce7iK0f.s:6491   .text.HAL_I2C_MemRxCpltCallback:00000000 $t
C:\Users\fastr\AppData\Local\Temp\cce7iK0f.s:6497   .text.HAL_I2C_MemRxCpltCallback:00000000 HAL_I2C_MemRxCpltCallback
C:\Users\fastr\AppData\Local\Temp\cce7iK0f.s:6505   .text.HAL_I2C_ErrorCallback:00000000 $t
C:\Users\fastr\AppData\Local\Temp\cce7iK0f.s:6511   .text.HAL_I2C_ErrorCallback:00000000 HAL_I2C_ErrorCallback
C:\Users\fastr\AppData\Local\Temp\cce7iK0f.s:6519   .text.HAL_I2C_AbortCpltCallback:00000000 $t
C:\Users\fastr\AppData\Local\Temp\cce7iK0f.s:6525   .text.HAL_I2C_AbortCpltCallback:00000000 HAL_I2C_AbortCpltCallback
C:\Users\fastr\AppData\Local\Temp\cce7iK0f.s:6533   .text.I2C_TreatErrorCallback:00000000 $t
C:\Users\fastr\AppData\Local\Temp\cce7iK0f.s:6538   .text.I2C_TreatErrorCallback:00000000 I2C_TreatErrorCallback
C:\Users\fastr\AppData\Local\Temp\cce7iK0f.s:6566   .text.I2C_ITError:00000000 $t
C:\Users\fastr\AppData\Local\Temp\cce7iK0f.s:6571   .text.I2C_ITError:00000000 I2C_ITError
C:\Users\fastr\AppData\Local\Temp\cce7iK0f.s:6723   .text.I2C_ITError:0000011c $d
C:\Users\fastr\AppData\Local\Temp\cce7iK0f.s:6731   .text.I2C_ITSlaveCplt:00000000 $t
C:\Users\fastr\AppData\Local\Temp\cce7iK0f.s:6736   .text.I2C_ITSlaveCplt:00000000 I2C_ITSlaveCplt
C:\Users\fastr\AppData\Local\Temp\cce7iK0f.s:6983   .text.I2C_ITSlaveCplt:000001d8 $d
C:\Users\fastr\AppData\Local\Temp\cce7iK0f.s:6992   .text.I2C_Slave_ISR_IT:00000000 $t
C:\Users\fastr\AppData\Local\Temp\cce7iK0f.s:7175   .text.I2C_Slave_ISR_IT:00000140 $d
C:\Users\fastr\AppData\Local\Temp\cce7iK0f.s:7178   .text.I2C_ITMasterCplt:00000000 $t
C:\Users\fastr\AppData\Local\Temp\cce7iK0f.s:7183   .text.I2C_ITMasterCplt:00000000 I2C_ITMasterCplt
C:\Users\fastr\AppData\Local\Temp\cce7iK0f.s:7332   .text.I2C_ITMasterCplt:00000114 $d
C:\Users\fastr\AppData\Local\Temp\cce7iK0f.s:7336   .text.I2C_Master_ISR_IT:00000000 $t
C:\Users\fastr\AppData\Local\Temp\cce7iK0f.s:7561   .text.I2C_Master_ISR_IT:00000190 $d
C:\Users\fastr\AppData\Local\Temp\cce7iK0f.s:7564   .text.I2C_Mem_ISR_DMA:00000000 $t
C:\Users\fastr\AppData\Local\Temp\cce7iK0f.s:7802   .text.I2C_Mem_ISR_DMA:000001ac $d
C:\Users\fastr\AppData\Local\Temp\cce7iK0f.s:7806   .text.I2C_Slave_ISR_DMA:00000000 $t
C:\Users\fastr\AppData\Local\Temp\cce7iK0f.s:7983   .text.I2C_Slave_ISR_DMA:0000012c $d
C:\Users\fastr\AppData\Local\Temp\cce7iK0f.s:7986   .text.I2C_Master_ISR_DMA:00000000 $t
C:\Users\fastr\AppData\Local\Temp\cce7iK0f.s:8170   .text.I2C_Master_ISR_DMA:00000144 $d
C:\Users\fastr\AppData\Local\Temp\cce7iK0f.s:8173   .text.I2C_DMAError:00000000 $t
C:\Users\fastr\AppData\Local\Temp\cce7iK0f.s:8195   .text.I2C_DMAMasterTransmitCplt:00000000 $t
C:\Users\fastr\AppData\Local\Temp\cce7iK0f.s:8253   .text.I2C_DMAMasterTransmitCplt:0000005c $d
C:\Users\fastr\AppData\Local\Temp\cce7iK0f.s:8256   .text.I2C_DMAMasterReceiveCplt:00000000 $t
C:\Users\fastr\AppData\Local\Temp\cce7iK0f.s:8322   .text.I2C_DMAMasterReceiveCplt:00000068 $d
C:\Users\fastr\AppData\Local\Temp\cce7iK0f.s:8325   .text.I2C_Mem_ISR_IT:00000000 $t
C:\Users\fastr\AppData\Local\Temp\cce7iK0f.s:8557   .text.I2C_Mem_ISR_IT:0000019c $d
C:\Users\fastr\AppData\Local\Temp\cce7iK0f.s:8561   .text.HAL_I2C_ER_IRQHandler:00000000 $t
C:\Users\fastr\AppData\Local\Temp\cce7iK0f.s:8567   .text.HAL_I2C_ER_IRQHandler:00000000 HAL_I2C_ER_IRQHandler
C:\Users\fastr\AppData\Local\Temp\cce7iK0f.s:8624   .text.I2C_DMAAbort:00000000 $t
C:\Users\fastr\AppData\Local\Temp\cce7iK0f.s:8651   .text.HAL_I2C_GetState:00000000 $t
C:\Users\fastr\AppData\Local\Temp\cce7iK0f.s:8657   .text.HAL_I2C_GetState:00000000 HAL_I2C_GetState
C:\Users\fastr\AppData\Local\Temp\cce7iK0f.s:8668   .text.HAL_I2C_GetMode:00000000 $t
C:\Users\fastr\AppData\Local\Temp\cce7iK0f.s:8674   .text.HAL_I2C_GetMode:00000000 HAL_I2C_GetMode
C:\Users\fastr\AppData\Local\Temp\cce7iK0f.s:8685   .text.HAL_I2C_GetError:00000000 $t
C:\Users\fastr\AppData\Local\Temp\cce7iK0f.s:8691   .text.HAL_I2C_GetError:00000000 HAL_I2C_GetError

UNDEFINED SYMBOLS
HAL_GetTick
HAL_DMA_Start_IT
HAL_DMA_Abort_IT
HAL_DMA_GetState
